isotope	grid_index	qpt_ang	effective_mass_amu
H	0	-0.8223089169041753	2.249159196785361
H	1	-0.821281030758045	2.249159196785361
H	2	-0.8202531446119149	2.249159196785361
H	3	-0.8192252584657846	2.249159196785361
H	4	-0.8181973723196544	2.249159196785361
H	5	-0.8171694861735241	2.249159196785361
H	6	-0.816141600027394	2.249159196785361
H	7	-0.8151137138812637	2.249159196785361
H	8	-0.8140858277351335	2.249159196785361
H	9	-0.8130579415890034	2.249159196785361
H	10	-0.8120300554428731	2.249159196785361
H	11	-0.8110021692967428	2.249159196785361
H	12	-0.8099742831506127	2.249159196785361
H	13	-0.8089463970044825	2.249159196785361
H	14	-0.8079185108583522	2.249159196785361
H	15	-0.8068906247122221	2.249159196785361
H	16	-0.8058627385660918	2.249159196785361
H	17	-0.8048348524199616	2.249159196785361
H	18	-0.8038069662738313	2.249159196785361
H	19	-0.8027790801277012	2.249159196785361
H	20	-0.8017511939815709	2.249159196785361
H	21	-0.8007233078354407	2.249159196785361
H	22	-0.7996954216893105	2.249159196785361
H	23	-0.7986675355431803	2.249159196785361
H	24	-0.79763964939705	2.249159196785361
H	25	-0.7966117632509199	2.249159196785361
H	26	-0.7955838771047896	2.249159196785361
H	27	-0.7945559909586594	2.249159196785361
H	28	-0.7935281048125291	2.249159196785361
H	29	-0.792500218666399	2.249159196785361
H	30	-0.7914723325202687	2.249159196785361
H	31	-0.7904444463741385	2.249159196785361
H	32	-0.7894165602280083	2.249159196785361
H	33	-0.7883886740818781	2.249159196785361
H	34	-0.7873607879357478	2.249159196785361
H	35	-0.7863329017896177	2.249159196785361
H	36	-0.7853050156434874	2.249159196785361
H	37	-0.7842771294973572	2.249159196785361
H	38	-0.7832492433512269	2.249159196785361
H	39	-0.7822213572050968	2.249159196785361
H	40	-0.7811934710589665	2.249159196785361
H	41	-0.7801655849128363	2.249159196785361
H	42	-0.7791376987667061	2.249159196785361
H	43	-0.7781098126205759	2.249159196785361
H	44	-0.7770819264744456	2.249159196785361
H	45	-0.7760540403283155	2.249159196785361
H	46	-0.7750261541821852	2.249159196785361
H	47	-0.773998268036055	2.249159196785361
H	48	-0.7729703818899247	2.249159196785361
H	49	-0.7719424957437946	2.249159196785361
H	50	-0.7709146095976643	2.249159196785361
H	51	-0.7698867234515341	2.249159196785361
H	52	-0.7688588373054039	2.249159196785361
H	53	-0.7678309511592737	2.249159196785361
H	54	-0.7668030650131434	2.249159196785361
H	55	-0.7657751788670133	2.249159196785361
H	56	-0.764747292720883	2.249159196785361
H	57	-0.7637194065747528	2.249159196785361
H	58	-0.7626915204286225	2.249159196785361
H	59	-0.7616636342824924	2.249159196785361
H	60	-0.7606357481363621	2.249159196785361
H	61	-0.7596078619902319	2.249159196785361
H	62	-0.7585799758441018	2.249159196785361
H	63	-0.7575520896979715	2.249159196785361
H	64	-0.7565242035518412	2.249159196785361
H	65	-0.755496317405711	2.249159196785361
H	66	-0.7544684312595809	2.249159196785361
H	67	-0.7534405451134506	2.249159196785361
H	68	-0.7524126589673203	2.249159196785361
H	69	-0.7513847728211902	2.249159196785361
H	70	-0.75035688667506	2.249159196785361
H	71	-0.7493290005289297	2.249159196785361
H	72	-0.7483011143827996	2.249159196785361
H	73	-0.7472732282366693	2.249159196785361
H	74	-0.746245342090539	2.249159196785361
H	75	-0.7452174559444089	2.249159196785361
H	76	-0.7441895697982787	2.249159196785361
H	77	-0.7431616836521484	2.249159196785361
H	78	-0.7421337975060183	2.249159196785361
H	79	-0.741105911359888	2.249159196785361
H	80	-0.7400780252137578	2.249159196785361
H	81	-0.7390501390676275	2.249159196785361
H	82	-0.7380222529214974	2.249159196785361
H	83	-0.7369943667753671	2.249159196785361
H	84	-0.7359664806292369	2.249159196785361
H	85	-0.7349385944831067	2.249159196785361
H	86	-0.7339107083369765	2.249159196785361
H	87	-0.7328828221908462	2.249159196785361
H	88	-0.731854936044716	2.249159196785361
H	89	-0.7308270498985858	2.249159196785361
H	90	-0.7297991637524556	2.249159196785361
H	91	-0.7287712776063253	2.249159196785361
H	92	-0.7277433914601952	2.249159196785361
H	93	-0.7267155053140649	2.249159196785361
H	94	-0.7256876191679347	2.249159196785361
H	95	-0.7246597330218045	2.249159196785361
H	96	-0.7236318468756743	2.249159196785361
H	97	-0.722603960729544	2.249159196785361
H	98	-0.7215760745834139	2.249159196785361
H	99	-0.7205481884372836	2.249159196785361
H	100	-0.7195203022911534	2.249159196785361
H	101	-0.7184924161450231	2.249159196785361
H	102	-0.717464529998893	2.249159196785361
H	103	-0.7164366438527627	2.249159196785361
H	104	-0.7154087577066325	2.249159196785361
H	105	-0.7143808715605023	2.249159196785361
H	106	-0.7133529854143721	2.249159196785361
H	107	-0.7123250992682418	2.249159196785361
H	108	-0.7112972131221116	2.249159196785361
H	109	-0.7102693269759814	2.249159196785361
H	110	-0.7092414408298512	2.249159196785361
H	111	-0.7082135546837209	2.249159196785361
H	112	-0.7071856685375908	2.249159196785361
H	113	-0.7061577823914605	2.249159196785361
H	114	-0.7051298962453303	2.249159196785361
H	115	-0.7041020100992001	2.249159196785361
H	116	-0.7030741239530699	2.249159196785361
H	117	-0.7020462378069396	2.249159196785361
H	118	-0.7010183516608095	2.249159196785361
H	119	-0.6999904655146792	2.249159196785361
H	120	-0.698962579368549	2.249159196785361
H	121	-0.6979346932224187	2.249159196785361
H	122	-0.6969068070762886	2.249159196785361
H	123	-0.6958789209301584	2.249159196785361
H	124	-0.6948510347840281	2.249159196785361
H	125	-0.6938231486378978	2.249159196785361
H	126	-0.6927952624917677	2.249159196785361
H	127	-0.6917673763456375	2.249159196785361
H	128	-0.6907394901995072	2.249159196785361
H	129	-0.6897116040533771	2.249159196785361
H	130	-0.6886837179072468	2.249159196785361
H	131	-0.6876558317611166	2.249159196785361
H	132	-0.6866279456149864	2.249159196785361
H	133	-0.6856000594688562	2.249159196785361
H	134	-0.6845721733227259	2.249159196785361
H	135	-0.6835442871765958	2.249159196785361
H	136	-0.6825164010304655	2.249159196785361
H	137	-0.6814885148843353	2.249159196785361
H	138	-0.6804606287382051	2.249159196785361
H	139	-0.6794327425920749	2.249159196785361
H	140	-0.6784048564459446	2.249159196785361
H	141	-0.6773769702998145	2.249159196785361
H	142	-0.6763490841536842	2.249159196785361
H	143	-0.675321198007554	2.249159196785361
H	144	-0.6742933118614237	2.249159196785361
H	145	-0.6732654257152935	2.249159196785361
H	146	-0.6722375395691633	2.249159196785361
H	147	-0.6712096534230331	2.249159196785361
H	148	-0.6701817672769028	2.249159196785361
H	149	-0.6691538811307727	2.249159196785361
H	150	-0.6681259949846424	2.249159196785361
H	151	-0.6670981088385122	2.249159196785361
H	152	-0.666070222692382	2.249159196785361
H	153	-0.6650423365462518	2.249159196785361
H	154	-0.6640144504001215	2.249159196785361
H	155	-0.6629865642539914	2.249159196785361
H	156	-0.6619586781078611	2.249159196785361
H	157	-0.6609307919617309	2.249159196785361
H	158	-0.6599029058156007	2.249159196785361
H	159	-0.6588750196694705	2.249159196785361
H	160	-0.6578471335233402	2.249159196785361
H	161	-0.6568192473772101	2.249159196785361
H	162	-0.6557913612310798	2.249159196785361
H	163	-0.6547634750849496	2.249159196785361
H	164	-0.6537355889388193	2.249159196785361
H	165	-0.6527077027926892	2.249159196785361
H	166	-0.6516798166465589	2.249159196785361
H	167	-0.6506519305004287	2.249159196785361
H	168	-0.6496240443542984	2.249159196785361
H	169	-0.6485961582081683	2.249159196785361
H	170	-0.647568272062038	2.249159196785361
H	171	-0.6465403859159078	2.249159196785361
H	172	-0.6455124997697776	2.249159196785361
H	173	-0.6444846136236474	2.249159196785361
H	174	-0.6434567274775171	2.249159196785361
H	175	-0.642428841331387	2.249159196785361
H	176	-0.6414009551852567	2.249159196785361
H	177	-0.6403730690391265	2.249159196785361
H	178	-0.6393451828929964	2.249159196785361
H	179	-0.6383172967468661	2.249159196785361
H	180	-0.6372894106007359	2.249159196785361
H	181	-0.6362615244546057	2.249159196785361
H	182	-0.6352336383084755	2.249159196785361
H	183	-0.6342057521623452	2.249159196785361
H	184	-0.633177866016215	2.249159196785361
H	185	-0.6321499798700848	2.249159196785361
H	186	-0.6311220937239546	2.249159196785361
H	187	-0.6300942075778243	2.249159196785361
H	188	-0.629066321431694	2.249159196785361
H	189	-0.6280384352855639	2.249159196785361
H	190	-0.6270105491394337	2.249159196785361
H	191	-0.6259826629933034	2.249159196785361
H	192	-0.6249547768471733	2.249159196785361
H	193	-0.623926890701043	2.249159196785361
H	194	-0.6228990045549128	2.249159196785361
H	195	-0.6218711184087826	2.249159196785361
H	196	-0.6208432322626524	2.249159196785361
H	197	-0.6198153461165221	2.249159196785361
H	198	-0.618787459970392	2.249159196785361
H	199	-0.6177595738242617	2.249159196785361
H	200	-0.6167316876781315	2.249159196785361
H	201	-0.6157038015320013	2.249159196785361
H	202	-0.6146759153858711	2.249159196785361
H	203	-0.6136480292397408	2.249159196785361
H	204	-0.6126201430936106	2.249159196785361
H	205	-0.6115922569474804	2.249159196785361
H	206	-0.6105643708013502	2.249159196785361
H	207	-0.6095364846552199	2.249159196785361
H	208	-0.6085085985090897	2.249159196785361
H	209	-0.6074807123629595	2.249159196785361
H	210	-0.6064528262168293	2.249159196785361
H	211	-0.605424940070699	2.249159196785361
H	212	-0.6043970539245689	2.249159196785361
H	213	-0.6033691677784386	2.249159196785361
H	214	-0.6023412816323084	2.249159196785361
H	215	-0.6013133954861782	2.249159196785361
H	216	-0.600285509340048	2.249159196785361
H	217	-0.5992576231939177	2.249159196785361
H	218	-0.5982297370477876	2.249159196785361
H	219	-0.5972018509016573	2.249159196785361
H	220	-0.5961739647555271	2.249159196785361
H	221	-0.595146078609397	2.249159196785361
H	222	-0.5941181924632667	2.249159196785361
H	223	-0.5930903063171364	2.249159196785361
H	224	-0.5920624201710063	2.249159196785361
H	225	-0.591034534024876	2.249159196785361
H	226	-0.5900066478787458	2.249159196785361
H	227	-0.5889787617326155	2.249159196785361
H	228	-0.5879508755864853	2.249159196785361
H	229	-0.5869229894403551	2.249159196785361
H	230	-0.5858951032942249	2.249159196785361
H	231	-0.5848672171480946	2.249159196785361
H	232	-0.5838393310019645	2.249159196785361
H	233	-0.5828114448558342	2.249159196785361
H	234	-0.581783558709704	2.249159196785361
H	235	-0.5807556725635739	2.249159196785361
H	236	-0.5797277864174436	2.249159196785361
H	237	-0.5786999002713133	2.249159196785361
H	238	-0.5776720141251832	2.249159196785361
H	239	-0.576644127979053	2.249159196785361
H	240	-0.5756162418329227	2.249159196785361
H	241	-0.5745883556867926	2.249159196785361
H	242	-0.5735604695406623	2.249159196785361
H	243	-0.5725325833945321	2.249159196785361
H	244	-0.5715046972484019	2.249159196785361
H	245	-0.5704768111022716	2.249159196785361
H	246	-0.5694489249561414	2.249159196785361
H	247	-0.5684210388100113	2.249159196785361
H	248	-0.5673931526638809	2.249159196785361
H	249	-0.5663652665177508	2.249159196785361
H	250	-0.5653373803716205	2.249159196785361
H	251	-0.5643094942254903	2.249159196785361
H	252	-0.5632816080793601	2.249159196785361
H	253	-0.5622537219332299	2.249159196785361
H	254	-0.5612258357870996	2.249159196785361
H	255	-0.5601979496409695	2.249159196785361
H	256	-0.5591700634948392	2.249159196785361
H	257	-0.558142177348709	2.249159196785361
H	258	-0.5571142912025788	2.249159196785361
H	259	-0.5560864050564486	2.249159196785361
H	260	-0.5550585189103183	2.249159196785361
H	261	-0.5540306327641882	2.249159196785361
H	262	-0.5530027466180579	2.249159196785361
H	263	-0.5519748604719277	2.249159196785361
H	264	-0.5509469743257975	2.249159196785361
H	265	-0.5499190881796672	2.249159196785361
H	266	-0.548891202033537	2.249159196785361
H	267	-0.5478633158874069	2.249159196785361
H	268	-0.5468354297412765	2.249159196785361
H	269	-0.5458075435951464	2.249159196785361
H	270	-0.5447796574490161	2.249159196785361
H	271	-0.5437517713028859	2.249159196785361
H	272	-0.5427238851567557	2.249159196785361
H	273	-0.5416959990106255	2.249159196785361
H	274	-0.5406681128644952	2.249159196785361
H	275	-0.5396402267183651	2.249159196785361
H	276	-0.5386123405722348	2.249159196785361
H	277	-0.5375844544261046	2.249159196785361
H	278	-0.5365565682799744	2.249159196785361
H	279	-0.5355286821338442	2.249159196785361
H	280	-0.5345007959877139	2.249159196785361
H	281	-0.5334729098415838	2.249159196785361
H	282	-0.5324450236954535	2.249159196785361
H	283	-0.5314171375493233	2.249159196785361
H	284	-0.5303892514031932	2.249159196785361
H	285	-0.5293613652570628	2.249159196785361
H	286	-0.5283334791109326	2.249159196785361
H	287	-0.5273055929648025	2.249159196785361
H	288	-0.5262777068186721	2.249159196785361
H	289	-0.525249820672542	2.249159196785361
H	290	-0.5242219345264117	2.249159196785361
H	291	-0.5231940483802815	2.249159196785361
H	292	-0.5221661622341514	2.249159196785361
H	293	-0.5211382760880211	2.249159196785361
H	294	-0.5201103899418908	2.249159196785361
H	295	-0.5190825037957607	2.249159196785361
H	296	-0.5180546176496305	2.249159196785361
H	297	-0.5170267315035002	2.249159196785361
H	298	-0.5159988453573701	2.249159196785361
H	299	-0.5149709592112398	2.249159196785361
H	300	-0.5139430730651096	2.249159196785361
H	301	-0.5129151869189794	2.249159196785361
H	302	-0.5118873007728492	2.249159196785361
H	303	-0.5108594146267189	2.249159196785361
H	304	-0.5098315284805888	2.249159196785361
H	305	-0.5088036423344584	2.249159196785361
H	306	-0.5077757561883283	2.249159196785361
H	307	-0.5067478700421981	2.249159196785361
H	308	-0.5057199838960678	2.249159196785361
H	309	-0.5046920977499376	2.249159196785361
H	310	-0.5036642116038074	2.249159196785361
H	311	-0.5026363254576771	2.249159196785361
H	312	-0.501608439311547	2.249159196785361
H	313	-0.5005805531654167	2.249159196785361
H	314	-0.4995526670192865	2.249159196785361
H	315	-0.49852478087315627	2.249159196785361
H	316	-0.4974968947270261	2.249159196785361
H	317	-0.4964690085808959	2.249159196785361
H	318	-0.4954411224347656	2.249159196785361
H	319	-0.4944132362886354	2.249159196785361
H	320	-0.4933853501425052	2.249159196785361
H	321	-0.492357463996375	2.249159196785361
H	322	-0.4913295778502448	2.249159196785361
H	323	-0.49030169170411453	2.249159196785361
H	324	-0.48927380555798433	2.249159196785361
H	325	-0.48824591941185413	2.249159196785361
H	326	-0.4872180332657239	2.249159196785361
H	327	-0.4861901471195937	2.249159196785361
H	328	-0.48516226097346343	2.249159196785361
H	329	-0.48413437482733324	2.249159196785361
H	330	-0.48310648868120304	2.249159196785361
H	331	-0.4820786025350728	2.2490029386660724
H	332	-0.4810507163889426	2.2487173842228887
H	333	-0.48002283024281234	2.248302563892743
H	334	-0.47899494409668214	2.2477585218956078
H	335	-0.47796705795055194	2.247085316234491
H	336	-0.4769391718044217	2.246283018695439
H	337	-0.4759112856582915	2.2453517148475357
H	338	-0.47488339951216124	2.244291504042902
H	339	-0.47385551336603104	2.243102499416697
H	340	-0.47282762721990085	2.241784827887116
H	341	-0.4717997410737706	2.2403386301553923
H	342	-0.4707718549276404	2.238764060705798
H	343	-0.46974396878151015	2.23706128780564
H	344	-0.46871608263537995	2.2352304935052647
H	345	-0.46768819648924975	2.233271873638056
H	346	-0.4666603103431195	2.2311856378204338
H	347	-0.4656324241969893	2.2289720094518564
H	348	-0.46460453805085905	2.2266312257148186
H	349	-0.46357665190472885	2.224163537574855
H	350	-0.46254876575859866	2.221569209780535
H	351	-0.4615208796124684	2.2188485208634665
H	352	-0.4604929934663382	2.216001763138295
H	353	-0.45946510732020795	2.213029242702703
H	354	-0.45843722117407776	2.209931279437411
H	355	-0.45740933502794756	2.2067082070061774
H	356	-0.4563814488818173	2.203360372855796
H	357	-0.4553535627356871	2.1998881382161004
H	358	-0.45432567658955686	2.1962918780999594
H	359	-0.45329779044342666	2.1925719813032822
H	360	-0.45226990429729647	2.1887288504050124
H	361	-0.4512420181511662	2.184762901767132
H	362	-0.450214132005036	2.1806745655346624
H	363	-0.44918624585890576	2.1764642856356593
H	364	-0.44815835971277557	2.1721325197812185
H	365	-0.44713047356664537	2.1676797394654708
H	366	-0.4461025874205151	2.1631064299655867
H	367	-0.4450747012743849	2.158413090341773
H	368	-0.44404681512825467	2.1536002334372744
H	369	-0.44301892898212447	2.1486683858783717
H	370	-0.4419910428359943	2.143618088074387
H	371	-0.440963156689864	2.1384498942176733
H	372	-0.4399352705437338	2.1331643722836278
H	373	-0.4389073843976036	2.1277621040306807
H	374	-0.4378794982514734	2.122243685000302
H	375	-0.4368516121053432	2.116609724516997
H	376	-0.4358237259592129	2.1108608456883102
H	377	-0.43479583981308273	2.1049976854048245
H	378	-0.4337679536669525	2.099020894340157
H	379	-0.4327400675208223	2.0929311369509636
H	380	-0.4317121813746921	2.0867290914769407
H	381	-0.43068429522856183	2.080415449940817
H	382	-0.42965640908243163	2.073990918148363
H	383	-0.4286285229363014	2.0674562156883827
H	384	-0.4276006367901712	2.0608120759327218
H	385	-0.426572750644041	2.0540592460362608
H	386	-0.42554486449791074	2.0471984869369173
H	387	-0.42451697835178054	2.0402305733556476
H	388	-0.4234890922056503	2.033156293796445
H	389	-0.4224612060595201	2.0259764505463407
H	390	-0.4214333199133899	2.0186918596754033
H	391	-0.42040543376725964	2.0113033510367364
H	392	-0.41937754762112944	2.003811768266485
H	393	-0.4183496614749992	1.996217968783829
H	394	-0.417321775328869	1.988522823790987
H	395	-0.4162938891827388	1.980727218273214
H	396	-0.41526600303660854	1.9728320509988024
H	397	-0.41423811689047835	1.9648382345190836
H	398	-0.4132102307443481	1.9567466951684245
H	399	-0.4121823445982179	1.9485583730642313
H	400	-0.4111544584520877	1.9402742221069458
H	401	-0.41012657230595745	1.9318952099800477
H	402	-0.40909868615982725	1.923422318150056
H	403	-0.408070800013697	1.9148565418665244
H	404	-0.4070429138675668	1.9061988901620461
H	405	-0.4060150277214366	1.8974503858522516
H	406	-0.40498714157530635	1.8886120655358059
H	407	-0.40395925542917616	1.8796849795944166
H	408	-0.4029313692830459	1.870670192192824
H	409	-0.4019034831369157	1.8615687812788084
H	410	-0.4008755969907855	1.8523818385831872
H	411	-0.39984771084465526	1.8431104696198144
H	412	-0.39881982469852506	1.8337557936855826
H	413	-0.3977919385523948	1.8243189438604208
H	414	-0.3967640524062646	1.8148010670072963
H	415	-0.3957361662601344	1.8052033237722132
H	416	-0.39470828011400416	1.7955268885842124
H	417	-0.39368039396787396	1.785772949655375
H	418	-0.3926525078217437	1.775942708980816
H	419	-0.3916246216756135	1.7660373823386908
H	420	-0.3905967355294833	1.7560581992901905
H	421	-0.38956884938335307	1.7460064031795435
H	422	-0.38854096323722287	1.7358832511340165
H	423	-0.3875130770910926	1.7257042024925566
H	424	-0.3864851909449624	1.7155548119223742
H	425	-0.3854573047988322	1.70545318256712
H	426	-0.38442941865270197	1.6953991794002388
H	427	-0.3834015325065718	1.685392667797896
H	428	-0.3823736463604415	1.6754335135389724
H	429	-0.3813457602143113	1.6655215828050673
H	430	-0.3803178740681811	1.6556567421804975
H	431	-0.3792899879220509	1.6458388586522972
H	432	-0.3782621017759207	1.636067799610219
H	433	-0.3772342156297904	1.6263434328467323
H	434	-0.37620632948366023	1.6166656265570258
H	435	-0.37517844333753003	1.6070342493390042
H	436	-0.3741505571913998	1.5974491701932898
H	437	-0.3731226710452696	1.587910258523225
H	438	-0.37209478489913933	1.5784173841348665
H	439	-0.37106689875300913	1.5689704172369918
H	440	-0.37003901260687894	1.559569228441094
H	441	-0.3690111264607487	1.5502136887613847
H	442	-0.3679832403146185	1.5409036696147935
H	443	-0.36695535416848823	1.5316390428209665
H	444	-0.36592746802235804	1.5224196806022703
H	445	-0.36489958187622784	1.5132454555837849
H	446	-0.3638716957300976	1.5041162407933117
H	447	-0.3628438095839674	1.4950319096613678
H	448	-0.3618159234378372	1.4859923360211895
H	449	-0.36078803729170694	1.4769973941087287
H	450	-0.35976015114557675	1.4680469585626579
H	451	-0.3587322649994465	1.4591409044243637
H	452	-0.3577043788533163	1.450279107137954
H	453	-0.3566764927071861	1.4414614425502523
H	454	-0.35564860656105585	1.4326877869107995
H	455	-0.35462072041492565	1.4239580168718557
H	456	-0.3535928342687954	1.4152720094883975
H	457	-0.3525649481226652	1.4066296422181201
H	458	-0.351537061976535	1.3980307929214362
H	459	-0.35050917583040475	1.389475339861475
H	460	-0.34948128968427455	1.3809631617040856
H	461	-0.3484534035381443	1.372494137517832
H	462	-0.3474255173920141	1.3640681467739988
H	463	-0.3463976312458839	1.3556850693465865
H	464	-0.34536974509975366	1.3473447855123133
H	465	-0.34434185895362346	1.3390471759506162
H	466	-0.3433139728074932	1.3307921217436487
H	467	-0.342286086661363	1.3225795043762836
H	468	-0.3412582005152328	1.3144092057361094
H	469	-0.34023031436910256	1.3062811081134333
H	470	-0.33920242822297236	1.2981950942012805
H	471	-0.3381745420768421	1.2901510470953932
H	472	-0.3371466559307119	1.2821488502942324
H	473	-0.3361187697845817	1.2741883876989752
H	474	-0.33509088363845146	1.266269543613518
H	475	-0.33406299749232127	1.2583922027444738
H	476	-0.333035111346191	1.2505562502011727
H	477	-0.3320072252000608	1.2427615714956657
H	478	-0.3309793390539306	1.2350080525427174
H	479	-0.32995145290780037	1.2272955796598124
H	480	-0.32892356676167017	1.2196240395671534
H	481	-0.3278956806155399	1.2119933193876584
H	482	-0.3268677944694097	1.2044033066469666
H	483	-0.3258399083232795	1.1968538892734315
H	484	-0.3248120221771493	1.1893449555981261
H	485	-0.3237841360310191	1.1818763943548412
H	486	-0.3227562498848888	1.1744480946800842
H	487	-0.32172836373875857	1.167059946113081
H	488	-0.32070047759262843	1.1597118385957765
H	489	-0.3196725914464982	1.1524036624728295
H	490	-0.3186447053003679	1.1451353084916205
H	491	-0.3176168191542378	1.137906667802246
H	492	-0.31658893300810753	1.1307176319575194
H	493	-0.3155610468619773	1.1235680929129734
H	494	-0.31453316071584714	1.116457943026858
H	495	-0.3135052745697169	1.1093870750601396
H	496	-0.31247738842358663	1.102355382176503
H	497	-0.3114495022774564	1.0953627579423524
H	498	-0.31042161613132624	1.0884090963268083
H	499	-0.309393729985196	1.0814942917017072
H	500	-0.30836584383906573	1.0746182388416061
H	501	-0.3073379576929356	1.0677808329237795
H	502	-0.30631007154680534	1.0609819695282163
H	503	-0.3052821854006751	1.054221544637627
H	504	-0.30425429925454495	1.047499454637439
H	505	-0.3032264131084147	1.040815596315795
H	506	-0.30219852696228444	1.034169866863558
H	507	-0.3011706408161542	1.027562163874307
H	508	-0.30014275467002405	1.020992385344342
H	509	-0.2991148685238938	1.014460429672675
H	510	-0.29808698237776354	1.0079661956610402
H	511	-0.2970590962316334	1.001509582513889
H	512	-0.29603121008550315	0.9950904898383883
H	513	-0.2950033239393729	0.9887088176444245
H	514	-0.29397543779324276	0.9823644663446024
H	515	-0.2929475516471125	0.9760573367542417
H	516	-0.29191966550098225	0.9697873300913822
H	517	-0.2908917793548521	0.9635543479767816
H	518	-0.28986389320872186	0.9573582924339126
H	519	-0.2888360070625916	0.9511990658889689
H	520	-0.28780812091646135	0.9450765711708594
H	521	-0.2867802347703312	0.9389907115112132
H	522	-0.28575234862420096	0.9329413905443735
H	523	-0.2847244624780707	0.9269285123074049
H	524	-0.28369657633194056	0.9209519812400877
H	525	-0.2826686901858103	0.9150117021849193
H	526	-0.28164080403968006	0.9091075803871171
H	527	-0.2806129178935499	0.9032395214946152
H	528	-0.27958503174741967	0.8974074315580635
H	529	-0.2785571456012894	0.8916112170308321
H	530	-0.27752925945515916	0.8858507847690079
H	531	-0.276501373309029	0.8801260420313958
H	532	-0.27547348716289877	0.8744368964795174
H	533	-0.2744456010167685	0.868783256177613
H	534	-0.2734177148706384	0.8631650295926411
H	535	-0.2723898287245081	0.8575821255942758
H	536	-0.27136194257837787	0.8520344534549106
H	537	-0.2703340564322477	0.8465219228496572
H	538	-0.2693061702861175	0.8410444438563427
H	539	-0.2682782841399872	0.8356019269555142
H	540	-0.26725039799385697	0.8301942830304354
H	541	-0.26622251184772683	0.8248214233670883
H	542	-0.2651946257015966	0.8194832596541713
H	543	-0.2641667395554663	0.814179703983102
H	544	-0.2631388534093362	0.8089106688480158
H	545	-0.26211096726320593	0.8036760671457637
H	546	-0.2610830811170757	0.7984758121759165
H	547	-0.26005519497094554	0.7933098176407625
H	548	-0.2590273088248153	0.7881830155092142
H	549	-0.25799942267868503	0.7831021484924919
H	550	-0.2569715365325548	0.7780670161491806
H	551	-0.25594365038642464	0.7730773311154289
H	552	-0.2549157642402944	0.7681328069629357
H	553	-0.25388787809416413	0.7632331581989549
H	554	-0.252859991948034	0.7583781002662933
H	555	-0.25183210580190374	0.7535673495433086
H	556	-0.2508042196557735	0.7488006233439136
H	557	-0.24977633350964334	0.7440776399175735
H	558	-0.2487484473635131	0.7393981184493046
H	559	-0.24772056121738284	0.7347617790596783
H	560	-0.2466926750712526	0.730168342804818
H	561	-0.24566478892512245	0.7256175316764004
H	562	-0.2446369027789922	0.7211090686016535
H	563	-0.24360901663286194	0.7166426774433602
H	564	-0.2425811304867318	0.7122180829998557
H	565	-0.24155324434060155	0.7078350110050267
H	566	-0.2405253581944713	0.7034931881283144
H	567	-0.23949747204834115	0.699192341974713
H	568	-0.2384695859022109	0.6949322010847676
H	569	-0.23744169975608065	0.6907124949345785
H	570	-0.2364138136099504	0.6865329539357975
H	571	-0.23538592746382025	0.68239330943563
H	572	-0.23435804131769	0.6782932937168332
H	573	-0.23333015517155975	0.6742326399977183
H	574	-0.2323022690254296	0.6702110824321496
H	575	-0.23127438287929936	0.6662283561095423
H	576	-0.2302464967331691	0.6622841970548667
H	577	-0.22921861058703896	0.6583783422286453
H	578	-0.2281907244409087	0.6545105295269525
H	579	-0.22716283829477846	0.6506804977814168
H	580	-0.2261349521486482	0.6468879867592189
H	581	-0.22510706600251806	0.6431327371630933
H	582	-0.2240791798563878	0.6394144906313257
H	583	-0.22305129371025756	0.635732989737756
H	584	-0.22202340756412742	0.6320879779917772
H	585	-0.22099552141799716	0.6284791998383337
H	586	-0.2199676352718669	0.6249064006579241
H	587	-0.21893974912573677	0.6213693267665996
H	588	-0.21791186297960652	0.6178677254159637
H	589	-0.21688397683347627	0.6144013447931734
H	590	-0.21585609068734601	0.6109699340209385
H	591	-0.21482820454121587	0.6075732431575218
H	592	-0.21380031839508562	0.6042110231967381
H	593	-0.21277243224895537	0.6008830260679558
H	594	-0.21174454610282523	0.5975890046360968
H	595	-0.21071665995669497	0.5943287127016343
H	596	-0.20968877381056472	0.5911019050005955
H	597	-0.20866088766443458	0.5879083372045606
H	598	-0.20763300151830433	0.5847477659206615
H	599	-0.20660511537217408	0.5816199486915845
H	600	-0.20557722922604382	0.5785246439955676
H	601	-0.20454934307991368	0.5754616112464024
H	602	-0.20352145693378343	0.5724306107934328
H	603	-0.20249357078765318	0.569431403921556
H	604	-0.20146568464152304	0.5664637528512222
H	605	-0.20043779849539278	0.5635274207384335
H	606	-0.19940991234926253	0.5606221716747462
H	607	-0.1983820262031324	0.5577477706872689
H	608	-0.19735414005700214	0.5549039837386625
H	609	-0.19632625391087188	0.5520905777271414
H	610	-0.19529836776474163	0.5493073204864733
H	611	-0.1942704816186115	0.5465539807859783
H	612	-0.19324259547248124	0.5438303283305286
H	613	-0.19221470932635099	0.5411361337605504
H	614	-0.19118682318022084	0.5384711686520227
H	615	-0.1901589370340906	0.5358352055164766
H	616	-0.18913105088796034	0.5332280178009967
H	617	-0.1881031647418302	0.5306493798882206
H	618	-0.18707527859569995	0.5280990670963379
H	619	-0.1860473924495697	0.5255768556790921
H	620	-0.18501950630343944	0.5230825228257789
H	621	-0.1839916201573093	0.5206158466612478
H	622	-0.18296373401117905	0.5181766062458995
H	623	-0.1819358478650488	0.515764581575689
H	624	-0.18090796171891865	0.5133795535821241
H	625	-0.1798800755727884	0.5110213041322644
H	626	-0.17885218942665815	0.5086896160287235
H	627	-0.177824303280528	0.5063842730096679
H	628	-0.17679641713439775	0.5041050597488157
H	629	-0.1757685309882675	0.5018517618554394
H	630	-0.17474064484213725	0.4996241658743631
H	631	-0.1737127586960071	0.4974220592859653
H	632	-0.17268487254987686	0.4952452305061753
H	633	-0.1716569864037466	0.493093468886477
H	634	-0.17062910025761646	0.49096656471390693
H	635	-0.1696012141114862	0.4888643092110536
H	636	-0.16857332796535596	0.4867864945360592
H	637	-0.16754544181922582	0.48473291378261874
H	638	-0.16651755567309556	0.48270336097997935
H	639	-0.1654896695269653	0.48069763109294217
H	640	-0.16446178338083506	0.47871552002186046
H	641	-0.16343389723470492	0.4767568246026407
H	642	-0.16240601108857466	0.4748213426067417
H	643	-0.1613781249424444	0.4729088727411758
H	644	-0.16035023879631427	0.4710192146485084
H	645	-0.15932235265018402	0.4691521689068564
H	646	-0.15829446650405377	0.46730753702989103
H	647	-0.15726658035792362	0.46548512146683624
H	648	-0.15623869421179337	0.46368472560246765
H	649	-0.15521080806566312	0.4619061537571152
H	650	-0.15418292191953298	0.4601492111866611
H	651	-0.15315503577340273	0.45841370408254
H	652	-0.15212714962727247	0.45669943957174014
H	653	-0.15109926348114222	0.4550062257168024
H	654	-0.15007137733501208	0.4533338715158205
H	655	-0.14904349118888183	0.451682186902441
H	656	-0.14801560504275157	0.45005098274586325
H	657	-0.14698771889662143	0.4484400708508398
H	658	-0.14595983275049118	0.44684926395767566
H	659	-0.14493194660436093	0.44527837574222884
H	660	-0.1439040604582308	0.44372722081591076
H	661	-0.14287617431210053	0.4421956147256847
H	662	-0.14184828816597028	0.4406833739540677
H	663	-0.14082040201984003	0.43919031591912927
H	664	-0.1397925158737099	0.43771625897449207
H	665	-0.13876462972757964	0.4362610224093311
H	666	-0.13773674358144938	0.4348244264483748
H	667	-0.13670885743531924	0.43340629225190436
H	668	-0.135680971289189	0.43200644191575355
H	669	-0.13465308514305874	0.43062469847130913
H	670	-0.1336251989969286	0.42926088588551126
H	671	-0.13259731285079834	0.427914829060852
H	672	-0.1315694267046681	0.42658635383537713
H	673	-0.13054154055853784	0.4252752869826848
H	674	-0.1295136544124077	0.4239814562119267
H	675	-0.12848576826627744	0.4227046901678063
H	676	-0.1274578821201472	0.4214446623317992
H	677	-0.12642999597401705	0.420196292116502
H	678	-0.1254021098278868	0.4189571865191124
H	679	-0.12437422368175655	0.4177273536397471
H	680	-0.1233463375356264	0.4165068017186165
H	681	-0.12231845138949615	0.41529553913602407
H	682	-0.1212905652433659	0.414093574412367
H	683	-0.12026267909723565	0.4129009162081359
H	684	-0.1192347929511055	0.4117175733239149
H	685	-0.11820690680497525	0.41054355470038123
H	686	-0.117179020658845	0.4093788694183059
H	687	-0.11615113451271486	0.40822352669855344
H	688	-0.11512324836658461	0.4070775359020815
H	689	-0.11409536222045435	0.40594090652994136
H	690	-0.11306747607432421	0.40481364822327787
H	691	-0.11203958992819396	0.403695770763329
H	692	-0.11101170378206371	0.40258728407142663
H	693	-0.10998381763593346	0.4014881982089956
H	694	-0.10895593148980331	0.40039852337755466
H	695	-0.10792804534367306	0.3993182699187156
H	696	-0.10690015919754281	0.3982474483141839
H	697	-0.10587227305141267	0.3971860691857586
H	698	-0.10484438690528242	0.3961341432953317
H	699	-0.10381650075915216	0.39509168154488916
H	700	-0.10278861461302202	0.39405869497651036
H	701	-0.10176072846689177	0.39303519477236776
H	702	-0.10073284232076152	0.3920211922547275
H	703	-0.09970495617463127	0.39101669888594937
H	704	-0.09867707002850112	0.3900217262684862
H	705	-0.09764918388237087	0.3890362861448845
H	706	-0.09662129773624062	0.38806039039778417
H	707	-0.09559341159011048	0.38709405104991884
H	708	-0.09456552544398023	0.3861372802641151
H	709	-0.09353763929784997	0.3851900903432931
H	710	-0.09250975315171983	0.38425249373046705
H	711	-0.09148186700558958	0.38332450300874366
H	712	-0.09045398085945933	0.38240613090132386
H	713	-0.08942609471332907	0.38149739027150154
H	714	-0.08839820856719893	0.38059829412266455
H	715	-0.08737032242106868	0.3797088555982935
H	716	-0.08634243627493843	0.378829087981963
H	717	-0.08531455012880829	0.37795900469734095
H	718	-0.08428666398267803	0.37709861930818867
H	719	-0.08325877783654778	0.3762479455183608
H	720	-0.08223089169041764	0.37540699717180603
H	721	-0.08120300554428739	0.37457578825256566
H	722	-0.08017511939815714	0.3737543328847748
H	723	-0.07914723325202688	0.3729426453326622
H	724	-0.07811934710589674	0.37214074000055
H	725	-0.07709146095976649	0.3713486314328534
H	726	-0.07606357481363624	0.37056633431408154
H	727	-0.0750356886675061	0.36979386346883686
H	728	-0.07400780252137584	0.369031233861815
H	729	-0.07297991637524559	0.36827846059780545
H	730	-0.07195203022911545	0.367535558921691
H	731	-0.0709241440829852	0.3668025442184475
H	732	-0.06989625793685494	0.36607943201314486
H	733	-0.06886837179072469	0.36536623797094625
H	734	-0.06784048564459455	0.3646629778971081
H	735	-0.0668125994984643	0.3639696677369805
H	736	-0.06578471335233405	0.3632863235760066
H	737	-0.0647568272062039	0.3626129616397237
H	738	-0.06372894106007365	0.36194959829376183
H	739	-0.0627010549139434	0.36129625004384497
H	740	-0.06167316876781326	0.3606529335357904
H	741	-0.060645282621683005	0.3600196655555087
H	742	-0.05961739647555275	0.35939646302900397
H	743	-0.0585895103294225	0.358783343022374
H	744	-0.05756162418329236	0.35818032274180983
H	745	-0.05653373803716211	0.35758741953359585
H	746	-0.055505851891031854	0.35700465088410993
H	747	-0.05447796574490171	0.35643203441982374
H	748	-0.05345007959877146	0.35586958790730194
H	749	-0.05242219345264121	0.35531732925320275
H	750	-0.05139430730651107	0.35477527650427837
H	751	-0.050366421160380814	0.35424344784737344
H	752	-0.04933853501425056	0.35372186160942704
H	753	-0.04831064886812031	0.35321053625747095
H	754	-0.04728276272199017	0.352709490398631
H	755	-0.046254876575859916	0.3522187427801261
H	756	-0.04522699042972966	0.3517383122892687
H	757	-0.04419910428359952	0.3512682179534647
H	758	-0.04317121813746927	0.35080847894021344
H	759	-0.04214333199133902	0.3503591145571078
H	760	-0.041115445845208876	0.34992014425183393
H	761	-0.04008755969907862	0.34949158761217164
H	762	-0.03905967355294837	0.34907346436599407
H	763	-0.03803178740681812	0.34866579438126777
H	764	-0.03700390126068798	0.348268597666053
H	765	-0.035976015114557724	0.3478818943685031
H	766	-0.03494812896842747	0.34750570477686504
H	767	-0.03392024282229733	0.3471400493194793
H	768	-0.03289235667616708	0.3467849485647796
H	769	-0.031864470530036826	0.3464404232212935
H	770	-0.030836584383906684	0.34610649413764166
H	771	-0.029808698237776432	0.345783182302538
H	772	-0.02878081209164618	0.3454705088447907
H	773	-0.027752925945516038	0.3451684950333006
H	774	-0.026725039799385786	0.34487716227706233
H	775	-0.025697153653255533	0.3445965321251637
H	776	-0.02466926750712528	0.34432662626678656
H	777	-0.02364138136099514	0.3440674665312055
H	778	-0.022613495214864887	0.34381907488778907
H	779	-0.021585609068734635	0.34358147344599915
H	780	-0.020557722922604493	0.34335468445539086
H	781	-0.01952983677647424	0.3431387303056128
H	782	-0.01850195063034399	0.3429336335264075
H	783	-0.017474064484213847	0.34273941678761033
H	784	-0.016446178338083595	0.3425561028991504
H	785	-0.015418292191953342	0.34238371481105034
H	786	-0.01439040604582309	0.342222275613426
H	787	-0.013362519899692948	0.34207180853648683
H	788	-0.012334633753562696	0.3419323369505357
H	789	-0.011306747607432444	0.341803884365969
H	790	-0.010278861461302302	0.3416864744332765
H	791	-0.00925097531517205	0.3415801309430414
H	792	-0.008223089169041797	0.3414848778259403
H	793	-0.007195203022911656	0.3414007391527435
H	794	-0.0061673168767814035	0.34132773913431447
H	795	-0.005139430730651151	0.3412659021216101
H	796	-0.004111544584520899	0.34121525260568125
H	797	-0.0030836584383907573	0.3411758152176714
H	798	-0.002055772292260505	0.34114761472881827
H	799	-0.0010278861461302524	0.34113067605045266
H	800	-1.1102230246251565e-16	0.3411250242339987
H	801	0.0010278861461301414	0.34113067605045266
H	802	0.002055772292260394	0.34114761472881827
H	803	0.0030836584383905352	0.3411758152176714
H	804	0.004111544584520788	0.3412152526056812
H	805	0.00513943073065104	0.3412659021216101
H	806	0.0061673168767812925	0.34132773913431436
H	807	0.007195203022911434	0.3414007391527434
H	808	0.008223089169041686	0.3414848778259403
H	809	0.009250975315171939	0.3415801309430413
H	810	0.01027886146130208	0.3416864744332764
H	811	0.011306747607432333	0.341803884365969
H	812	0.012334633753562585	0.3419323369505357
H	813	0.013362519899692726	0.3420718085364868
H	814	0.014390406045822979	0.34222227561342594
H	815	0.015418292191953231	0.34238371481105023
H	816	0.016446178338083484	0.3425561028991504
H	817	0.017474064484213625	0.3427394167876103
H	818	0.018501950630343877	0.3429336335264075
H	819	0.01952983677647413	0.3431387303056128
H	820	0.02055772292260427	0.34335468445539075
H	821	0.021585609068734524	0.34358147344599915
H	822	0.022613495214864776	0.34381907488778907
H	823	0.023641381360994917	0.34406746653120546
H	824	0.02466926750712517	0.34432662626678656
H	825	0.025697153653255422	0.3445965321251637
H	826	0.026725039799385675	0.3448771622770622
H	827	0.027752925945515816	0.34516849503330055
H	828	0.02878081209164607	0.3454705088447907
H	829	0.02980869823777632	0.345783182302538
H	830	0.030836584383906462	0.3461064941376415
H	831	0.031864470530036715	0.3464404232212935
H	832	0.03289235667616697	0.34678494856477965
H	833	0.03392024282229711	0.3471400493194792
H	834	0.03494812896842736	0.347505704776865
H	835	0.035976015114557613	0.34788189436850303
H	836	0.037003901260687866	0.34826859766605295
H	837	0.03803178740681801	0.3486657943812678
H	838	0.03905967355294826	0.34907346436599396
H	839	0.04008755969907851	0.3494915876121716
H	840	0.041115445845208654	0.3499201442518338
H	841	0.042143331991338906	0.35035911455710766
H	842	0.04317121813746916	0.3508084789402134
H	843	0.0441991042835993	0.3512682179534646
H	844	0.04522699042972955	0.35173831228926866
H	845	0.046254876575859805	0.3522187427801261
H	846	0.04728276272199006	0.352709490398631
H	847	0.0483106488681202	0.35321053625747095
H	848	0.04933853501425045	0.353721861609427
H	849	0.0503664211603807	0.3542434478473734
H	850	0.051394307306510845	0.3547752765042782
H	851	0.0524221934526411	0.3553173292532027
H	852	0.05345007959877135	0.3558695879073019
H	853	0.05447796574490149	0.35643203441982363
H	854	0.05550585189103174	0.3570046508841098
H	855	0.056533738037161996	0.35758741953359574
H	856	0.05756162418329225	0.3581803227418098
H	857	0.05858951032942239	0.3587833430223739
H	858	0.05961739647555264	0.3593964630290039
H	859	0.060645282621682894	0.3600196655555086
H	860	0.061673168767813036	0.36065293353579025
H	861	0.06270105491394329	0.3612962500438448
H	862	0.06372894106007354	0.3619495982937617
H	863	0.06475682720620368	0.36261296163972356
H	864	0.06578471335233393	0.36328632357600654
H	865	0.06681259949846419	0.36396966773698036
H	866	0.06784048564459444	0.36466297789710805
H	867	0.06886837179072458	0.36536623797094614
H	868	0.06989625793685483	0.36607943201314486
H	869	0.07092414408298509	0.3668025442184474
H	870	0.07195203022911523	0.36753555892169076
H	871	0.07297991637524548	0.3682784605978054
H	872	0.07400780252137573	0.36903123386181497
H	873	0.07503568866750587	0.3697938634688367
H	874	0.07606357481363613	0.3705663343140815
H	875	0.07709146095976638	0.37134863143285324
H	876	0.07811934710589663	0.37214074000054986
H	877	0.07914723325202677	0.3729426453326621
H	878	0.08017511939815702	0.3737543328847747
H	879	0.08120300554428728	0.37457578825256554
H	880	0.08223089169041742	0.3754069971718058
H	881	0.08325877783654767	0.37624794551836077
H	882	0.08428666398267792	0.37709861930818855
H	883	0.08531455012880806	0.3779590046973408
H	884	0.08634243627493832	0.37882908798196285
H	885	0.08737032242106857	0.37970885559829337
H	886	0.08839820856719882	0.38059829412266444
H	887	0.08942609471332896	0.3814973902715014
H	888	0.09045398085945922	0.3824061309013237
H	889	0.09148186700558947	0.38332450300874366
H	890	0.09250975315171961	0.3842524937304668
H	891	0.09353763929784986	0.38519009034329305
H	892	0.09456552544398011	0.386137280264115
H	893	0.09559341159011026	0.3870940510499187
H	894	0.09662129773624051	0.38806039039778406
H	895	0.09764918388237076	0.38903628614488434
H	896	0.0986770700285009	0.39002172626848597
H	897	0.09970495617463115	0.3910166988859492
H	898	0.1007328423207614	0.3920211922547274
H	899	0.10176072846689166	0.3930351947723677
H	900	0.1027886146130218	0.39405869497651014
H	901	0.10381650075915205	0.3950916815448891
H	902	0.1048443869052823	0.3961341432953315
H	903	0.10587227305141245	0.3971860691857584
H	904	0.1069001591975427	0.3982474483141838
H	905	0.10792804534367295	0.3993182699187155
H	906	0.10895593148980309	0.40039852337755444
H	907	0.10998381763593335	0.4014881982089955
H	908	0.1110117037820636	0.4025872840714264
H	909	0.11203958992819385	0.40369577076332896
H	910	0.11306747607432399	0.4048136482232776
H	911	0.11409536222045424	0.40594090652994125
H	912	0.1151232483665845	0.4070775359020814
H	913	0.11615113451271464	0.40822352669855316
H	914	0.11717902065884489	0.4093788694183058
H	915	0.11820690680497514	0.41054355470038106
H	916	0.11923479295110528	0.41171757332391457
H	917	0.12026267909723554	0.41290091620813574
H	918	0.12129056524336579	0.4140935744123669
H	919	0.12231845138949604	0.4152955391360239
H	920	0.12334633753562618	0.4165068017186163
H	921	0.12437422368175644	0.417727353639747
H	922	0.1254021098278867	0.4189571865191123
H	923	0.12642999597401683	0.4201962921165018
H	924	0.12745788212014708	0.4214446623317991
H	925	0.12848576826627733	0.4227046901678062
H	926	0.12951365441240748	0.4239814562119264
H	927	0.13054154055853773	0.4252752869826847
H	928	0.13156942670466798	0.42658635383537696
H	929	0.13259731285079823	0.4279148290608518
H	930	0.13362519899692837	0.429260885885511
H	931	0.13465308514305863	0.43062469847130896
H	932	0.13568097128918888	0.43200644191575344
H	933	0.13670885743531902	0.4334062922519041
H	934	0.13773674358144927	0.43482442644837466
H	935	0.13876462972757952	0.43626102240933096
H	936	0.13979251587370967	0.43771625897449173
H	937	0.14082040201983992	0.43919031591912905
H	938	0.14184828816597017	0.44068337395406754
H	939	0.14287617431210042	0.4421956147256846
H	940	0.14390406045823056	0.44372722081591043
H	941	0.14493194660436082	0.4452783757422286
H	942	0.14595983275049107	0.44684926395767544
H	943	0.1469877188966212	0.4484400708508395
H	944	0.14801560504275146	0.4500509827458631
H	945	0.14904349118888172	0.45168218690244083
H	946	0.15007137733501186	0.45333387151582016
H	947	0.1510992634811421	0.45500622571680216
H	948	0.15212714962727236	0.45669943957174
H	949	0.15315503577340261	0.4584137040825399
H	950	0.15418292191953276	0.46014921118666063
H	951	0.155210808065663	0.461906153757115
H	952	0.15623869421179326	0.46368472560246754
H	953	0.1572665803579234	0.4654851214668358
H	954	0.15829446650405365	0.4673075370298908
H	955	0.1593223526501839	0.4691521689068562
H	956	0.16035023879631405	0.47101921464850793
H	957	0.1613781249424443	0.47290887274117566
H	958	0.16240601108857455	0.4748213426067416
H	959	0.1634338972347048	0.47675682460264046
H	960	0.16446178338083495	0.4787155200218602
H	961	0.1654896695269652	0.480697631092942
H	962	0.16651755567309545	0.48270336097997923
H	963	0.1675454418192256	0.4847329137826183
H	964	0.16857332796535585	0.486786494536059
H	965	0.1696012141114861	0.4888643092110534
H	966	0.17062910025761624	0.4909665647139065
H	967	0.1716569864037465	0.49309346888647676
H	968	0.17268487254987674	0.4952452305061751
H	969	0.173712758696007	0.49742205928596495
H	970	0.17474064484213714	0.4996241658743629
H	971	0.1757685309882674	0.5018517618554391
H	972	0.17679641713439764	0.5041050597488156
H	973	0.17782430328052778	0.5063842730096675
H	974	0.17885218942665815	0.5086896160287235
H	975	0.1798800755727883	0.5110213041322642
H	976	0.18090796171891843	0.5133795535821235
H	977	0.1819358478650488	0.515764581575689
H	978	0.18296373401117894	0.5181766062458991
H	979	0.18399162015730908	0.5206158466612472
H	980	0.18501950630343944	0.5230825228257789
H	981	0.18604739244956958	0.5255768556790918
H	982	0.18707527859569972	0.5280990670963375
H	983	0.1881031647418301	0.5306493798882204
H	984	0.18913105088796023	0.5332280178009965
H	985	0.19015893703409037	0.5358352055164761
H	986	0.19118682318022073	0.5384711686520225
H	987	0.19221470932635087	0.5411361337605501
H	988	0.19324259547248102	0.5438303283305279
H	989	0.19427048161861138	0.5465539807859778
H	990	0.19529836776474152	0.5493073204864729
H	991	0.19632625391087166	0.552090577727141
H	992	0.19735414005700203	0.554903983738662
H	993	0.19838202620313217	0.5577477706872683
H	994	0.19940991234926253	0.5606221716747462
H	995	0.20043779849539267	0.5635274207384333
H	996	0.2014656846415228	0.5664637528512214
H	997	0.20249357078765318	0.569431403921556
H	998	0.20352145693378332	0.5724306107934325
H	999	0.20454934307991346	0.5754616112464019
H	1000	0.20557722922604382	0.5785246439955676
H	1001	0.20660511537217396	0.5816199486915841
H	1002	0.2076330015183041	0.5847477659206609
H	1003	0.20866088766443447	0.5879083372045604
H	1004	0.2096887738105646	0.5911019050005952
H	1005	0.21071665995669475	0.5943287127016337
H	1006	0.21174454610282512	0.5975890046360963
H	1007	0.21277243224895526	0.6008830260679555
H	1008	0.2138003183950854	0.6042110231967375
H	1009	0.21482820454121576	0.6075732431575214
H	1010	0.2158560906873459	0.6109699340209381
H	1011	0.21688397683347604	0.6144013447931727
H	1012	0.2179118629796064	0.6178677254159632
H	1013	0.21893974912573655	0.6213693267665987
H	1014	0.2199676352718669	0.6249064006579241
H	1015	0.22099552141799705	0.6284791998383333
H	1016	0.2220234075641272	0.6320879779917765
H	1017	0.22305129371025756	0.635732989737756
H	1018	0.2240791798563877	0.6394144906313253
H	1019	0.22510706600251784	0.6431327371630925
H	1020	0.2261349521486482	0.6468879867592189
H	1021	0.22716283829477835	0.6506804977814163
H	1022	0.2281907244409085	0.6545105295269518
H	1023	0.22921861058703885	0.6583783422286449
H	1024	0.230246496733169	0.6622841970548663
H	1025	0.23127438287929913	0.6662283561095415
H	1026	0.2323022690254295	0.6702110824321492
H	1027	0.23333015517155964	0.6742326399977179
H	1028	0.23435804131768978	0.6782932937168324
H	1029	0.23538592746382014	0.6823933094356296
H	1030	0.23641381360995029	0.686532953935797
H	1031	0.23744169975608043	0.6907124949345775
H	1032	0.2384695859022108	0.6949322010847672
H	1033	0.23949747204834093	0.6991923419747119
H	1034	0.24052535819447107	0.7034931881283135
H	1035	0.24155324434060144	0.7078350110050261
H	1036	0.24258113048673158	0.7122180829998548
H	1037	0.24360901663286194	0.7166426774433602
H	1038	0.24463690277899208	0.7211090686016531
H	1039	0.24566478892512222	0.7256175316763994
H	1040	0.2466926750712526	0.730168342804818
H	1041	0.24772056121738273	0.7347617790596779
H	1042	0.24874844736351287	0.7393981184493037
H	1043	0.24977633350964323	0.7440776399175728
H	1044	0.2508042196557734	0.7488006233439131
H	1045	0.2518321058019035	0.7535673495433077
H	1046	0.2528599919480339	0.7583781002662926
H	1047	0.253887878094164	0.7632331581989542
H	1048	0.25491576424029416	0.7681328069629345
H	1049	0.2559436503864245	0.7730773311154284
H	1050	0.25697153653255467	0.7780670161491802
H	1051	0.2579994226786848	0.7831021484924907
H	1052	0.2590273088248152	0.7881830155092137
H	1053	0.2600551949709453	0.7933098176407611
H	1054	0.26108308111707546	0.7984758121759152
H	1055	0.2621109672632058	0.8036760671457631
H	1056	0.26313885340933596	0.8089106688480147
H	1057	0.2641667395554663	0.814179703983102
H	1058	0.26519462570159646	0.8194832596541708
H	1059	0.2662225118477266	0.824821423367087
H	1060	0.26725039799385697	0.8301942830304354
H	1061	0.2682782841399871	0.8356019269555135
H	1062	0.26930617028611725	0.8410444438563415
H	1063	0.2703340564322476	0.8465219228496565
H	1064	0.27136194257837776	0.8520344534549099
H	1065	0.2723898287245079	0.8575821255942746
H	1066	0.27341771487063826	0.8631650295926404
H	1067	0.2744456010167684	0.8687832561776123
H	1068	0.27547348716289854	0.8744368964795164
H	1069	0.2765013733090289	0.8801260420313952
H	1070	0.27752925945515905	0.8858507847690074
H	1071	0.2785571456012892	0.8916112170308308
H	1072	0.27958503174741955	0.8974074315580628
H	1073	0.2806129178935497	0.9032395214946138
H	1074	0.28164080403967984	0.909107580387116
H	1075	0.2826686901858102	0.9150117021849189
H	1076	0.28369657633194034	0.9209519812400863
H	1077	0.2847244624780707	0.9269285123074049
H	1078	0.28575234862420085	0.932941390544373
H	1079	0.286780234770331	0.938990711511212
H	1080	0.28780812091646135	0.9450765711708594
H	1081	0.2888360070625915	0.9511990658889682
H	1082	0.28986389320872163	0.9573582924339115
H	1083	0.290891779354852	0.963554347976781
H	1084	0.29191966550098214	0.9697873300913815
H	1085	0.2929475516471123	0.9760573367542402
H	1086	0.29397543779324264	0.9823644663446018
H	1087	0.2950033239393728	0.9887088176444239
H	1088	0.2960312100855029	0.9950904898383869
H	1089	0.2970590962316333	1.0015095825138882
H	1090	0.29808698237776343	1.0079661956610395
H	1091	0.2991148685238936	1.0144604296726736
H	1092	0.30014275467002394	1.020992385344341
H	1093	0.3011706408161541	1.0275621638743067
H	1094	0.3021985269622842	1.0341698668635564
H	1095	0.3032264131084146	1.0408155963157943
H	1096	0.3042542992545447	1.0474994546374377
H	1097	0.3052821854006751	1.054221544637627
H	1098	0.30631007154680523	1.0609819695282154
H	1099	0.30733795769293537	1.067780832923778
H	1100	0.30836584383906573	1.0746182388416061
H	1101	0.3093937299851959	1.0814942917017065
H	1102	0.310421616131326	1.0884090963268065
H	1103	0.3114495022774564	1.0953627579423524
H	1104	0.3124773884235865	1.1023553821765026
H	1105	0.31350527456971666	1.109387075060138
H	1106	0.314533160715847	1.116457943026857
H	1107	0.31556104686197717	1.1235680929129725
H	1108	0.3165889330081073	1.1307176319575178
H	1109	0.3176168191542377	1.1379066678022454
H	1110	0.3186447053003678	1.1451353084916198
H	1111	0.31967259144649796	1.1524036624728282
H	1112	0.3207004775926283	1.1597118385957756
H	1113	0.32172836373875846	1.1670599461130804
H	1114	0.3227562498848886	1.1744480946800824
H	1115	0.32378413603101897	1.1818763943548407
H	1116	0.3248120221771491	1.1893449555981248
H	1117	0.32583990832327947	1.196853889273431
H	1118	0.3268677944694096	1.2044033066469657
H	1119	0.32789568061553975	1.2119933193876573
H	1120	0.3289235667616701	1.2196240395671532
H	1121	0.32995145290780026	1.2272955796598117
H	1122	0.3309793390539304	1.235008052542716
H	1123	0.33200722520006076	1.2427615714956652
H	1124	0.3330351113461909	1.250556250201172
H	1125	0.33406299749232105	1.2583922027444718
H	1126	0.3350908836384514	1.2662695436135174
H	1127	0.33611876978458155	1.274188387698974
H	1128	0.3371466559307117	1.2821488502942304
H	1129	0.33817454207684206	1.2901510470953927
H	1130	0.3392024282229722	1.2981950942012794
H	1131	0.34023031436910234	1.3062811081134313
H	1132	0.3412582005152327	1.3144092057361085
H	1133	0.34228608666136284	1.3225795043762822
H	1134	0.343313972807493	1.330792121743647
H	1135	0.34434185895362335	1.3390471759506153
H	1136	0.3453697450997535	1.3473447855123117
H	1137	0.34639763124588385	1.355685069346586
H	1138	0.347425517392014	1.3640681467739977
H	1139	0.34845340353814414	1.3724941375178306
H	1140	0.3494812896842745	1.3809631617040852
H	1141	0.35050917583040464	1.389475339861474
H	1142	0.3515370619765348	1.3980307929214346
H	1143	0.35256494812266514	1.4066296422181197
H	1144	0.3535928342687953	1.4152720094883966
H	1145	0.3546207204149254	1.423958016871854
H	1146	0.3556486065610558	1.4326877869107988
H	1147	0.35667649270718593	1.4414614425502508
H	1148	0.3577043788533161	1.450279107137952
H	1149	0.35873226499944644	1.459140904424363
H	1150	0.3597601511455766	1.468046958562656
H	1151	0.3607880372917067	1.4769973941087269
H	1152	0.3618159234378371	1.4859923360211886
H	1153	0.3628438095839672	1.4950319096613665
H	1154	0.36387169573009737	1.5041162407933095
H	1155	0.36489958187622773	1.513245455583784
H	1156	0.36592746802235787	1.522419680602269
H	1157	0.366955354168488	1.5316390428209652
H	1158	0.3679832403146184	1.5409036696147926
H	1159	0.3690111264607485	1.5502136887613829
H	1160	0.3700390126068789	1.5595692284410934
H	1161	0.371066898753009	1.568970417236991
H	1162	0.37209478489913916	1.5784173841348652
H	1163	0.3731226710452695	1.5879102585232245
H	1164	0.37415055719139967	1.597449170193289
H	1165	0.3751784433375298	1.6070342493390022
H	1166	0.3762063294836602	1.6166656265570256
H	1167	0.3772342156297903	1.6263434328467312
H	1168	0.37826210177592046	1.6360677996102173
H	1169	0.3792899879220508	1.6458388586522967
H	1170	0.38031787406818096	1.6556567421804962
H	1171	0.3813457602143111	1.6655215828050656
H	1172	0.38237364636044147	1.6754335135389717
H	1173	0.3834015325065716	1.6853926677978948
H	1174	0.38442941865270175	1.6953991794002365
H	1175	0.3854573047988321	1.7054531825671186
H	1176	0.38648519094496225	1.7155548119223725
H	1177	0.3875130770910924	1.7257042024925542
H	1178	0.38854096323722276	1.7358832511340152
H	1179	0.3895688493833529	1.7460064031795417
H	1180	0.39059673552948326	1.75605819929019
H	1181	0.3916246216756134	1.76603738233869
H	1182	0.39265250782174355	1.7759427089808146
H	1183	0.3936803939678739	1.7857729496553747
H	1184	0.39470828011400405	1.7955268885842113
H	1185	0.3957361662601342	1.805203323772211
H	1186	0.39676405240626456	1.8148010670072958
H	1187	0.3977919385523947	1.8243189438604195
H	1188	0.39881982469852484	1.8337557936855808
H	1189	0.3998477108446552	1.843110469619814
H	1190	0.40087559699078534	1.8523818385831858
H	1191	0.4019034831369155	1.8615687812788062
H	1192	0.40293136928304585	1.8706701921928233
H	1193	0.403959255429176	1.879684979594415
H	1194	0.40498714157530613	1.8886120655358043
H	1195	0.4060150277214365	1.8974503858522502
H	1196	0.40704291386756664	1.906198890162045
H	1197	0.4080708000136968	1.9148565418665227
H	1198	0.40909868615982714	1.9234223181500556
H	1199	0.4101265723059573	1.9318952099800464
H	1200	0.41115445845208765	1.9402742221069453
H	1201	0.4121823445982178	1.9485583730642306
H	1202	0.41321023074434793	1.9567466951684231
H	1203	0.4142381168904783	1.9648382345190836
H	1204	0.41526600303660843	1.9728320509988015
H	1205	0.4162938891827386	1.9807272182732123
H	1206	0.41732177532886894	1.9885228237909864
H	1207	0.4183496614749991	1.996217968783828
H	1208	0.4193775476211292	2.0038117682664836
H	1209	0.4204054337672596	2.0113033510367355
H	1210	0.4214333199133897	2.0186918596754015
H	1211	0.42246120605951987	2.025976450546339
H	1212	0.42348909220565023	2.033156293796445
H	1213	0.42451697835178037	2.0402305733556467
H	1214	0.4255448644979105	2.047198486936916
H	1215	0.4265727506440409	2.0540592460362603
H	1216	0.427600636790171	2.060812075932721
H	1217	0.42862852293630116	2.067456215688382
H	1218	0.4296564090824315	2.073990918148362
H	1219	0.43068429522856166	2.0804154499408165
H	1220	0.43171218137469203	2.08672909147694
H	1221	0.43274006752082217	2.0929311369509636
H	1222	0.4337679536669523	2.0990208943401556
H	1223	0.4347958398130827	2.1049976854048236
H	1224	0.4358237259592128	2.11086084568831
H	1225	0.43685161210534296	2.1166097245169957
H	1226	0.4378794982514733	2.122243685000301
H	1227	0.43890738439760346	2.12776210403068
H	1228	0.4399352705437336	2.133164372283627
H	1229	0.44096315668986397	2.138449894217673
H	1230	0.4419910428359941	2.143618088074386
H	1231	0.44301892898212425	2.148668385878371
H	1232	0.4440468151282546	2.153600233437274
H	1233	0.44507470127438475	2.1584130903417718
H	1234	0.4461025874205149	2.1631064299655858
H	1235	0.44713047356664526	2.1676797394654703
H	1236	0.4481583597127754	2.1721325197812176
H	1237	0.44918624585890554	2.1764642856356584
H	1238	0.4502141320050359	2.180674565534662
H	1239	0.45124201815116605	2.1847629017671317
H	1240	0.4522699042972964	2.1887288504050124
H	1241	0.45329779044342655	2.1925719813032822
H	1242	0.4543256765895567	2.196291878099959
H	1243	0.45535356273568706	2.1998881382161004
H	1244	0.4563814488818172	2.203360372855796
H	1245	0.45740933502794734	2.2067082070061765
H	1246	0.4584372211740777	2.209931279437411
H	1247	0.45946510732020784	2.213029242702703
H	1248	0.460492993466338	2.2160017631382942
H	1249	0.46152087961246835	2.2188485208634665
H	1250	0.4625487657585985	2.221569209780535
H	1251	0.46357665190472863	2.2241635375748547
H	1252	0.464604538050859	2.2266312257148186
H	1253	0.46563242419698914	2.228972009451856
H	1254	0.4666603103431193	2.2311856378204333
H	1255	0.46768819648924964	2.2332718736380563
H	1256	0.4687160826353798	2.2352304935052647
H	1257	0.4697439687815099	2.2370612878056395
H	1258	0.4707718549276403	2.238764060705798
H	1259	0.47179974107377043	2.2403386301553923
H	1260	0.4728276272199008	2.2417848278871157
H	1261	0.47385551336603093	2.243102499416697
H	1262	0.4748833995121611	2.244291504042902
H	1263	0.47591128565829144	2.2453517148475357
H	1264	0.4769391718044216	2.246283018695439
H	1265	0.4779670579505517	2.247085316234491
H	1266	0.4789949440966821	2.2477585218956073
H	1267	0.4800228302428122	2.248302563892743
H	1268	0.48105071638894237	2.2487173842228887
H	1269	0.48207860253507273	2.249002938666073
H	1270	0.4831064886812029	2.249159196785361
H	1271	0.484134374827333	2.249159196785361
H	1272	0.4851622609734634	2.249159196785361
H	1273	0.4861901471195935	2.249159196785361
H	1274	0.48721803326572366	2.249159196785361
H	1275	0.488245919411854	2.249159196785361
H	1276	0.48927380555798416	2.249159196785361
H	1277	0.4903016917041143	2.249159196785361
H	1278	0.49132957785024467	2.249159196785361
H	1279	0.4923574639963748	2.249159196785361
H	1280	0.4933853501425052	2.249159196785361
H	1281	0.4944132362886353	2.249159196785361
H	1282	0.49544112243476546	2.249159196785361
H	1283	0.4964690085808958	2.249159196785361
H	1284	0.49749689472702596	2.249159196785361
H	1285	0.4985247808731561	2.249159196785361
H	1286	0.49955266701928647	2.249159196785361
H	1287	0.5005805531654166	2.249159196785361
H	1288	0.5016084393115467	2.249159196785361
H	1289	0.5026363254576771	2.249159196785361
H	1290	0.5036642116038073	2.249159196785361
H	1291	0.5046920977499374	2.249159196785361
H	1292	0.5057199838960678	2.249159196785361
H	1293	0.5067478700421979	2.249159196785361
H	1294	0.507775756188328	2.249159196785361
H	1295	0.5088036423344584	2.249159196785361
H	1296	0.5098315284805885	2.249159196785361
H	1297	0.5108594146267187	2.249159196785361
H	1298	0.511887300772849	2.249159196785361
H	1299	0.5129151869189792	2.249159196785361
H	1300	0.5139430730651093	2.249159196785361
H	1301	0.5149709592112397	2.249159196785361
H	1302	0.5159988453573698	2.249159196785361
H	1303	0.5170267315035002	2.249159196785361
H	1304	0.5180546176496303	2.249159196785361
H	1305	0.5190825037957605	2.249159196785361
H	1306	0.5201103899418908	2.249159196785361
H	1307	0.521138276088021	2.249159196785361
H	1308	0.5221661622341511	2.249159196785361
H	1309	0.5231940483802815	2.249159196785361
H	1310	0.5242219345264116	2.249159196785361
H	1311	0.5252498206725418	2.249159196785361
H	1312	0.5262777068186721	2.249159196785361
H	1313	0.5273055929648023	2.249159196785361
H	1314	0.5283334791109324	2.249159196785361
H	1315	0.5293613652570628	2.249159196785361
H	1316	0.5303892514031929	2.249159196785361
H	1317	0.5314171375493231	2.249159196785361
H	1318	0.5324450236954534	2.249159196785361
H	1319	0.5334729098415836	2.249159196785361
H	1320	0.5345007959877137	2.249159196785361
H	1321	0.5355286821338441	2.249159196785361
H	1322	0.5365565682799742	2.249159196785361
H	1323	0.5375844544261046	2.249159196785361
H	1324	0.5386123405722347	2.249159196785361
H	1325	0.5396402267183649	2.249159196785361
H	1326	0.5406681128644952	2.249159196785361
H	1327	0.5416959990106254	2.249159196785361
H	1328	0.5427238851567555	2.249159196785361
H	1329	0.5437517713028859	2.249159196785361
H	1330	0.544779657449016	2.249159196785361
H	1331	0.5458075435951462	2.249159196785361
H	1332	0.5468354297412765	2.249159196785361
H	1333	0.5478633158874067	2.249159196785361
H	1334	0.5488912020335368	2.249159196785361
H	1335	0.5499190881796672	2.249159196785361
H	1336	0.5509469743257973	2.249159196785361
H	1337	0.5519748604719275	2.249159196785361
H	1338	0.5530027466180578	2.249159196785361
H	1339	0.554030632764188	2.249159196785361
H	1340	0.5550585189103181	2.249159196785361
H	1341	0.5560864050564485	2.249159196785361
H	1342	0.5571142912025786	2.249159196785361
H	1343	0.558142177348709	2.249159196785361
H	1344	0.5591700634948391	2.249159196785361
H	1345	0.5601979496409693	2.249159196785361
H	1346	0.5612258357870996	2.249159196785361
H	1347	0.5622537219332298	2.249159196785361
H	1348	0.5632816080793599	2.249159196785361
H	1349	0.5643094942254903	2.249159196785361
H	1350	0.5653373803716204	2.249159196785361
H	1351	0.5663652665177505	2.249159196785361
H	1352	0.5673931526638809	2.249159196785361
H	1353	0.568421038810011	2.249159196785361
H	1354	0.5694489249561412	2.249159196785361
H	1355	0.5704768111022716	2.249159196785361
H	1356	0.5715046972484017	2.249159196785361
H	1357	0.5725325833945318	2.249159196785361
H	1358	0.5735604695406622	2.249159196785361
H	1359	0.5745883556867923	2.249159196785361
H	1360	0.5756162418329225	2.249159196785361
H	1361	0.5766441279790528	2.249159196785361
H	1362	0.577672014125183	2.249159196785361
H	1363	0.5786999002713133	2.249159196785361
H	1364	0.5797277864174435	2.249159196785361
H	1365	0.5807556725635736	2.249159196785361
H	1366	0.581783558709704	2.249159196785361
H	1367	0.5828114448558341	2.249159196785361
H	1368	0.5838393310019643	2.249159196785361
H	1369	0.5848672171480946	2.249159196785361
H	1370	0.5858951032942248	2.249159196785361
H	1371	0.5869229894403549	2.249159196785361
H	1372	0.5879508755864853	2.249159196785361
H	1373	0.5889787617326154	2.249159196785361
H	1374	0.5900066478787456	2.249159196785361
H	1375	0.5910345340248759	2.249159196785361
H	1376	0.5920624201710061	2.249159196785361
H	1377	0.5930903063171362	2.249159196785361
H	1378	0.5941181924632666	2.249159196785361
H	1379	0.5951460786093967	2.249159196785361
H	1380	0.5961739647555269	2.249159196785361
H	1381	0.5972018509016572	2.249159196785361
H	1382	0.5982297370477874	2.249159196785361
H	1383	0.5992576231939177	2.249159196785361
H	1384	0.6002855093400479	2.249159196785361
H	1385	0.601313395486178	2.249159196785361
H	1386	0.6023412816323084	2.249159196785361
H	1387	0.6033691677784385	2.249159196785361
H	1388	0.6043970539245687	2.249159196785361
H	1389	0.605424940070699	2.249159196785361
H	1390	0.6064528262168292	2.249159196785361
H	1391	0.6074807123629593	2.249159196785361
H	1392	0.6085085985090897	2.249159196785361
H	1393	0.6095364846552198	2.249159196785361
H	1394	0.61056437080135	2.249159196785361
H	1395	0.6115922569474803	2.249159196785361
H	1396	0.6126201430936105	2.249159196785361
H	1397	0.6136480292397406	2.249159196785361
H	1398	0.614675915385871	2.249159196785361
H	1399	0.6157038015320011	2.249159196785361
H	1400	0.6167316876781312	2.249159196785361
H	1401	0.6177595738242616	2.249159196785361
H	1402	0.6187874599703918	2.249159196785361
H	1403	0.6198153461165221	2.249159196785361
H	1404	0.6208432322626523	2.249159196785361
H	1405	0.6218711184087824	2.249159196785361
H	1406	0.6228990045549128	2.249159196785361
H	1407	0.6239268907010429	2.249159196785361
H	1408	0.624954776847173	2.249159196785361
H	1409	0.6259826629933034	2.249159196785361
H	1410	0.6270105491394335	2.249159196785361
H	1411	0.6280384352855637	2.249159196785361
H	1412	0.629066321431694	2.249159196785361
H	1413	0.6300942075778242	2.249159196785361
H	1414	0.6311220937239543	2.249159196785361
H	1415	0.6321499798700847	2.249159196785361
H	1416	0.6331778660162148	2.249159196785361
H	1417	0.634205752162345	2.249159196785361
H	1418	0.6352336383084753	2.249159196785361
H	1419	0.6362615244546055	2.249159196785361
H	1420	0.6372894106007356	2.249159196785361
H	1421	0.638317296746866	2.249159196785361
H	1422	0.6393451828929961	2.249159196785361
H	1423	0.6403730690391263	2.249159196785361
H	1424	0.6414009551852566	2.249159196785361
H	1425	0.6424288413313868	2.249159196785361
H	1426	0.6434567274775171	2.249159196785361
H	1427	0.6444846136236473	2.249159196785361
H	1428	0.6455124997697774	2.249159196785361
H	1429	0.6465403859159078	2.249159196785361
H	1430	0.6475682720620379	2.249159196785361
H	1431	0.6485961582081681	2.249159196785361
H	1432	0.6496240443542984	2.249159196785361
H	1433	0.6506519305004286	2.249159196785361
H	1434	0.6516798166465587	2.249159196785361
H	1435	0.6527077027926891	2.249159196785361
H	1436	0.6537355889388192	2.249159196785361
H	1437	0.6547634750849494	2.249159196785361
H	1438	0.6557913612310797	2.249159196785361
H	1439	0.6568192473772099	2.249159196785361
H	1440	0.65784713352334	2.249159196785361
H	1441	0.6588750196694704	2.249159196785361
H	1442	0.6599029058156005	2.249159196785361
H	1443	0.6609307919617307	2.249159196785361
H	1444	0.661958678107861	2.249159196785361
H	1445	0.6629865642539912	2.249159196785361
H	1446	0.6640144504001215	2.249159196785361
H	1447	0.6650423365462517	2.249159196785361
H	1448	0.6660702226923818	2.249159196785361
H	1449	0.6670981088385122	2.249159196785361
H	1450	0.6681259949846423	2.249159196785361
H	1451	0.6691538811307725	2.249159196785361
H	1452	0.6701817672769028	2.249159196785361
H	1453	0.671209653423033	2.249159196785361
H	1454	0.6722375395691631	2.249159196785361
H	1455	0.6732654257152935	2.249159196785361
H	1456	0.6742933118614236	2.249159196785361
H	1457	0.6753211980075537	2.249159196785361
H	1458	0.6763490841536841	2.249159196785361
H	1459	0.6773769702998143	2.249159196785361
H	1460	0.6784048564459444	2.249159196785361
H	1461	0.6794327425920748	2.249159196785361
H	1462	0.6804606287382049	2.249159196785361
H	1463	0.681488514884335	2.249159196785361
H	1464	0.6825164010304654	2.249159196785361
H	1465	0.6835442871765955	2.249159196785361
H	1466	0.6845721733227259	2.249159196785361
H	1467	0.685600059468856	2.249159196785361
H	1468	0.6866279456149862	2.249159196785361
H	1469	0.6876558317611166	2.249159196785361
H	1470	0.6886837179072467	2.249159196785361
H	1471	0.6897116040533768	2.249159196785361
H	1472	0.6907394901995072	2.249159196785361
H	1473	0.6917673763456373	2.249159196785361
H	1474	0.6927952624917675	2.249159196785361
H	1475	0.6938231486378978	2.249159196785361
H	1476	0.694851034784028	2.249159196785361
H	1477	0.6958789209301581	2.249159196785361
H	1478	0.6969068070762885	2.249159196785361
H	1479	0.6979346932224186	2.249159196785361
H	1480	0.6989625793685488	2.249159196785361
H	1481	0.6999904655146791	2.249159196785361
H	1482	0.7010183516608093	2.249159196785361
H	1483	0.7020462378069394	2.249159196785361
H	1484	0.7030741239530698	2.249159196785361
H	1485	0.7041020100991999	2.249159196785361
H	1486	0.7051298962453303	2.249159196785361
H	1487	0.7061577823914604	2.249159196785361
H	1488	0.7071856685375906	2.249159196785361
H	1489	0.7082135546837209	2.249159196785361
H	1490	0.7092414408298511	2.249159196785361
H	1491	0.7102693269759812	2.249159196785361
H	1492	0.7112972131221116	2.249159196785361
H	1493	0.7123250992682417	2.249159196785361
H	1494	0.7133529854143719	2.249159196785361
H	1495	0.7143808715605022	2.249159196785361
H	1496	0.7154087577066324	2.249159196785361
H	1497	0.7164366438527625	2.249159196785361
H	1498	0.7174645299988929	2.249159196785361
H	1499	0.718492416145023	2.249159196785361
H	1500	0.7195203022911532	2.249159196785361
H	1501	0.7205481884372835	2.249159196785361
H	1502	0.7215760745834137	2.249159196785361
H	1503	0.7226039607295438	2.249159196785361
H	1504	0.7236318468756742	2.249159196785361
H	1505	0.7246597330218043	2.249159196785361
H	1506	0.7256876191679347	2.249159196785361
H	1507	0.7267155053140648	2.249159196785361
H	1508	0.727743391460195	2.249159196785361
H	1509	0.7287712776063253	2.249159196785361
H	1510	0.7297991637524555	2.249159196785361
H	1511	0.7308270498985856	2.249159196785361
H	1512	0.731854936044716	2.249159196785361
H	1513	0.7328828221908461	2.249159196785361
H	1514	0.7339107083369762	2.249159196785361
H	1515	0.7349385944831066	2.249159196785361
H	1516	0.7359664806292368	2.249159196785361
H	1517	0.7369943667753669	2.249159196785361
H	1518	0.7380222529214973	2.249159196785361
H	1519	0.7390501390676274	2.249159196785361
H	1520	0.7400780252137575	2.249159196785361
H	1521	0.7411059113598879	2.249159196785361
H	1522	0.742133797506018	2.249159196785361
H	1523	0.7431616836521482	2.249159196785361
H	1524	0.7441895697982785	2.249159196785361
H	1525	0.7452174559444087	2.249159196785361
H	1526	0.746245342090539	2.249159196785361
H	1527	0.7472732282366692	2.249159196785361
H	1528	0.7483011143827993	2.249159196785361
H	1529	0.7493290005289297	2.249159196785361
H	1530	0.7503568866750598	2.249159196785361
H	1531	0.75138477282119	2.249159196785361
H	1532	0.7524126589673203	2.249159196785361
H	1533	0.7534405451134505	2.249159196785361
H	1534	0.7544684312595806	2.249159196785361
H	1535	0.755496317405711	2.249159196785361
H	1536	0.7565242035518411	2.249159196785361
H	1537	0.7575520896979713	2.249159196785361
H	1538	0.7585799758441016	2.249159196785361
H	1539	0.7596078619902318	2.249159196785361
H	1540	0.7606357481363619	2.249159196785361
H	1541	0.7616636342824923	2.249159196785361
H	1542	0.7626915204286224	2.249159196785361
H	1543	0.7637194065747526	2.249159196785361
H	1544	0.7647472927208829	2.249159196785361
H	1545	0.7657751788670131	2.249159196785361
H	1546	0.7668030650131432	2.249159196785361
H	1547	0.7678309511592736	2.249159196785361
H	1548	0.7688588373054037	2.249159196785361
H	1549	0.7698867234515341	2.249159196785361
H	1550	0.7709146095976642	2.249159196785361
H	1551	0.7719424957437944	2.249159196785361
H	1552	0.7729703818899247	2.249159196785361
H	1553	0.7739982680360549	2.249159196785361
H	1554	0.775026154182185	2.249159196785361
H	1555	0.7760540403283154	2.249159196785361
H	1556	0.7770819264744455	2.249159196785361
H	1557	0.7781098126205757	2.249159196785361
H	1558	0.779137698766706	2.249159196785361
H	1559	0.7801655849128362	2.249159196785361
H	1560	0.7811934710589663	2.249159196785361
H	1561	0.7822213572050967	2.249159196785361
H	1562	0.7832492433512268	2.249159196785361
H	1563	0.784277129497357	2.249159196785361
H	1564	0.7853050156434873	2.249159196785361
H	1565	0.7863329017896175	2.249159196785361
H	1566	0.7873607879357476	2.249159196785361
H	1567	0.788388674081878	2.249159196785361
H	1568	0.7894165602280081	2.249159196785361
H	1569	0.7904444463741385	2.249159196785361
H	1570	0.7914723325202686	2.249159196785361
H	1571	0.7925002186663987	2.249159196785361
H	1572	0.7935281048125291	2.249159196785361
H	1573	0.7945559909586593	2.249159196785361
H	1574	0.7955838771047894	2.249159196785361
H	1575	0.7966117632509198	2.249159196785361
H	1576	0.7976396493970499	2.249159196785361
H	1577	0.79866753554318	2.249159196785361
H	1578	0.7996954216893104	2.249159196785361
H	1579	0.8007233078354405	2.249159196785361
H	1580	0.8017511939815707	2.249159196785361
H	1581	0.802779080127701	2.249159196785361
H	1582	0.8038069662738312	2.249159196785361
H	1583	0.8048348524199613	2.249159196785361
H	1584	0.8058627385660917	2.249159196785361
H	1585	0.8068906247122218	2.249159196785361
H	1586	0.807918510858352	2.249159196785361
H	1587	0.8089463970044823	2.249159196785361
H	1588	0.8099742831506125	2.249159196785361
H	1589	0.8110021692967428	2.249159196785361
H	1590	0.812030055442873	2.249159196785361
H	1591	0.8130579415890031	2.249159196785361
H	1592	0.8140858277351335	2.249159196785361
H	1593	0.8151137138812636	2.249159196785361
H	1594	0.8161416000273938	2.249159196785361
H	1595	0.8171694861735241	2.249159196785361
H	1596	0.8181973723196543	2.249159196785361
H	1597	0.8192252584657844	2.249159196785361
H	1598	0.8202531446119148	2.249159196785361
H	1599	0.8212810307580449	2.249159196785361
H	1600	0.8223089169041753	2.249159196785361
D	0	-0.8223089169041753	2.602976205412848
D	1	-0.821281030758045	2.602976205412848
D	2	-0.8202531446119149	2.602976205412848
D	3	-0.8192252584657846	2.602976205412848
D	4	-0.8181973723196544	2.602976205412848
D	5	-0.8171694861735241	2.602976205412848
D	6	-0.816141600027394	2.602976205412848
D	7	-0.8151137138812637	2.602976205412848
D	8	-0.8140858277351335	2.602976205412848
D	9	-0.8130579415890034	2.602976205412848
D	10	-0.8120300554428731	2.602976205412848
D	11	-0.8110021692967428	2.602976205412848
D	12	-0.8099742831506127	2.602976205412848
D	13	-0.8089463970044825	2.602976205412848
D	14	-0.8079185108583522	2.602976205412848
D	15	-0.8068906247122221	2.602976205412848
D	16	-0.8058627385660918	2.602976205412848
D	17	-0.8048348524199616	2.602976205412848
D	18	-0.8038069662738313	2.602976205412848
D	19	-0.8027790801277012	2.602976205412848
D	20	-0.8017511939815709	2.602976205412848
D	21	-0.8007233078354407	2.602976205412848
D	22	-0.7996954216893105	2.602976205412848
D	23	-0.7986675355431803	2.602976205412848
D	24	-0.79763964939705	2.602976205412848
D	25	-0.7966117632509199	2.602976205412848
D	26	-0.7955838771047896	2.602976205412848
D	27	-0.7945559909586594	2.602976205412848
D	28	-0.7935281048125291	2.602976205412848
D	29	-0.792500218666399	2.602976205412848
D	30	-0.7914723325202687	2.602976205412848
D	31	-0.7904444463741385	2.602976205412848
D	32	-0.7894165602280083	2.602976205412848
D	33	-0.7883886740818781	2.602976205412848
D	34	-0.7873607879357478	2.602976205412848
D	35	-0.7863329017896177	2.602976205412848
D	36	-0.7853050156434874	2.602976205412848
D	37	-0.7842771294973572	2.602976205412848
D	38	-0.7832492433512269	2.602976205412848
D	39	-0.7822213572050968	2.602976205412848
D	40	-0.7811934710589665	2.602976205412848
D	41	-0.7801655849128363	2.602976205412848
D	42	-0.7791376987667061	2.602976205412848
D	43	-0.7781098126205759	2.602976205412848
D	44	-0.7770819264744456	2.602976205412848
D	45	-0.7760540403283155	2.602976205412848
D	46	-0.7750261541821852	2.602976205412848
D	47	-0.773998268036055	2.602976205412848
D	48	-0.7729703818899247	2.602976205412848
D	49	-0.7719424957437946	2.602976205412848
D	50	-0.7709146095976643	2.602976205412848
D	51	-0.7698867234515341	2.602976205412848
D	52	-0.7688588373054039	2.602976205412848
D	53	-0.7678309511592737	2.602976205412848
D	54	-0.7668030650131434	2.602976205412848
D	55	-0.7657751788670133	2.602976205412848
D	56	-0.764747292720883	2.602976205412848
D	57	-0.7637194065747528	2.602976205412848
D	58	-0.7626915204286225	2.602976205412848
D	59	-0.7616636342824924	2.602976205412848
D	60	-0.7606357481363621	2.602976205412848
D	61	-0.7596078619902319	2.602976205412848
D	62	-0.7585799758441018	2.602976205412848
D	63	-0.7575520896979715	2.602976205412848
D	64	-0.7565242035518412	2.602976205412848
D	65	-0.755496317405711	2.602976205412848
D	66	-0.7544684312595809	2.602976205412848
D	67	-0.7534405451134506	2.602976205412848
D	68	-0.7524126589673203	2.602976205412848
D	69	-0.7513847728211902	2.602976205412848
D	70	-0.75035688667506	2.602976205412848
D	71	-0.7493290005289297	2.602976205412848
D	72	-0.7483011143827996	2.602976205412848
D	73	-0.7472732282366693	2.602976205412848
D	74	-0.746245342090539	2.602976205412848
D	75	-0.7452174559444089	2.602976205412848
D	76	-0.7441895697982787	2.602976205412848
D	77	-0.7431616836521484	2.602976205412848
D	78	-0.7421337975060183	2.602976205412848
D	79	-0.741105911359888	2.602976205412848
D	80	-0.7400780252137578	2.602976205412848
D	81	-0.7390501390676275	2.602976205412848
D	82	-0.7380222529214974	2.602976205412848
D	83	-0.7369943667753671	2.602976205412848
D	84	-0.7359664806292369	2.602976205412848
D	85	-0.7349385944831067	2.602976205412848
D	86	-0.7339107083369765	2.602976205412848
D	87	-0.7328828221908462	2.602976205412848
D	88	-0.731854936044716	2.602976205412848
D	89	-0.7308270498985858	2.602976205412848
D	90	-0.7297991637524556	2.602976205412848
D	91	-0.7287712776063253	2.602976205412848
D	92	-0.7277433914601952	2.602976205412848
D	93	-0.7267155053140649	2.602976205412848
D	94	-0.7256876191679347	2.602976205412848
D	95	-0.7246597330218045	2.602976205412848
D	96	-0.7236318468756743	2.602976205412848
D	97	-0.722603960729544	2.602976205412848
D	98	-0.7215760745834139	2.602976205412848
D	99	-0.7205481884372836	2.602976205412848
D	100	-0.7195203022911534	2.602976205412848
D	101	-0.7184924161450231	2.602976205412848
D	102	-0.717464529998893	2.602976205412848
D	103	-0.7164366438527627	2.602976205412848
D	104	-0.7154087577066325	2.602976205412848
D	105	-0.7143808715605023	2.602976205412848
D	106	-0.7133529854143721	2.602976205412848
D	107	-0.7123250992682418	2.602976205412848
D	108	-0.7112972131221116	2.602976205412848
D	109	-0.7102693269759814	2.602976205412848
D	110	-0.7092414408298512	2.602976205412848
D	111	-0.7082135546837209	2.602976205412848
D	112	-0.7071856685375908	2.602976205412848
D	113	-0.7061577823914605	2.602976205412848
D	114	-0.7051298962453303	2.602976205412848
D	115	-0.7041020100992001	2.602976205412848
D	116	-0.7030741239530699	2.602976205412848
D	117	-0.7020462378069396	2.602976205412848
D	118	-0.7010183516608095	2.602976205412848
D	119	-0.6999904655146792	2.602976205412848
D	120	-0.698962579368549	2.602976205412848
D	121	-0.6979346932224187	2.602976205412848
D	122	-0.6969068070762886	2.602976205412848
D	123	-0.6958789209301584	2.602976205412848
D	124	-0.6948510347840281	2.602976205412848
D	125	-0.6938231486378978	2.602976205412848
D	126	-0.6927952624917677	2.602976205412848
D	127	-0.6917673763456375	2.602976205412848
D	128	-0.6907394901995072	2.602976205412848
D	129	-0.6897116040533771	2.602976205412848
D	130	-0.6886837179072468	2.602976205412848
D	131	-0.6876558317611166	2.602976205412848
D	132	-0.6866279456149864	2.602976205412848
D	133	-0.6856000594688562	2.602976205412848
D	134	-0.6845721733227259	2.602976205412848
D	135	-0.6835442871765958	2.602976205412848
D	136	-0.6825164010304655	2.602976205412848
D	137	-0.6814885148843353	2.602976205412848
D	138	-0.6804606287382051	2.602976205412848
D	139	-0.6794327425920749	2.602976205412848
D	140	-0.6784048564459446	2.602976205412848
D	141	-0.6773769702998145	2.602976205412848
D	142	-0.6763490841536842	2.602976205412848
D	143	-0.675321198007554	2.602976205412848
D	144	-0.6742933118614237	2.602976205412848
D	145	-0.6732654257152935	2.602976205412848
D	146	-0.6722375395691633	2.602976205412848
D	147	-0.6712096534230331	2.602976205412848
D	148	-0.6701817672769028	2.602976205412848
D	149	-0.6691538811307727	2.602976205412848
D	150	-0.6681259949846424	2.602976205412848
D	151	-0.6670981088385122	2.602976205412848
D	152	-0.666070222692382	2.602976205412848
D	153	-0.6650423365462518	2.602976205412848
D	154	-0.6640144504001215	2.602976205412848
D	155	-0.6629865642539914	2.602976205412848
D	156	-0.6619586781078611	2.602976205412848
D	157	-0.6609307919617309	2.602976205412848
D	158	-0.6599029058156007	2.602976205412848
D	159	-0.6588750196694705	2.602976205412848
D	160	-0.6578471335233402	2.602976205412848
D	161	-0.6568192473772101	2.602976205412848
D	162	-0.6557913612310798	2.602976205412848
D	163	-0.6547634750849496	2.602976205412848
D	164	-0.6537355889388193	2.602976205412848
D	165	-0.6527077027926892	2.602976205412848
D	166	-0.6516798166465589	2.602976205412848
D	167	-0.6506519305004287	2.602976205412848
D	168	-0.6496240443542984	2.602976205412848
D	169	-0.6485961582081683	2.602976205412848
D	170	-0.647568272062038	2.602976205412848
D	171	-0.6465403859159078	2.602976205412848
D	172	-0.6455124997697776	2.602976205412848
D	173	-0.6444846136236474	2.602976205412848
D	174	-0.6434567274775171	2.602976205412848
D	175	-0.642428841331387	2.602976205412848
D	176	-0.6414009551852567	2.602976205412848
D	177	-0.6403730690391265	2.602976205412848
D	178	-0.6393451828929964	2.602976205412848
D	179	-0.6383172967468661	2.602976205412848
D	180	-0.6372894106007359	2.602976205412848
D	181	-0.6362615244546057	2.602976205412848
D	182	-0.6352336383084755	2.602976205412848
D	183	-0.6342057521623452	2.602976205412848
D	184	-0.633177866016215	2.602976205412848
D	185	-0.6321499798700848	2.602976205412848
D	186	-0.6311220937239546	2.602976205412848
D	187	-0.6300942075778243	2.602976205412848
D	188	-0.629066321431694	2.602976205412848
D	189	-0.6280384352855639	2.602976205412848
D	190	-0.6270105491394337	2.602976205412848
D	191	-0.6259826629933034	2.602976205412848
D	192	-0.6249547768471733	2.602976205412848
D	193	-0.623926890701043	2.602976205412848
D	194	-0.6228990045549128	2.602976205412848
D	195	-0.6218711184087826	2.602976205412848
D	196	-0.6208432322626524	2.602976205412848
D	197	-0.6198153461165221	2.602976205412848
D	198	-0.618787459970392	2.602976205412848
D	199	-0.6177595738242617	2.602976205412848
D	200	-0.6167316876781315	2.602976205412848
D	201	-0.6157038015320013	2.602976205412848
D	202	-0.6146759153858711	2.602976205412848
D	203	-0.6136480292397408	2.602976205412848
D	204	-0.6126201430936106	2.602976205412848
D	205	-0.6115922569474804	2.602976205412848
D	206	-0.6105643708013502	2.602976205412848
D	207	-0.6095364846552199	2.602976205412848
D	208	-0.6085085985090897	2.602976205412848
D	209	-0.6074807123629595	2.602976205412848
D	210	-0.6064528262168293	2.602976205412848
D	211	-0.605424940070699	2.602976205412848
D	212	-0.6043970539245689	2.602976205412848
D	213	-0.6033691677784386	2.602976205412848
D	214	-0.6023412816323084	2.602976205412848
D	215	-0.6013133954861782	2.602976205412848
D	216	-0.600285509340048	2.602976205412848
D	217	-0.5992576231939177	2.602976205412848
D	218	-0.5982297370477876	2.602976205412848
D	219	-0.5972018509016573	2.602976205412848
D	220	-0.5961739647555271	2.602976205412848
D	221	-0.595146078609397	2.602976205412848
D	222	-0.5941181924632667	2.602976205412848
D	223	-0.5930903063171364	2.602976205412848
D	224	-0.5920624201710063	2.602976205412848
D	225	-0.591034534024876	2.602976205412848
D	226	-0.5900066478787458	2.602976205412848
D	227	-0.5889787617326155	2.602976205412848
D	228	-0.5879508755864853	2.602976205412848
D	229	-0.5869229894403551	2.602976205412848
D	230	-0.5858951032942249	2.602976205412848
D	231	-0.5848672171480946	2.602976205412848
D	232	-0.5838393310019645	2.602976205412848
D	233	-0.5828114448558342	2.602976205412848
D	234	-0.581783558709704	2.602976205412848
D	235	-0.5807556725635739	2.602976205412848
D	236	-0.5797277864174436	2.602976205412848
D	237	-0.5786999002713133	2.602976205412848
D	238	-0.5776720141251832	2.602976205412848
D	239	-0.576644127979053	2.602976205412848
D	240	-0.5756162418329227	2.602976205412848
D	241	-0.5745883556867926	2.602976205412848
D	242	-0.5735604695406623	2.602976205412848
D	243	-0.5725325833945321	2.602976205412848
D	244	-0.5715046972484019	2.602976205412848
D	245	-0.5704768111022716	2.602976205412848
D	246	-0.5694489249561414	2.602976205412848
D	247	-0.5684210388100113	2.602976205412848
D	248	-0.5673931526638809	2.602976205412848
D	249	-0.5663652665177508	2.602976205412848
D	250	-0.5653373803716205	2.602976205412848
D	251	-0.5643094942254903	2.602976205412848
D	252	-0.5632816080793601	2.602976205412848
D	253	-0.5622537219332299	2.602976205412848
D	254	-0.5612258357870996	2.602976205412848
D	255	-0.5601979496409695	2.602976205412848
D	256	-0.5591700634948392	2.602976205412848
D	257	-0.558142177348709	2.602976205412848
D	258	-0.5571142912025788	2.602976205412848
D	259	-0.5560864050564486	2.602976205412848
D	260	-0.5550585189103183	2.602976205412848
D	261	-0.5540306327641882	2.602976205412848
D	262	-0.5530027466180579	2.602976205412848
D	263	-0.5519748604719277	2.602976205412848
D	264	-0.5509469743257975	2.602976205412848
D	265	-0.5499190881796672	2.602976205412848
D	266	-0.548891202033537	2.602976205412848
D	267	-0.5478633158874069	2.602976205412848
D	268	-0.5468354297412765	2.602976205412848
D	269	-0.5458075435951464	2.602976205412848
D	270	-0.5447796574490161	2.602976205412848
D	271	-0.5437517713028859	2.602976205412848
D	272	-0.5427238851567557	2.602976205412848
D	273	-0.5416959990106255	2.602976205412848
D	274	-0.5406681128644952	2.602976205412848
D	275	-0.5396402267183651	2.602976205412848
D	276	-0.5386123405722348	2.602976205412848
D	277	-0.5375844544261046	2.602976205412848
D	278	-0.5365565682799744	2.602976205412848
D	279	-0.5355286821338442	2.602976205412848
D	280	-0.5345007959877139	2.602976205412848
D	281	-0.5334729098415838	2.602976205412848
D	282	-0.5324450236954535	2.602976205412848
D	283	-0.5314171375493233	2.602976205412848
D	284	-0.5303892514031932	2.602976205412848
D	285	-0.5293613652570628	2.602976205412848
D	286	-0.5283334791109326	2.602976205412848
D	287	-0.5273055929648025	2.602976205412848
D	288	-0.5262777068186721	2.602976205412848
D	289	-0.525249820672542	2.602976205412848
D	290	-0.5242219345264117	2.602976205412848
D	291	-0.5231940483802815	2.602976205412848
D	292	-0.5221661622341514	2.602976205412848
D	293	-0.5211382760880211	2.602976205412848
D	294	-0.5201103899418908	2.602976205412848
D	295	-0.5190825037957607	2.602976205412848
D	296	-0.5180546176496305	2.602976205412848
D	297	-0.5170267315035002	2.602976205412848
D	298	-0.5159988453573701	2.602976205412848
D	299	-0.5149709592112398	2.602976205412848
D	300	-0.5139430730651096	2.602976205412848
D	301	-0.5129151869189794	2.602976205412848
D	302	-0.5118873007728492	2.602976205412848
D	303	-0.5108594146267189	2.602976205412848
D	304	-0.5098315284805888	2.602976205412848
D	305	-0.5088036423344584	2.602976205412848
D	306	-0.5077757561883283	2.602976205412848
D	307	-0.5067478700421981	2.602976205412848
D	308	-0.5057199838960678	2.602976205412848
D	309	-0.5046920977499376	2.602976205412848
D	310	-0.5036642116038074	2.602976205412848
D	311	-0.5026363254576771	2.602976205412848
D	312	-0.501608439311547	2.602976205412848
D	313	-0.5005805531654167	2.602976205412848
D	314	-0.4995526670192865	2.602976205412848
D	315	-0.49852478087315627	2.602976205412848
D	316	-0.4974968947270261	2.602976205412848
D	317	-0.4964690085808959	2.602976205412848
D	318	-0.4954411224347656	2.602976205412848
D	319	-0.4944132362886354	2.602976205412848
D	320	-0.4933853501425052	2.602976205412848
D	321	-0.492357463996375	2.602976205412848
D	322	-0.4913295778502448	2.602976205412848
D	323	-0.49030169170411453	2.602976205412848
D	324	-0.48927380555798433	2.602976205412848
D	325	-0.48824591941185413	2.602976205412848
D	326	-0.4872180332657239	2.602976205412848
D	327	-0.4861901471195937	2.602976205412848
D	328	-0.48516226097346343	2.602976205412848
D	329	-0.48413437482733324	2.602976205412848
D	330	-0.48310648868120304	2.602976205412848
D	331	-0.4820786025350728	2.6028105810340922
D	332	-0.4810507163889426	2.6025079294765536
D	333	-0.48002283024281234	2.602068282663166
D	334	-0.47899494409668214	2.6014916869715625
D	335	-0.47796705795055194	2.6007782032340763
D	336	-0.4769391718044217	2.5999279067377388
D	337	-0.4759112856582915	2.598940887224282
D	338	-0.47488339951216124	2.597817248890138
D	339	-0.47385551336603104	2.5965571103864367
D	340	-0.47282762721990085	2.59516060481901
D	341	-0.4717997410737706	2.593627879748387
D	342	-0.4707718549276404	2.5919590971897986
D	343	-0.46974396878151015	2.590154433613173
D	344	-0.46871608263537995	2.58821407994314
D	345	-0.46768819648924975	2.5861382415590284
D	346	-0.4666603103431195	2.5839271382948654
D	347	-0.4656324241969893	2.5815810044393785
D	348	-0.46460453805085905	2.579100088735996
D	349	-0.46357665190472885	2.5764846543828437
D	350	-0.46254876575859866	2.573734979032749
D	351	-0.4615208796124684	2.5708513547932372
D	352	-0.4604929934663382	2.567834088226534
D	353	-0.45946510732020795	2.564683500349565
D	354	-0.45843722117407776	2.5613999266339547
D	355	-0.45740933502794756	2.5579837170060267
D	356	-0.4563814488818173	2.554435235846806
D	357	-0.4553535627356871	2.550754861992015
D	358	-0.45432567658955686	2.546942988732078
D	359	-0.45329779044342666	2.5430000238121173
D	360	-0.45226990429729647	2.5389263894319543
D	361	-0.4512420181511662	2.5347225222461116
D	362	-0.450214132005036	2.53038887336381
D	363	-0.44918624585890576	2.525925908348971
D	364	-0.44815835971277557	2.5213341072202153
D	365	-0.44713047356664537	2.516613964450862
D	366	-0.4461025874205151	2.511765988968932
D	367	-0.4450747012743849	2.506790704157143
D	368	-0.44404681512825467	2.501688647852916
D	369	-0.44301892898212447	2.496460372348367
D	370	-0.4419910428359943	2.4911064443903177
D	371	-0.440963156689864	2.4856274451802816
D	372	-0.4399352705437338	2.4800239703744786
D	373	-0.4389073843976036	2.474296630083824
D	374	-0.4378794982514734	2.468446048873935
D	375	-0.4368516121053432	2.4624728657651263
D	376	-0.4358237259592129	2.456377734232415
D	377	-0.43479583981308273	2.4501613222055156
D	378	-0.4337679536669525	2.443824312068843
D	379	-0.4327400675208223	2.43736740066151
D	380	-0.4317121813746921	2.430791299277332
D	381	-0.43068429522856183	2.4240967336648223
D	382	-0.42965640908243163	2.4172844440271932
D	383	-0.4286285229363014	2.4103551850223575
D	384	-0.4276006367901712	2.403309725762928
D	385	-0.426572750644041	2.396148849816216
D	386	-0.42554486449791074	2.3888733552042325
D	387	-0.42451697835178054	2.381484054403688
D	388	-0.4234890922056503	2.373981774345994
D	389	-0.4224612060595201	2.36636735641726
D	390	-0.4214333199133899	2.358641656458296
D	391	-0.42040543376725964	2.3508055447646106
D	392	-0.41937754762112944	2.342859906086413
D	393	-0.4183496614749992	2.334805639628611
D	394	-0.417321775328869	2.326643659050814
D	395	-0.4162938891827388	2.318374892467329
D	396	-0.41526600303660854	2.3100002824471604
D	397	-0.41423811689047835	2.301520786014019
D	398	-0.4132102307443481	2.292937374646309
D	399	-0.4121823445982179	2.284251034277137
D	400	-0.4111544584520877	2.275462765294308
D	401	-0.41012657230595745	2.2665735825403255
D	402	-0.40909868615982725	2.257584515312397
D	403	-0.408070800013697	2.2484966073624246
D	404	-0.4070429138675668	2.239310916897013
D	405	-0.4060150277214366	2.230028516577465
D	406	-0.40498714157530635	2.2206504935197833
D	407	-0.40395925542917616	2.2111779492946724
D	408	-0.4029313692830459	2.201611999927531
D	409	-0.4019034831369157	2.1919537758984635
D	410	-0.4008755969907855	2.182204422142271
D	411	-0.39984771084465526	2.172365098048452
D	412	-0.39881982469852506	2.1624369774612084
D	413	-0.3977919385523948	2.1524212486794414
D	414	-0.3967640524062646	2.1423191144567486
D	415	-0.3957361662601344	2.13213179200143
D	416	-0.39470828011400416	2.1218605129764843
D	417	-0.39368039396787396	2.1115065234996093
D	418	-0.3926525078217437	2.101071084143204
D	419	-0.3916246216756135	2.090555469934365
D	420	-0.3905967355294833	2.0799609703548896
D	421	-0.38956884938335307	2.0692888893412738
D	422	-0.38854096323722287	2.0585405452847145
D	423	-0.3875130770910926	2.0477324924965616
D	424	-0.3864851909449624	2.0369563567434685
D	425	-0.3854573047988322	2.026231497110582
D	426	-0.38442941865270197	2.0155577646669602
D	427	-0.3834015325065718	2.004935010917914
D	428	-0.3823736463604415	1.9943630878050058
D	429	-0.3813457602143113	1.9838418477060542
D	430	-0.3803178740681811	1.9733711434351293
D	431	-0.3792899879220509	1.9629508282425525
D	432	-0.3782621017759207	1.9525807558149029
D	433	-0.3772342156297904	1.9422607802750083
D	434	-0.37620632948366023	1.9319907561819525
D	435	-0.37517844333753003	1.921770538531072
D	436	-0.3741505571913998	1.9115999827539554
D	437	-0.3731226710452696	1.9014789447184453
D	438	-0.37209478489913933	1.8914072807286377
D	439	-0.37106689875300913	1.881384847524882
D	440	-0.37003901260687894	1.8714115022837796
D	441	-0.3690111264607487	1.8614871026181854
D	442	-0.3679832403146185	1.8516115065772099
D	443	-0.36695535416848823	1.8417845726462119
D	444	-0.36592746802235804	1.8320061597468098
D	445	-0.36489958187622784	1.8222761272368686
D	446	-0.3638716957300976	1.8125943349105114
D	447	-0.3628438095839674	1.8029606429981122
D	448	-0.3618159234378372	1.7933749121662992
D	449	-0.36078803729170694	1.7838370035179518
D	450	-0.35976015114557675	1.7743467785922065
D	451	-0.3587322649994465	1.7649040993644483
D	452	-0.3577043788533163	1.7555088282463196
D	453	-0.3566764927071861	1.7461608280857135
D	454	-0.35564860656105585	1.736859962166776
D	455	-0.35462072041492565	1.7276060942099085
D	456	-0.3535928342687954	1.7183990883717628
D	457	-0.3525649481226652	1.7092388092452475
D	458	-0.351537061976535	1.7001251218595208
D	459	-0.35050917583040475	1.6910578916799954
D	460	-0.34948128968427455	1.6820369846083392
D	461	-0.3484534035381443	1.6730622669824688
D	462	-0.3474255173920141	1.6641336055765594
D	463	-0.3463976312458839	1.6552508676010351
D	464	-0.34536974509975366	1.6464139207025754
D	465	-0.34434185895362346	1.6376226329641124
D	466	-0.3433139728074932	1.6288768729048304
D	467	-0.342286086661363	1.6201765094801694
D	468	-0.3412582005152328	1.6115214120818209
D	469	-0.34023031436910256	1.6029114505377287
D	470	-0.33920242822297236	1.5943464951120911
D	471	-0.3381745420768421	1.5858264165053604
D	472	-0.3371466559307119	1.5773510858542408
D	473	-0.3361187697845817	1.568920374731689
D	474	-0.33509088363845146	1.5605341551469172
D	475	-0.33406299749232127	1.5521922995453887
D	476	-0.333035111346191	1.5438946808088203
D	477	-0.3320072252000608	1.5356411722551844
D	478	-0.3309793390539306	1.5274316476387029
D	479	-0.32995145290780037	1.5192659811498528
D	480	-0.32892356676167017	1.5111440474153652
D	481	-0.3278956806155399	1.5030657214982224
D	482	-0.3268677944694097	1.4950308788976618
D	483	-0.3258399083232795	1.4870393955491723
D	484	-0.3248120221771493	1.4790911478244966
D	485	-0.3237841360310191	1.4711860125316316
D	486	-0.3227562498848888	1.4633238669148259
D	487	-0.32172836373875857	1.4555045886545823
D	488	-0.32070047759262843	1.4477280558676573
D	489	-0.3196725914464982	1.4399941471070576
D	490	-0.3186447053003679	1.4323027413620473
D	491	-0.3176168191542378	1.4246537180581416
D	492	-0.31658893300810753	1.4170469570571071
D	493	-0.3155610468619773	1.409482338656967
D	494	-0.31453316071584714	1.4019597435919962
D	495	-0.3135052745697169	1.394479053032722
D	496	-0.31247738842358663	1.3870401485859258
D	497	-0.3114495022774564	1.3796429122946425
D	498	-0.31042161613132624	1.3722872266381603
D	499	-0.309393729985196	1.3649729745320185
D	500	-0.30836584383906573	1.3577000393280123
D	501	-0.3073379576929356	1.350468304814189
D	502	-0.30631007154680534	1.3432776552148478
D	503	-0.3052821854006751	1.3361279751905437
D	504	-0.30425429925454495	1.3290191498380834
D	505	-0.3032264131084147	1.3219510646905261
D	506	-0.30219852696228444	1.3149236057171856
D	507	-0.3011706408161542	1.3079366593236283
D	508	-0.30014275467002405	1.3009901123516747
D	509	-0.2991148685238938	1.294083852079396
D	510	-0.29808698237776354	1.287217766221119
D	511	-0.2970590962316334	1.2803917429274236
D	512	-0.29603121008550315	1.273605670785141
D	513	-0.2950033239393729	1.2668594388173577
D	514	-0.29397543779324276	1.2601529364834128
D	515	-0.2929475516471125	1.2534860536788972
D	516	-0.29191966550098225	1.2468586807356568
D	517	-0.2908917793548521	1.2402707084217903
D	518	-0.28986389320872186	1.2337220279416488
D	519	-0.2888360070625916	1.2272125309358373
D	520	-0.28780812091646135	1.2207421094812139
D	521	-0.2867802347703312	1.2143106560908905
D	522	-0.28575234862420096	1.20791806371423
D	523	-0.2847244624780707	1.201564225736851
D	524	-0.28369657633194056	1.195249035980625
D	525	-0.2826686901858103	1.188972388703674
D	526	-0.28164080403968006	1.1827341786003769
D	527	-0.2806129178935499	1.176534300801364
D	528	-0.27958503174741967	1.1703726508735182
D	529	-0.2785571456012894	1.1642491248199764
D	530	-0.27752925945515916	1.1581636190801292
D	531	-0.276501373309029	1.15211603052962
D	532	-0.27547348716289877	1.146106256480344
D	533	-0.2744456010167685	1.1401341946804515
D	534	-0.2734177148706384	1.1341997433143463
D	535	-0.2723898287245081	1.1283028010026825
D	536	-0.27136194257837787	1.12244326680237
D	537	-0.2703340564322477	1.1166210402065726
D	538	-0.2693061702861175	1.1108360211447037
D	539	-0.2682782841399872	1.1050881099824337
D	540	-0.26725039799385697	1.0993772075216834
D	541	-0.26622251184772683	1.0937032150006294
D	542	-0.2651946257015966	1.088066034093699
D	543	-0.2641667395554663	1.082465566911574
D	544	-0.2631388534093362	1.0769017160011898
D	545	-0.26211096726320593	1.0713743843457335
D	546	-0.2610830811170757	1.0658834753646467
D	547	-0.26005519497094554	1.0604288929136243
D	548	-0.2590273088248153	1.05501558311169
D	549	-0.25799942267868503	1.0496503269323958
D	550	-0.2569715365325548	1.0443329137627901
D	551	-0.25594365038642464	1.0390630448465779
D	552	-0.2549157642402944	1.0338404224089786
D	553	-0.25388787809416413	1.0286647496567314
D	554	-0.252859991948034	1.0235357307780943
D	555	-0.25183210580190374	1.0184530709428399
D	556	-0.2508042196557735	1.0134164763022602
D	557	-0.24977633350964334	1.0084256539891663
D	558	-0.2487484473635131	1.0034803121178832
D	559	-0.24772056121738284	0.9985801597842574
D	560	-0.2466926750712526	0.9937249070656506
D	561	-0.24566478892512245	0.9889142650209441
D	562	-0.2446369027789922	0.9841479456905342
D	563	-0.24360901663286194	0.9794256620963376
D	564	-0.2425811304867318	0.9747471282417877
D	565	-0.24155324434060155	0.9701120591118342
D	566	-0.2405253581944713	0.9655201706729462
D	567	-0.23949747204834115	0.9609711798731106
D	568	-0.2384695859022109	0.9564648046418303
D	569	-0.23744169975608065	0.9520007638901273
D	570	-0.2364138136099504	0.9475787775105405
D	571	-0.23538592746382025	0.9431985663771276
D	572	-0.23435804131769	0.9388598523454623
D	573	-0.23333015517155975	0.934562358252637
D	574	-0.2323022690254296	0.9303058079172624
D	575	-0.23127438287929936	0.9260899261394646
D	576	-0.2302464967331691	0.9219144387008898
D	577	-0.22921861058703896	0.9177790723647008
D	578	-0.2281907244409087	0.9136835548755778
D	579	-0.22716283829477846	0.9096276149597191
D	580	-0.2261349521486482	0.9056109823248408
D	581	-0.22510706600251806	0.901633387660177
D	582	-0.2240791798563878	0.8976945626364776
D	583	-0.22305129371025756	0.8937942399060124
D	584	-0.22202340756412742	0.889932153102568
D	585	-0.22099552141799716	0.8861080368414478
D	586	-0.2199676352718669	0.8823216267194748
D	587	-0.21893974912573677	0.878572659314988
D	588	-0.21791186297960652	0.8748608721878444
D	589	-0.21688397683347627	0.8711860038794191
D	590	-0.21585609068734601	0.8675477939126046
D	591	-0.21482820454121587	0.8639459827918118
D	592	-0.21380031839508562	0.8603803120029676
D	593	-0.21277243224895537	0.8568505240135178
D	594	-0.21174454610282523	0.8533563622724263
D	595	-0.21071665995669497	0.8498975712101731
D	596	-0.20968877381056472	0.846473896238757
D	597	-0.20866088766443458	0.843085083751695
D	598	-0.20763300151830433	0.8397308811240198
D	599	-0.20660511537217408	0.836411036712284
D	600	-0.20557722922604382	0.8331252998545562
D	601	-0.20454934307991368	0.8298734208704235
D	602	-0.20352145693378343	0.8266551510609905
D	603	-0.20249357078765318	0.8234702427088791
D	604	-0.20146568464152304	0.8203184490782301
D	605	-0.20043779849539278	0.8171995244147
D	606	-0.19940991234926253	0.8141132239454645
D	607	-0.1983820262031324	0.8110593038792167
D	608	-0.19735414005700214	0.8080375214061666
D	609	-0.19632625391087188	0.8050476346980429
D	610	-0.19529836776474163	0.8020894029080915
D	611	-0.1942704816186115	0.7991625861710762
D	612	-0.19324259547248124	0.7962669456032774
D	613	-0.19221470932635099	0.7934022433024944
D	614	-0.19118682318022084	0.7905682423480445
D	615	-0.1901589370340906	0.7877647068007609
D	616	-0.18913105088796034	0.7849914017029956
D	617	-0.1881031647418302	0.7822480930786192
D	618	-0.18707527859569995	0.779534547933018
D	619	-0.1860473924495697	0.7768505342530969
D	620	-0.18501950630343944	0.7741958210072788
D	621	-0.1839916201573093	0.771570178145504
D	622	-0.18296373401117905	0.7689733765992302
D	623	-0.1819358478650488	0.7664051882814332
D	624	-0.18090796171891865	0.763865386086606
D	625	-0.1798800755727884	0.7613537438907595
D	626	-0.17885218942665815	0.7588700365514223
D	627	-0.177824303280528	0.7564140399076409
D	628	-0.17679641713439775	0.7539855307799788
D	629	-0.1757685309882675	0.751584286970518
D	630	-0.17474064484213725	0.7492100872628573
D	631	-0.1737127586960071	0.7468627114221145
D	632	-0.17268487254987686	0.7445419401949231
D	633	-0.1716569864037466	0.7422475553094356
D	634	-0.17062910025761646	0.7399793394753227
D	635	-0.1696012141114862	0.7377370763837712
D	636	-0.16857332796535596	0.7355205507074862
D	637	-0.16754544181922582	0.7333295481006914
D	638	-0.16651755567309556	0.7311638551991269
D	639	-0.1654896695269653	0.7290232596200505
D	640	-0.16446178338083506	0.726907549962239
D	641	-0.16343389723470492	0.7248165158059856
D	642	-0.16240601108857466	0.7227499477131015
D	643	-0.1613781249424444	0.7207076372269156
D	644	-0.16035023879631427	0.7186893768722749
D	645	-0.15932235265018402	0.716694960155543
D	646	-0.15829446650405377	0.7147241815646022
D	647	-0.15726658035792362	0.712776836568852
D	648	-0.15623869421179337	0.71085272161921
D	649	-0.15521080806566312	0.7089516341481104
D	650	-0.15418292191953298	0.7070733725695064
D	651	-0.15315503577340273	0.7052177362788679
D	652	-0.15212714962727247	0.7033845256531829
D	653	-0.15109926348114222	0.7015735420509571
D	654	-0.15007137733501208	0.6997845878122141
D	655	-0.14904349118888183	0.6980174662584941
D	656	-0.14801560504275157	0.696271981692856
D	657	-0.14698771889662143	0.6945479393998764
D	658	-0.14595983275049118	0.6928451456456489
D	659	-0.14493194660436093	0.6911634076777848
D	660	-0.1439040604582308	0.6895025337254139
D	661	-0.14287617431210053	0.6878623329991829
D	662	-0.14184828816597028	0.6862426156912562
D	663	-0.14082040201984003	0.6846431929753165
D	664	-0.1397925158737099	0.6830638770065636
D	665	-0.13876462972757964	0.681504480921715
D	666	-0.13773674358144938	0.6799648188390057
D	667	-0.13670885743531924	0.6784447058581891
D	668	-0.135680971289189	0.6769439580605356
D	669	-0.13465308514305874	0.6754623925088332
D	670	-0.1336251989969286	0.6739998272473885
D	671	-0.13259731285079834	0.6725560813020244
D	672	-0.1315694267046681	0.6711309746800824
D	673	-0.13054154055853784	0.6697243283704217
D	674	-0.1295136544124077	0.6683359643434187
D	675	-0.12848576826627744	0.6669657055509675
D	676	-0.1274578821201472	0.665613213798683
D	677	-0.12642999597401705	0.6642732104153557
D	678	-0.1254021098278868	0.6629432081462825
D	679	-0.12437422368175655	0.6616232151102405
D	680	-0.1233463375356264	0.660313239567846
D	681	-0.12231845138949615	0.6590132899215534
D	682	-0.1212905652433659	0.6577233747156563
D	683	-0.12026267909723565	0.6564435026362871
D	684	-0.1192347929511055	0.6551736825114178
D	685	-0.11820690680497525	0.6539139233108576
D	686	-0.117179020658845	0.6526642341462565
D	687	-0.11615113451271486	0.651424624271102
D	688	-0.11512324836658461	0.6501951030807215
D	689	-0.11409536222045435	0.6489756801122801
D	690	-0.11306747607432421	0.6477663650447832
D	691	-0.11203958992819396	0.6465671676990741
D	692	-0.11101170378206371	0.6453780980378347
D	693	-0.10998381763593346	0.6441991661655873
D	694	-0.10895593148980331	0.6430303823286913
D	695	-0.10792804534367306	0.6418717569153461
D	696	-0.10690015919754281	0.6407233004555897
D	697	-0.10587227305141267	0.6395850236212992
D	698	-0.10484438690528242	0.6384569372261899
D	699	-0.10381650075915216	0.6373390522258169
D	700	-0.10278861461302202	0.6362313797175735
D	701	-0.10176072846689177	0.6351339309406919
D	702	-0.10073284232076152	0.6340467172762435
D	703	-0.09970495617463127	0.6329697502471388
D	704	-0.09867707002850112	0.6319030415181264
D	705	-0.09764918388237087	0.6308466028957946
D	706	-0.09662129773624062	0.6298004463285699
D	707	-0.09559341159011048	0.6287645839067184
D	708	-0.09456552544398023	0.6277390278623445
D	709	-0.09353763929784997	0.6267237905693919
D	710	-0.09250975315171983	0.6257188845436423
D	711	-0.09148186700558958	0.6247243224427177
D	712	-0.09045398085945933	0.6237401170660778
D	713	-0.08942609471332907	0.6227662813550221
D	714	-0.08839820856719893	0.621802828392688
D	715	-0.08737032242106868	0.6208497714040524
D	716	-0.08634243627493843	0.619907123755931
D	717	-0.08531455012880829	0.6189748989569788
D	718	-0.08428666398267803	0.6180531106576885
D	719	-0.08325877783654778	0.6171417726503932
D	720	-0.08223089169041764	0.6162408988692634
D	721	-0.08120300554428739	0.6153505033903097
D	722	-0.08017511939815714	0.6144706004313808
D	723	-0.07914723325202688	0.6136012043521648
D	724	-0.07811934710589674	0.6127423296541883
D	725	-0.07709146095976649	0.611893990980817
D	726	-0.07606357481363624	0.6110562031172555
D	727	-0.0750356886675061	0.610228980990547
D	728	-0.07400780252137584	0.6094123396695741
D	729	-0.07297991637524559	0.6086062943650579
D	730	-0.07195203022911545	0.6078108604295582
D	731	-0.0709241440829852	0.6070260533574741
D	732	-0.06989625793685494	0.6062518887850434
D	733	-0.06886837179072469	0.605488382490343
D	734	-0.06784048564459455	0.6047355503932883
D	735	-0.0668125994984643	0.603993408555634
D	736	-0.06578471335233405	0.6032619731809734
D	737	-0.0647568272062039	0.6025412606147387
D	738	-0.06372894106007365	0.601831287344201
D	739	-0.0627010549139434	0.6011320699984704
D	740	-0.06167316876781326	0.6004436253484957
D	741	-0.060645282621683005	0.5997659703070648
D	742	-0.05961739647555275	0.5990991219288045
D	743	-0.0585895103294225	0.5984430974101802
D	744	-0.05756162418329236	0.5977979140894965
D	745	-0.05653373803716211	0.5971635894468965
D	746	-0.055505851891031854	0.5965401411043627
D	747	-0.05447796574490171	0.5959275868257161
D	748	-0.05345007959877146	0.5953259445166168
D	749	-0.05242219345264121	0.5947352322245631
D	750	-0.05139430730651107	0.5941554681388936
D	751	-0.050366421160380814	0.5935866705907842
D	752	-0.04933853501425056	0.5930288580532512
D	753	-0.04831064886812031	0.5924820491411484
D	754	-0.04728276272199017	0.5919462626111693
D	755	-0.046254876575859916	0.5914215173618462
D	756	-0.04522699042972966	0.5909078324335499
D	757	-0.04419910428359952	0.5904052270084905
D	758	-0.04317121813746927	0.5899137204107171
D	759	-0.04214333199133902	0.5894333321061169
D	760	-0.041115445845208876	0.5889640817024171
D	761	-0.04008755969907862	0.5885059889491826
D	762	-0.03905967355294837	0.5880590737378181
D	763	-0.03803178740681812	0.587623356101567
D	764	-0.03700390126068798	0.5871988562155112
D	765	-0.035976015114557724	0.5867855943965719
D	766	-0.03494812896842747	0.5863835911035087
D	767	-0.03392024282229733	0.5859928669369208
D	768	-0.03289235667616708	0.5856134426392456
D	769	-0.031864470530036826	0.5852453390947598
D	770	-0.030836584383906684	0.5848885773295791
D	771	-0.029808698237776432	0.5845431785116573
D	772	-0.02878081209164618	0.5842091639507881
D	773	-0.027752925945516038	0.5838865550986034
D	774	-0.026725039799385786	0.5835753735485741
D	775	-0.025697153653255533	0.5832756410360105
D	776	-0.02466926750712528	0.5829873794380609
D	777	-0.02364138136099514	0.5827106107737132
D	778	-0.022613495214864887	0.582445357203794
D	779	-0.021585609068734635	0.5821916410309683
D	780	-0.020557722922604493	0.581949484699741
D	781	-0.01952983677647424	0.5817189107964547
D	782	-0.01850195063034399	0.5814999420492917
D	783	-0.017474064484213847	0.5812926013282733
D	784	-0.016446178338083595	0.5810969116452589
D	785	-0.015418292191953342	0.5809128961539476
D	786	-0.01439040604582309	0.5807405781498768
D	787	-0.013362519899692948	0.5805799810704227
D	788	-0.012334633753562696	0.5804311284948014
D	789	-0.011306747607432444	0.5802940441440663
D	790	-0.010278861461302302	0.5801687518811114
D	791	-0.00925097531517205	0.5800552757106683
D	792	-0.008223089169041797	0.5799536397793079
D	793	-0.007195203022911656	0.57986386837544
D	794	-0.0061673168767814035	0.5797859859293136
D	795	-0.005139430730651151	0.5797200170130159
D	796	-0.004111544584520899	0.5796659863404736
D	797	-0.0030836584383907573	0.5796239187674519
D	798	-0.002055772292260505	0.5795938392915552
D	799	-0.0010278861461302524	0.5795757730522264
D	800	-1.1102230246251565e-16	0.5795697453307476
D	801	0.0010278861461301414	0.5795757730522264
D	802	0.002055772292260394	0.5795938392915552
D	803	0.0030836584383905352	0.5796239187674519
D	804	0.004111544584520788	0.5796659863404735
D	805	0.00513943073065104	0.5797200170130158
D	806	0.0061673168767812925	0.5797859859293135
D	807	0.007195203022911434	0.57986386837544
D	808	0.008223089169041686	0.5799536397793079
D	809	0.009250975315171939	0.5800552757106682
D	810	0.01027886146130208	0.5801687518811114
D	811	0.011306747607432333	0.5802940441440663
D	812	0.012334633753562585	0.5804311284948014
D	813	0.013362519899692726	0.5805799810704229
D	814	0.014390406045822979	0.5807405781498768
D	815	0.015418292191953231	0.5809128961539476
D	816	0.016446178338083484	0.581096911645259
D	817	0.017474064484213625	0.5812926013282733
D	818	0.018501950630343877	0.5814999420492919
D	819	0.01952983677647413	0.5817189107964548
D	820	0.02055772292260427	0.581949484699741
D	821	0.021585609068734524	0.5821916410309683
D	822	0.022613495214864776	0.582445357203794
D	823	0.023641381360994917	0.5827106107737132
D	824	0.02466926750712517	0.5829873794380609
D	825	0.025697153653255422	0.5832756410360105
D	826	0.026725039799385675	0.583575373548574
D	827	0.027752925945515816	0.5838865550986034
D	828	0.02878081209164607	0.5842091639507883
D	829	0.02980869823777632	0.5845431785116573
D	830	0.030836584383906462	0.584888577329579
D	831	0.031864470530036715	0.5852453390947598
D	832	0.03289235667616697	0.5856134426392454
D	833	0.03392024282229711	0.5859928669369208
D	834	0.03494812896842736	0.5863835911035086
D	835	0.035976015114557613	0.5867855943965719
D	836	0.037003901260687866	0.5871988562155112
D	837	0.03803178740681801	0.5876233561015669
D	838	0.03905967355294826	0.588059073737818
D	839	0.04008755969907851	0.5885059889491826
D	840	0.041115445845208654	0.5889640817024171
D	841	0.042143331991338906	0.589433332106117
D	842	0.04317121813746916	0.5899137204107171
D	843	0.0441991042835993	0.5904052270084905
D	844	0.04522699042972955	0.5909078324335498
D	845	0.046254876575859805	0.5914215173618462
D	846	0.04728276272199006	0.5919462626111692
D	847	0.0483106488681202	0.5924820491411485
D	848	0.04933853501425045	0.5930288580532512
D	849	0.0503664211603807	0.5935866705907842
D	850	0.051394307306510845	0.5941554681388936
D	851	0.0524221934526411	0.5947352322245631
D	852	0.05345007959877135	0.5953259445166166
D	853	0.05447796574490149	0.595927586825716
D	854	0.05550585189103174	0.5965401411043627
D	855	0.056533738037161996	0.5971635894468965
D	856	0.05756162418329225	0.5977979140894965
D	857	0.05858951032942239	0.5984430974101802
D	858	0.05961739647555264	0.5990991219288044
D	859	0.060645282621682894	0.5997659703070646
D	860	0.061673168767813036	0.6004436253484956
D	861	0.06270105491394329	0.6011320699984701
D	862	0.06372894106007354	0.6018312873442009
D	863	0.06475682720620368	0.6025412606147387
D	864	0.06578471335233393	0.6032619731809732
D	865	0.06681259949846419	0.603993408555634
D	866	0.06784048564459444	0.6047355503932883
D	867	0.06886837179072458	0.6054883824903429
D	868	0.06989625793685483	0.6062518887850434
D	869	0.07092414408298509	0.6070260533574738
D	870	0.07195203022911523	0.6078108604295579
D	871	0.07297991637524548	0.6086062943650579
D	872	0.07400780252137573	0.6094123396695742
D	873	0.07503568866750587	0.6102289809905469
D	874	0.07606357481363613	0.6110562031172553
D	875	0.07709146095976638	0.611893990980817
D	876	0.07811934710589663	0.6127423296541883
D	877	0.07914723325202677	0.6136012043521648
D	878	0.08017511939815702	0.6144706004313807
D	879	0.08120300554428728	0.6153505033903095
D	880	0.08223089169041742	0.6162408988692631
D	881	0.08325877783654767	0.6171417726503929
D	882	0.08428666398267792	0.6180531106576885
D	883	0.08531455012880806	0.6189748989569785
D	884	0.08634243627493832	0.6199071237559309
D	885	0.08737032242106857	0.6208497714040522
D	886	0.08839820856719882	0.6218028283926877
D	887	0.08942609471332896	0.6227662813550218
D	888	0.09045398085945922	0.6237401170660777
D	889	0.09148186700558947	0.6247243224427175
D	890	0.09250975315171961	0.6257188845436421
D	891	0.09353763929784986	0.6267237905693916
D	892	0.09456552544398011	0.6277390278623445
D	893	0.09559341159011026	0.6287645839067182
D	894	0.09662129773624051	0.6298004463285698
D	895	0.09764918388237076	0.6308466028957944
D	896	0.0986770700285009	0.6319030415181262
D	897	0.09970495617463115	0.6329697502471385
D	898	0.1007328423207614	0.6340467172762434
D	899	0.10176072846689166	0.6351339309406918
D	900	0.1027886146130218	0.6362313797175733
D	901	0.10381650075915205	0.6373390522258167
D	902	0.1048443869052823	0.6384569372261899
D	903	0.10587227305141245	0.639585023621299
D	904	0.1069001591975427	0.6407233004555897
D	905	0.10792804534367295	0.641871756915346
D	906	0.10895593148980309	0.6430303823286911
D	907	0.10998381763593335	0.644199166165587
D	908	0.1110117037820636	0.6453780980378346
D	909	0.11203958992819385	0.6465671676990739
D	910	0.11306747607432399	0.647766365044783
D	911	0.11409536222045424	0.64897568011228
D	912	0.1151232483665845	0.6501951030807214
D	913	0.11615113451271464	0.6514246242711018
D	914	0.11717902065884489	0.6526642341462563
D	915	0.11820690680497514	0.6539139233108576
D	916	0.11923479295110528	0.6551736825114175
D	917	0.12026267909723554	0.656443502636287
D	918	0.12129056524336579	0.6577233747156561
D	919	0.12231845138949604	0.6590132899215533
D	920	0.12334633753562618	0.6603132395678458
D	921	0.12437422368175644	0.6616232151102404
D	922	0.1254021098278867	0.6629432081462823
D	923	0.12642999597401683	0.6642732104153554
D	924	0.12745788212014708	0.665613213798683
D	925	0.12848576826627733	0.6669657055509675
D	926	0.12951365441240748	0.6683359643434184
D	927	0.13054154055853773	0.6697243283704216
D	928	0.13156942670466798	0.6711309746800822
D	929	0.13259731285079823	0.6725560813020242
D	930	0.13362519899692837	0.6739998272473883
D	931	0.13465308514305863	0.6754623925088331
D	932	0.13568097128918888	0.6769439580605354
D	933	0.13670885743531902	0.6784447058581886
D	934	0.13773674358144927	0.6799648188390055
D	935	0.13876462972757952	0.6815044809217147
D	936	0.13979251587370967	0.6830638770065631
D	937	0.14082040201983992	0.6846431929753163
D	938	0.14184828816597017	0.6862426156912561
D	939	0.14287617431210042	0.6878623329991826
D	940	0.14390406045823056	0.6895025337254136
D	941	0.14493194660436082	0.6911634076777846
D	942	0.14595983275049107	0.6928451456456487
D	943	0.1469877188966212	0.694547939399876
D	944	0.14801560504275146	0.6962719816928558
D	945	0.14904349118888172	0.6980174662584939
D	946	0.15007137733501186	0.6997845878122138
D	947	0.1510992634811421	0.701573542050957
D	948	0.15212714962727236	0.7033845256531828
D	949	0.15315503577340261	0.7052177362788677
D	950	0.15418292191953276	0.707073372569506
D	951	0.155210808065663	0.7089516341481101
D	952	0.15623869421179326	0.7108527216192098
D	953	0.1572665803579234	0.7127768365688517
D	954	0.15829446650405365	0.7147241815646019
D	955	0.1593223526501839	0.7166949601555428
D	956	0.16035023879631405	0.7186893768722746
D	957	0.1613781249424443	0.7207076372269153
D	958	0.16240601108857455	0.7227499477131012
D	959	0.1634338972347048	0.7248165158059856
D	960	0.16446178338083495	0.7269075499622388
D	961	0.1654896695269652	0.7290232596200503
D	962	0.16651755567309545	0.7311638551991266
D	963	0.1675454418192256	0.733329548100691
D	964	0.16857332796535585	0.735520550707486
D	965	0.1696012141114861	0.7377370763837707
D	966	0.17062910025761624	0.7399793394753225
D	967	0.1716569864037465	0.7422475553094354
D	968	0.17268487254987674	0.7445419401949229
D	969	0.173712758696007	0.7468627114221141
D	970	0.17474064484213714	0.7492100872628571
D	971	0.1757685309882674	0.7515842869705178
D	972	0.17679641713439764	0.7539855307799787
D	973	0.17782430328052778	0.7564140399076404
D	974	0.17885218942665815	0.7588700365514223
D	975	0.1798800755727883	0.7613537438907592
D	976	0.18090796171891843	0.7638653860866054
D	977	0.1819358478650488	0.7664051882814332
D	978	0.18296373401117894	0.7689733765992298
D	979	0.18399162015730908	0.7715701781455035
D	980	0.18501950630343944	0.7741958210072788
D	981	0.18604739244956958	0.7768505342530967
D	982	0.18707527859569972	0.7795345479330175
D	983	0.1881031647418301	0.7822480930786189
D	984	0.18913105088796023	0.7849914017029954
D	985	0.19015893703409037	0.7877647068007603
D	986	0.19118682318022073	0.7905682423480441
D	987	0.19221470932635087	0.7934022433024941
D	988	0.19324259547248102	0.7962669456032767
D	989	0.19427048161861138	0.7991625861710758
D	990	0.19529836776474152	0.8020894029080912
D	991	0.19632625391087166	0.8050476346980424
D	992	0.19735414005700203	0.8080375214061662
D	993	0.19838202620313217	0.8110593038792161
D	994	0.19940991234926253	0.8141132239454645
D	995	0.20043779849539267	0.8171995244146997
D	996	0.2014656846415228	0.8203184490782294
D	997	0.20249357078765318	0.8234702427088791
D	998	0.20352145693378332	0.8266551510609901
D	999	0.20454934307991346	0.829873420870423
D	1000	0.20557722922604382	0.8331252998545562
D	1001	0.20660511537217396	0.8364110367122837
D	1002	0.2076330015183041	0.8397308811240192
D	1003	0.20866088766443447	0.8430850837516948
D	1004	0.2096887738105646	0.8464738962387567
D	1005	0.21071665995669475	0.8498975712101724
D	1006	0.21174454610282512	0.8533563622724258
D	1007	0.21277243224895526	0.8568505240135174
D	1008	0.2138003183950854	0.8603803120029668
D	1009	0.21482820454121576	0.8639459827918115
D	1010	0.2158560906873459	0.8675477939126042
D	1011	0.21688397683347604	0.8711860038794184
D	1012	0.2179118629796064	0.8748608721878439
D	1013	0.21893974912573655	0.8785726593149872
D	1014	0.2199676352718669	0.8823216267194748
D	1015	0.22099552141799705	0.8861080368414475
D	1016	0.2220234075641272	0.8899321531025672
D	1017	0.22305129371025756	0.8937942399060124
D	1018	0.2240791798563877	0.8976945626364773
D	1019	0.22510706600251784	0.9016333876601761
D	1020	0.2261349521486482	0.9056109823248408
D	1021	0.22716283829477835	0.9096276149597187
D	1022	0.2281907244409085	0.913683554875577
D	1023	0.22921861058703885	0.9177790723647004
D	1024	0.230246496733169	0.9219144387008893
D	1025	0.23127438287929913	0.9260899261394635
D	1026	0.2323022690254295	0.9303058079172619
D	1027	0.23333015517155964	0.9345623582526364
D	1028	0.23435804131768978	0.9388598523454614
D	1029	0.23538592746382014	0.9431985663771274
D	1030	0.23641381360995029	0.94757877751054
D	1031	0.23744169975608043	0.9520007638901262
D	1032	0.2384695859022108	0.9564648046418297
D	1033	0.23949747204834093	0.9609711798731095
D	1034	0.24052535819447107	0.9655201706729452
D	1035	0.24155324434060144	0.9701120591118337
D	1036	0.24258113048673158	0.9747471282417866
D	1037	0.24360901663286194	0.9794256620963376
D	1038	0.24463690277899208	0.9841479456905338
D	1039	0.24566478892512222	0.988914265020943
D	1040	0.2466926750712526	0.9937249070656506
D	1041	0.24772056121738273	0.998580159784257
D	1042	0.24874844736351287	1.0034803121178824
D	1043	0.24977633350964323	1.0084256539891654
D	1044	0.2508042196557734	1.0134164763022597
D	1045	0.2518321058019035	1.0184530709428388
D	1046	0.2528599919480339	1.0235357307780937
D	1047	0.253887878094164	1.028664749656731
D	1048	0.25491576424029416	1.0338404224089772
D	1049	0.2559436503864245	1.0390630448465772
D	1050	0.25697153653255467	1.0443329137627897
D	1051	0.2579994226786848	1.0496503269323947
D	1052	0.2590273088248152	1.0550155831116896
D	1053	0.2600551949709453	1.0604288929136232
D	1054	0.26108308111707546	1.0658834753646453
D	1055	0.2621109672632058	1.0713743843457328
D	1056	0.26313885340933596	1.0769017160011887
D	1057	0.2641667395554663	1.082465566911574
D	1058	0.26519462570159646	1.0880660340936983
D	1059	0.2662225118477266	1.0937032150006283
D	1060	0.26725039799385697	1.0993772075216834
D	1061	0.2682782841399871	1.1050881099824326
D	1062	0.26930617028611725	1.1108360211447024
D	1063	0.2703340564322476	1.1166210402065722
D	1064	0.27136194257837776	1.1224432668023694
D	1065	0.2723898287245079	1.1283028010026812
D	1066	0.27341771487063826	1.1341997433143454
D	1067	0.2744456010167684	1.1401341946804509
D	1068	0.27547348716289854	1.1461062564803428
D	1069	0.2765013733090289	1.1521160305296192
D	1070	0.27752925945515905	1.1581636190801285
D	1071	0.2785571456012892	1.1642491248199751
D	1072	0.27958503174741955	1.1703726508735177
D	1073	0.2806129178935497	1.1765343008013627
D	1074	0.28164080403967984	1.1827341786003753
D	1075	0.2826686901858102	1.1889723887036734
D	1076	0.28369657633194034	1.1952490359806234
D	1077	0.2847244624780707	1.201564225736851
D	1078	0.28575234862420085	1.2079180637142293
D	1079	0.286780234770331	1.2143106560908892
D	1080	0.28780812091646135	1.2207421094812139
D	1081	0.2888360070625915	1.2272125309358366
D	1082	0.28986389320872163	1.2337220279416474
D	1083	0.290891779354852	1.2402707084217899
D	1084	0.29191966550098214	1.2468586807356559
D	1085	0.2929475516471123	1.2534860536788957
D	1086	0.29397543779324264	1.2601529364834123
D	1087	0.2950033239393728	1.2668594388173569
D	1088	0.2960312100855029	1.2736056707851398
D	1089	0.2970590962316333	1.280391742927423
D	1090	0.29808698237776343	1.2872177662211182
D	1091	0.2991148685238936	1.2940838520793947
D	1092	0.30014275467002394	1.3009901123516738
D	1093	0.3011706408161541	1.3079366593236275
D	1094	0.3021985269622842	1.3149236057171843
D	1095	0.3032264131084146	1.3219510646905255
D	1096	0.3042542992545447	1.3290191498380817
D	1097	0.3052821854006751	1.3361279751905437
D	1098	0.30631007154680523	1.343277655214847
D	1099	0.30733795769293537	1.3504683048141872
D	1100	0.30836584383906573	1.3577000393280123
D	1101	0.3093937299851959	1.3649729745320176
D	1102	0.310421616131326	1.3722872266381585
D	1103	0.3114495022774564	1.3796429122946425
D	1104	0.3124773884235865	1.3870401485859247
D	1105	0.31350527456971666	1.3944790530327205
D	1106	0.314533160715847	1.4019597435919955
D	1107	0.31556104686197717	1.409482338656966
D	1108	0.3165889330081073	1.4170469570571051
D	1109	0.3176168191542377	1.4246537180581407
D	1110	0.3186447053003678	1.4323027413620464
D	1111	0.31967259144649796	1.4399941471070563
D	1112	0.3207004775926283	1.4477280558676564
D	1113	0.32172836373875846	1.4555045886545817
D	1114	0.3227562498848886	1.463323866914824
D	1115	0.32378413603101897	1.4711860125316312
D	1116	0.3248120221771491	1.4790911478244952
D	1117	0.32583990832327947	1.4870393955491719
D	1118	0.3268677944694096	1.4950308788976607
D	1119	0.32789568061553975	1.5030657214982208
D	1120	0.3289235667616701	1.5111440474153648
D	1121	0.32995145290780026	1.5192659811498517
D	1122	0.3309793390539304	1.5274316476387013
D	1123	0.33200722520006076	1.535641172255184
D	1124	0.3330351113461909	1.5438946808088194
D	1125	0.33406299749232105	1.5521922995453867
D	1126	0.3350908836384514	1.5605341551469167
D	1127	0.33611876978458155	1.5689203747316878
D	1128	0.3371466559307117	1.5773510858542386
D	1129	0.33817454207684206	1.5858264165053602
D	1130	0.3392024282229722	1.59434649511209
D	1131	0.34023031436910234	1.6029114505377264
D	1132	0.3412582005152327	1.61152141208182
D	1133	0.34228608666136284	1.6201765094801683
D	1134	0.343313972807493	1.6288768729048282
D	1135	0.34434185895362335	1.6376226329641113
D	1136	0.3453697450997535	1.646413920702574
D	1137	0.34639763124588385	1.6552508676010347
D	1138	0.347425517392014	1.6641336055765583
D	1139	0.34845340353814414	1.6730622669824677
D	1140	0.3494812896842745	1.6820369846083385
D	1141	0.35050917583040464	1.6910578916799943
D	1142	0.3515370619765348	1.7001251218595188
D	1143	0.35256494812266514	1.709238809245247
D	1144	0.3535928342687953	1.7183990883717621
D	1145	0.3546207204149254	1.7276060942099063
D	1146	0.3556486065610558	1.7368599621667755
D	1147	0.35667649270718593	1.7461608280857122
D	1148	0.3577043788533161	1.7555088282463176
D	1149	0.35873226499944644	1.7649040993644478
D	1150	0.3597601511455766	1.7743467785922054
D	1151	0.3607880372917067	1.78383700351795
D	1152	0.3618159234378371	1.7933749121662985
D	1153	0.3628438095839672	1.8029606429981109
D	1154	0.36387169573009737	1.8125943349105094
D	1155	0.36489958187622773	1.8222761272368677
D	1156	0.36592746802235787	1.832006159746808
D	1157	0.366955354168488	1.84178457264621
D	1158	0.3679832403146184	1.8516115065772085
D	1159	0.3690111264607485	1.861487102618184
D	1160	0.3700390126068789	1.8714115022837787
D	1161	0.371066898753009	1.8813848475248809
D	1162	0.37209478489913916	1.8914072807286362
D	1163	0.3731226710452695	1.9014789447184448
D	1164	0.37415055719139967	1.9115999827539536
D	1165	0.3751784433375298	1.92177053853107
D	1166	0.3762063294836602	1.9319907561819525
D	1167	0.3772342156297903	1.942260780275007
D	1168	0.37826210177592046	1.952580755814901
D	1169	0.3792899879220508	1.9629508282425518
D	1170	0.38031787406818096	1.9733711434351275
D	1171	0.3813457602143111	1.9838418477060524
D	1172	0.38237364636044147	1.994363087805005
D	1173	0.3834015325065716	2.004935010917912
D	1174	0.38442941865270175	2.015557764666958
D	1175	0.3854573047988321	2.0262314971105813
D	1176	0.38648519094496225	2.0369563567434668
D	1177	0.3875130770910924	2.04773249249656
D	1178	0.38854096323722276	2.058540545284713
D	1179	0.3895688493833529	2.0692888893412715
D	1180	0.39059673552948326	2.0799609703548887
D	1181	0.3916246216756134	2.0905554699343636
D	1182	0.39265250782174355	2.1010710841432023
D	1183	0.3936803939678739	2.1115065234996093
D	1184	0.39470828011400405	2.1218605129764834
D	1185	0.3957361662601342	2.132131792001428
D	1186	0.39676405240626456	2.142319114456748
D	1187	0.3977919385523947	2.15242124867944
D	1188	0.39881982469852484	2.1624369774612067
D	1189	0.3998477108446552	2.1723650980484512
D	1190	0.40087559699078534	2.1822044221422687
D	1191	0.4019034831369155	2.1919537758984617
D	1192	0.40293136928304585	2.2016119999275303
D	1193	0.403959255429176	2.2111779492946706
D	1194	0.40498714157530613	2.2206504935197824
D	1195	0.4060150277214365	2.2300285165774643
D	1196	0.40704291386756664	2.2393109168970113
D	1197	0.4080708000136968	2.248496607362423
D	1198	0.40909868615982714	2.2575845153123963
D	1199	0.4101265723059573	2.266573582540324
D	1200	0.41115445845208765	2.2754627652943076
D	1201	0.4121823445982178	2.2842510342771365
D	1202	0.41321023074434793	2.292937374646308
D	1203	0.4142381168904783	2.301520786014019
D	1204	0.41526600303660843	2.3100002824471604
D	1205	0.4162938891827386	2.3183748924673266
D	1206	0.41732177532886894	2.3266436590508133
D	1207	0.4183496614749991	2.3348056396286103
D	1208	0.4193775476211292	2.342859906086411
D	1209	0.4204054337672596	2.3508055447646097
D	1210	0.4214333199133897	2.3586416564582944
D	1211	0.42246120605951987	2.366367356417258
D	1212	0.42348909220565023	2.3739817743459932
D	1213	0.42451697835178037	2.3814840544036864
D	1214	0.4255448644979105	2.3888733552042307
D	1215	0.4265727506440409	2.396148849816215
D	1216	0.427600636790171	2.403309725762927
D	1217	0.42862852293630116	2.4103551850223566
D	1218	0.4296564090824315	2.4172844440271923
D	1219	0.43068429522856166	2.424096733664821
D	1220	0.43171218137469203	2.430791299277332
D	1221	0.43274006752082217	2.4373674006615094
D	1222	0.4337679536669523	2.443824312068841
D	1223	0.4347958398130827	2.450161322205515
D	1224	0.4358237259592128	2.4563777342324142
D	1225	0.43685161210534296	2.4624728657651254
D	1226	0.4378794982514733	2.4684460488739344
D	1227	0.43890738439760346	2.474296630083823
D	1228	0.4399352705437336	2.4800239703744777
D	1229	0.44096315668986397	2.4856274451802816
D	1230	0.4419910428359941	2.491106444390317
D	1231	0.44301892898212425	2.4964603723483667
D	1232	0.4440468151282546	2.501688647852916
D	1233	0.44507470127438475	2.506790704157142
D	1234	0.4461025874205149	2.5117659889689303
D	1235	0.44713047356664526	2.516613964450862
D	1236	0.4481583597127754	2.5213341072202144
D	1237	0.44918624585890554	2.5259259083489702
D	1238	0.4502141320050359	2.5303888733638096
D	1239	0.45124201815116605	2.5347225222461107
D	1240	0.4522699042972964	2.5389263894319543
D	1241	0.45329779044342655	2.543000023812117
D	1242	0.4543256765895567	2.5469429887320776
D	1243	0.45535356273568706	2.550754861992015
D	1244	0.4563814488818172	2.5544352358468054
D	1245	0.45740933502794734	2.5579837170060262
D	1246	0.4584372211740777	2.561399926633954
D	1247	0.45946510732020784	2.564683500349565
D	1248	0.460492993466338	2.5678340882265336
D	1249	0.46152087961246835	2.5708513547932372
D	1250	0.4625487657585985	2.573734979032748
D	1251	0.46357665190472863	2.5764846543828432
D	1252	0.464604538050859	2.5791000887359954
D	1253	0.46563242419698914	2.5815810044393777
D	1254	0.4666603103431193	2.5839271382948645
D	1255	0.46768819648924964	2.586138241559028
D	1256	0.4687160826353798	2.58821407994314
D	1257	0.4697439687815099	2.590154433613173
D	1258	0.4707718549276403	2.5919590971897986
D	1259	0.47179974107377043	2.5936278797483867
D	1260	0.4728276272199008	2.59516060481901
D	1261	0.47385551336603093	2.5965571103864367
D	1262	0.4748833995121611	2.597817248890138
D	1263	0.47591128565829144	2.598940887224282
D	1264	0.4769391718044216	2.5999279067377383
D	1265	0.4779670579505517	2.6007782032340763
D	1266	0.4789949440966821	2.6014916869715625
D	1267	0.4800228302428122	2.602068282663166
D	1268	0.48105071638894237	2.6025079294765536
D	1269	0.48207860253507273	2.6028105810340922
D	1270	0.4831064886812029	2.602976205412848
D	1271	0.484134374827333	2.602976205412848
D	1272	0.4851622609734634	2.602976205412848
D	1273	0.4861901471195935	2.602976205412848
D	1274	0.48721803326572366	2.602976205412848
D	1275	0.488245919411854	2.602976205412848
D	1276	0.48927380555798416	2.602976205412848
D	1277	0.4903016917041143	2.602976205412848
D	1278	0.49132957785024467	2.602976205412848
D	1279	0.4923574639963748	2.602976205412848
D	1280	0.4933853501425052	2.602976205412848
D	1281	0.4944132362886353	2.602976205412848
D	1282	0.49544112243476546	2.602976205412848
D	1283	0.4964690085808958	2.602976205412848
D	1284	0.49749689472702596	2.602976205412848
D	1285	0.4985247808731561	2.602976205412848
D	1286	0.49955266701928647	2.602976205412848
D	1287	0.5005805531654166	2.602976205412848
D	1288	0.5016084393115467	2.602976205412848
D	1289	0.5026363254576771	2.602976205412848
D	1290	0.5036642116038073	2.602976205412848
D	1291	0.5046920977499374	2.602976205412848
D	1292	0.5057199838960678	2.602976205412848
D	1293	0.5067478700421979	2.602976205412848
D	1294	0.507775756188328	2.602976205412848
D	1295	0.5088036423344584	2.602976205412848
D	1296	0.5098315284805885	2.602976205412848
D	1297	0.5108594146267187	2.602976205412848
D	1298	0.511887300772849	2.602976205412848
D	1299	0.5129151869189792	2.602976205412848
D	1300	0.5139430730651093	2.602976205412848
D	1301	0.5149709592112397	2.602976205412848
D	1302	0.5159988453573698	2.602976205412848
D	1303	0.5170267315035002	2.602976205412848
D	1304	0.5180546176496303	2.602976205412848
D	1305	0.5190825037957605	2.602976205412848
D	1306	0.5201103899418908	2.602976205412848
D	1307	0.521138276088021	2.602976205412848
D	1308	0.5221661622341511	2.602976205412848
D	1309	0.5231940483802815	2.602976205412848
D	1310	0.5242219345264116	2.602976205412848
D	1311	0.5252498206725418	2.602976205412848
D	1312	0.5262777068186721	2.602976205412848
D	1313	0.5273055929648023	2.602976205412848
D	1314	0.5283334791109324	2.602976205412848
D	1315	0.5293613652570628	2.602976205412848
D	1316	0.5303892514031929	2.602976205412848
D	1317	0.5314171375493231	2.602976205412848
D	1318	0.5324450236954534	2.602976205412848
D	1319	0.5334729098415836	2.602976205412848
D	1320	0.5345007959877137	2.602976205412848
D	1321	0.5355286821338441	2.602976205412848
D	1322	0.5365565682799742	2.602976205412848
D	1323	0.5375844544261046	2.602976205412848
D	1324	0.5386123405722347	2.602976205412848
D	1325	0.5396402267183649	2.602976205412848
D	1326	0.5406681128644952	2.602976205412848
D	1327	0.5416959990106254	2.602976205412848
D	1328	0.5427238851567555	2.602976205412848
D	1329	0.5437517713028859	2.602976205412848
D	1330	0.544779657449016	2.602976205412848
D	1331	0.5458075435951462	2.602976205412848
D	1332	0.5468354297412765	2.602976205412848
D	1333	0.5478633158874067	2.602976205412848
D	1334	0.5488912020335368	2.602976205412848
D	1335	0.5499190881796672	2.602976205412848
D	1336	0.5509469743257973	2.602976205412848
D	1337	0.5519748604719275	2.602976205412848
D	1338	0.5530027466180578	2.602976205412848
D	1339	0.554030632764188	2.602976205412848
D	1340	0.5550585189103181	2.602976205412848
D	1341	0.5560864050564485	2.602976205412848
D	1342	0.5571142912025786	2.602976205412848
D	1343	0.558142177348709	2.602976205412848
D	1344	0.5591700634948391	2.602976205412848
D	1345	0.5601979496409693	2.602976205412848
D	1346	0.5612258357870996	2.602976205412848
D	1347	0.5622537219332298	2.602976205412848
D	1348	0.5632816080793599	2.602976205412848
D	1349	0.5643094942254903	2.602976205412848
D	1350	0.5653373803716204	2.602976205412848
D	1351	0.5663652665177505	2.602976205412848
D	1352	0.5673931526638809	2.602976205412848
D	1353	0.568421038810011	2.602976205412848
D	1354	0.5694489249561412	2.602976205412848
D	1355	0.5704768111022716	2.602976205412848
D	1356	0.5715046972484017	2.602976205412848
D	1357	0.5725325833945318	2.602976205412848
D	1358	0.5735604695406622	2.602976205412848
D	1359	0.5745883556867923	2.602976205412848
D	1360	0.5756162418329225	2.602976205412848
D	1361	0.5766441279790528	2.602976205412848
D	1362	0.577672014125183	2.602976205412848
D	1363	0.5786999002713133	2.602976205412848
D	1364	0.5797277864174435	2.602976205412848
D	1365	0.5807556725635736	2.602976205412848
D	1366	0.581783558709704	2.602976205412848
D	1367	0.5828114448558341	2.602976205412848
D	1368	0.5838393310019643	2.602976205412848
D	1369	0.5848672171480946	2.602976205412848
D	1370	0.5858951032942248	2.602976205412848
D	1371	0.5869229894403549	2.602976205412848
D	1372	0.5879508755864853	2.602976205412848
D	1373	0.5889787617326154	2.602976205412848
D	1374	0.5900066478787456	2.602976205412848
D	1375	0.5910345340248759	2.602976205412848
D	1376	0.5920624201710061	2.602976205412848
D	1377	0.5930903063171362	2.602976205412848
D	1378	0.5941181924632666	2.602976205412848
D	1379	0.5951460786093967	2.602976205412848
D	1380	0.5961739647555269	2.602976205412848
D	1381	0.5972018509016572	2.602976205412848
D	1382	0.5982297370477874	2.602976205412848
D	1383	0.5992576231939177	2.602976205412848
D	1384	0.6002855093400479	2.602976205412848
D	1385	0.601313395486178	2.602976205412848
D	1386	0.6023412816323084	2.602976205412848
D	1387	0.6033691677784385	2.602976205412848
D	1388	0.6043970539245687	2.602976205412848
D	1389	0.605424940070699	2.602976205412848
D	1390	0.6064528262168292	2.602976205412848
D	1391	0.6074807123629593	2.602976205412848
D	1392	0.6085085985090897	2.602976205412848
D	1393	0.6095364846552198	2.602976205412848
D	1394	0.61056437080135	2.602976205412848
D	1395	0.6115922569474803	2.602976205412848
D	1396	0.6126201430936105	2.602976205412848
D	1397	0.6136480292397406	2.602976205412848
D	1398	0.614675915385871	2.602976205412848
D	1399	0.6157038015320011	2.602976205412848
D	1400	0.6167316876781312	2.602976205412848
D	1401	0.6177595738242616	2.602976205412848
D	1402	0.6187874599703918	2.602976205412848
D	1403	0.6198153461165221	2.602976205412848
D	1404	0.6208432322626523	2.602976205412848
D	1405	0.6218711184087824	2.602976205412848
D	1406	0.6228990045549128	2.602976205412848
D	1407	0.6239268907010429	2.602976205412848
D	1408	0.624954776847173	2.602976205412848
D	1409	0.6259826629933034	2.602976205412848
D	1410	0.6270105491394335	2.602976205412848
D	1411	0.6280384352855637	2.602976205412848
D	1412	0.629066321431694	2.602976205412848
D	1413	0.6300942075778242	2.602976205412848
D	1414	0.6311220937239543	2.602976205412848
D	1415	0.6321499798700847	2.602976205412848
D	1416	0.6331778660162148	2.602976205412848
D	1417	0.634205752162345	2.602976205412848
D	1418	0.6352336383084753	2.602976205412848
D	1419	0.6362615244546055	2.602976205412848
D	1420	0.6372894106007356	2.602976205412848
D	1421	0.638317296746866	2.602976205412848
D	1422	0.6393451828929961	2.602976205412848
D	1423	0.6403730690391263	2.602976205412848
D	1424	0.6414009551852566	2.602976205412848
D	1425	0.6424288413313868	2.602976205412848
D	1426	0.6434567274775171	2.602976205412848
D	1427	0.6444846136236473	2.602976205412848
D	1428	0.6455124997697774	2.602976205412848
D	1429	0.6465403859159078	2.602976205412848
D	1430	0.6475682720620379	2.602976205412848
D	1431	0.6485961582081681	2.602976205412848
D	1432	0.6496240443542984	2.602976205412848
D	1433	0.6506519305004286	2.602976205412848
D	1434	0.6516798166465587	2.602976205412848
D	1435	0.6527077027926891	2.602976205412848
D	1436	0.6537355889388192	2.602976205412848
D	1437	0.6547634750849494	2.602976205412848
D	1438	0.6557913612310797	2.602976205412848
D	1439	0.6568192473772099	2.602976205412848
D	1440	0.65784713352334	2.602976205412848
D	1441	0.6588750196694704	2.602976205412848
D	1442	0.6599029058156005	2.602976205412848
D	1443	0.6609307919617307	2.602976205412848
D	1444	0.661958678107861	2.602976205412848
D	1445	0.6629865642539912	2.602976205412848
D	1446	0.6640144504001215	2.602976205412848
D	1447	0.6650423365462517	2.602976205412848
D	1448	0.6660702226923818	2.602976205412848
D	1449	0.6670981088385122	2.602976205412848
D	1450	0.6681259949846423	2.602976205412848
D	1451	0.6691538811307725	2.602976205412848
D	1452	0.6701817672769028	2.602976205412848
D	1453	0.671209653423033	2.602976205412848
D	1454	0.6722375395691631	2.602976205412848
D	1455	0.6732654257152935	2.602976205412848
D	1456	0.6742933118614236	2.602976205412848
D	1457	0.6753211980075537	2.602976205412848
D	1458	0.6763490841536841	2.602976205412848
D	1459	0.6773769702998143	2.602976205412848
D	1460	0.6784048564459444	2.602976205412848
D	1461	0.6794327425920748	2.602976205412848
D	1462	0.6804606287382049	2.602976205412848
D	1463	0.681488514884335	2.602976205412848
D	1464	0.6825164010304654	2.602976205412848
D	1465	0.6835442871765955	2.602976205412848
D	1466	0.6845721733227259	2.602976205412848
D	1467	0.685600059468856	2.602976205412848
D	1468	0.6866279456149862	2.602976205412848
D	1469	0.6876558317611166	2.602976205412848
D	1470	0.6886837179072467	2.602976205412848
D	1471	0.6897116040533768	2.602976205412848
D	1472	0.6907394901995072	2.602976205412848
D	1473	0.6917673763456373	2.602976205412848
D	1474	0.6927952624917675	2.602976205412848
D	1475	0.6938231486378978	2.602976205412848
D	1476	0.694851034784028	2.602976205412848
D	1477	0.6958789209301581	2.602976205412848
D	1478	0.6969068070762885	2.602976205412848
D	1479	0.6979346932224186	2.602976205412848
D	1480	0.6989625793685488	2.602976205412848
D	1481	0.6999904655146791	2.602976205412848
D	1482	0.7010183516608093	2.602976205412848
D	1483	0.7020462378069394	2.602976205412848
D	1484	0.7030741239530698	2.602976205412848
D	1485	0.7041020100991999	2.602976205412848
D	1486	0.7051298962453303	2.602976205412848
D	1487	0.7061577823914604	2.602976205412848
D	1488	0.7071856685375906	2.602976205412848
D	1489	0.7082135546837209	2.602976205412848
D	1490	0.7092414408298511	2.602976205412848
D	1491	0.7102693269759812	2.602976205412848
D	1492	0.7112972131221116	2.602976205412848
D	1493	0.7123250992682417	2.602976205412848
D	1494	0.7133529854143719	2.602976205412848
D	1495	0.7143808715605022	2.602976205412848
D	1496	0.7154087577066324	2.602976205412848
D	1497	0.7164366438527625	2.602976205412848
D	1498	0.7174645299988929	2.602976205412848
D	1499	0.718492416145023	2.602976205412848
D	1500	0.7195203022911532	2.602976205412848
D	1501	0.7205481884372835	2.602976205412848
D	1502	0.7215760745834137	2.602976205412848
D	1503	0.7226039607295438	2.602976205412848
D	1504	0.7236318468756742	2.602976205412848
D	1505	0.7246597330218043	2.602976205412848
D	1506	0.7256876191679347	2.602976205412848
D	1507	0.7267155053140648	2.602976205412848
D	1508	0.727743391460195	2.602976205412848
D	1509	0.7287712776063253	2.602976205412848
D	1510	0.7297991637524555	2.602976205412848
D	1511	0.7308270498985856	2.602976205412848
D	1512	0.731854936044716	2.602976205412848
D	1513	0.7328828221908461	2.602976205412848
D	1514	0.7339107083369762	2.602976205412848
D	1515	0.7349385944831066	2.602976205412848
D	1516	0.7359664806292368	2.602976205412848
D	1517	0.7369943667753669	2.602976205412848
D	1518	0.7380222529214973	2.602976205412848
D	1519	0.7390501390676274	2.602976205412848
D	1520	0.7400780252137575	2.602976205412848
D	1521	0.7411059113598879	2.602976205412848
D	1522	0.742133797506018	2.602976205412848
D	1523	0.7431616836521482	2.602976205412848
D	1524	0.7441895697982785	2.602976205412848
D	1525	0.7452174559444087	2.602976205412848
D	1526	0.746245342090539	2.602976205412848
D	1527	0.7472732282366692	2.602976205412848
D	1528	0.7483011143827993	2.602976205412848
D	1529	0.7493290005289297	2.602976205412848
D	1530	0.7503568866750598	2.602976205412848
D	1531	0.75138477282119	2.602976205412848
D	1532	0.7524126589673203	2.602976205412848
D	1533	0.7534405451134505	2.602976205412848
D	1534	0.7544684312595806	2.602976205412848
D	1535	0.755496317405711	2.602976205412848
D	1536	0.7565242035518411	2.602976205412848
D	1537	0.7575520896979713	2.602976205412848
D	1538	0.7585799758441016	2.602976205412848
D	1539	0.7596078619902318	2.602976205412848
D	1540	0.7606357481363619	2.602976205412848
D	1541	0.7616636342824923	2.602976205412848
D	1542	0.7626915204286224	2.602976205412848
D	1543	0.7637194065747526	2.602976205412848
D	1544	0.7647472927208829	2.602976205412848
D	1545	0.7657751788670131	2.602976205412848
D	1546	0.7668030650131432	2.602976205412848
D	1547	0.7678309511592736	2.602976205412848
D	1548	0.7688588373054037	2.602976205412848
D	1549	0.7698867234515341	2.602976205412848
D	1550	0.7709146095976642	2.602976205412848
D	1551	0.7719424957437944	2.602976205412848
D	1552	0.7729703818899247	2.602976205412848
D	1553	0.7739982680360549	2.602976205412848
D	1554	0.775026154182185	2.602976205412848
D	1555	0.7760540403283154	2.602976205412848
D	1556	0.7770819264744455	2.602976205412848
D	1557	0.7781098126205757	2.602976205412848
D	1558	0.779137698766706	2.602976205412848
D	1559	0.7801655849128362	2.602976205412848
D	1560	0.7811934710589663	2.602976205412848
D	1561	0.7822213572050967	2.602976205412848
D	1562	0.7832492433512268	2.602976205412848
D	1563	0.784277129497357	2.602976205412848
D	1564	0.7853050156434873	2.602976205412848
D	1565	0.7863329017896175	2.602976205412848
D	1566	0.7873607879357476	2.602976205412848
D	1567	0.788388674081878	2.602976205412848
D	1568	0.7894165602280081	2.602976205412848
D	1569	0.7904444463741385	2.602976205412848
D	1570	0.7914723325202686	2.602976205412848
D	1571	0.7925002186663987	2.602976205412848
D	1572	0.7935281048125291	2.602976205412848
D	1573	0.7945559909586593	2.602976205412848
D	1574	0.7955838771047894	2.602976205412848
D	1575	0.7966117632509198	2.602976205412848
D	1576	0.7976396493970499	2.602976205412848
D	1577	0.79866753554318	2.602976205412848
D	1578	0.7996954216893104	2.602976205412848
D	1579	0.8007233078354405	2.602976205412848
D	1580	0.8017511939815707	2.602976205412848
D	1581	0.802779080127701	2.602976205412848
D	1582	0.8038069662738312	2.602976205412848
D	1583	0.8048348524199613	2.602976205412848
D	1584	0.8058627385660917	2.602976205412848
D	1585	0.8068906247122218	2.602976205412848
D	1586	0.807918510858352	2.602976205412848
D	1587	0.8089463970044823	2.602976205412848
D	1588	0.8099742831506125	2.602976205412848
D	1589	0.8110021692967428	2.602976205412848
D	1590	0.812030055442873	2.602976205412848
D	1591	0.8130579415890031	2.602976205412848
D	1592	0.8140858277351335	2.602976205412848
D	1593	0.8151137138812636	2.602976205412848
D	1594	0.8161416000273938	2.602976205412848
D	1595	0.8171694861735241	2.602976205412848
D	1596	0.8181973723196543	2.602976205412848
D	1597	0.8192252584657844	2.602976205412848
D	1598	0.8202531446119148	2.602976205412848
D	1599	0.8212810307580449	2.602976205412848
D	1600	0.8223089169041753	2.602976205412848
