stage_or_version	section	attempt	status_class	authority	authority_sha256	scientific_execution	new_DFT	new_training	new_dynamics	known_defect	superseded_by	independence_status	usable_claim	forbidden_claim	next_action	recorded_status	current_pointer_names	evidence_document_count	evidence_level
01_environment/v000	01_environment	${PROJECT_ROOT}/01_environment/v000	EXPLORATORY	NO_TERMINAL_RECORD_LOCATED		UNKNOWN	UNKNOWN	UNKNOWN	UNKNOWN	Not established by the available top-level records; not an exhaustive physics/code audit.		NOT_ESTABLISHED	Inventory record, scientific success not inferred from directory name.	No promotion from a PASS marker alone; no gamma-as-error or unsupported deployment/IID claim.	NO_AUTOMATIC_ACTION_FROM_THIS_AUDIT			0	INVENTORY_ONLY_NO_TERMINAL_STATUS
01_environment/v001	01_environment	${PROJECT_ROOT}/01_environment/v001	EXPLORATORY	NO_TERMINAL_RECORD_LOCATED		UNKNOWN	UNKNOWN	UNKNOWN	UNKNOWN	Not established by the available top-level records; not an exhaustive physics/code audit.		NOT_ESTABLISHED	Inventory record, scientific success not inferred from directory name.	No promotion from a PASS marker alone; no gamma-as-error or unsupported deployment/IID claim.	NO_AUTOMATIC_ACTION_FROM_THIS_AUDIT			0	INVENTORY_ONLY_NO_TERMINAL_STATUS
01_environment/v002	01_environment	${PROJECT_ROOT}/01_environment/v002	EXPLORATORY	NO_TERMINAL_RECORD_LOCATED		UNKNOWN	UNKNOWN	UNKNOWN	UNKNOWN	Not established by the available top-level records; not an exhaustive physics/code audit.		NOT_ESTABLISHED	Inventory record, scientific success not inferred from directory name.	No promotion from a PASS marker alone; no gamma-as-error or unsupported deployment/IID claim.	NO_AUTOMATIC_ACTION_FROM_THIS_AUDIT			0	INVENTORY_ONLY_NO_TERMINAL_STATUS
01_environment/v003	01_environment	${PROJECT_ROOT}/01_environment/v003	EXPLORATORY	NO_TERMINAL_RECORD_LOCATED		UNKNOWN	UNKNOWN	UNKNOWN	UNKNOWN	Not established by the available top-level records; not an exhaustive physics/code audit.		NOT_ESTABLISHED	Inventory record, scientific success not inferred from directory name.	No promotion from a PASS marker alone; no gamma-as-error or unsupported deployment/IID claim.	NO_AUTOMATIC_ACTION_FROM_THIS_AUDIT			0	INVENTORY_ONLY_NO_TERMINAL_STATUS
01_environment/v004	01_environment	${PROJECT_ROOT}/01_environment/v004	EXPLORATORY	NO_TERMINAL_RECORD_LOCATED		UNKNOWN	UNKNOWN	UNKNOWN	UNKNOWN	Not established by the available top-level records; not an exhaustive physics/code audit.		NOT_ESTABLISHED	Inventory record, scientific success not inferred from directory name.	No promotion from a PASS marker alone; no gamma-as-error or unsupported deployment/IID claim.	NO_AUTOMATIC_ACTION_FROM_THIS_AUDIT			0	INVENTORY_ONLY_NO_TERMINAL_STATUS
01_environment/v005	01_environment	${PROJECT_ROOT}/01_environment/v005	EXPLORATORY	NO_TERMINAL_RECORD_LOCATED		UNKNOWN	UNKNOWN	UNKNOWN	UNKNOWN	Not established by the available top-level records; not an exhaustive physics/code audit.		NOT_ESTABLISHED	Inventory record, scientific success not inferred from directory name.	No promotion from a PASS marker alone; no gamma-as-error or unsupported deployment/IID claim.	NO_AUTOMATIC_ACTION_FROM_THIS_AUDIT			0	INVENTORY_ONLY_NO_TERMINAL_STATUS
02_dft_convergence/v002	02_dft_convergence	${PROJECT_ROOT}/02_dft_convergence/v002	EXPLORATORY	NO_TERMINAL_RECORD_LOCATED		UNKNOWN	UNKNOWN	UNKNOWN	UNKNOWN	Not established by the available top-level records; not an exhaustive physics/code audit.		NOT_ESTABLISHED	Inventory record, scientific success not inferred from directory name.	No promotion from a PASS marker alone; no gamma-as-error or unsupported deployment/IID claim.	NO_AUTOMATIC_ACTION_FROM_THIS_AUDIT			0	INVENTORY_ONLY_NO_TERMINAL_STATUS
02_dft_convergence/v003	02_dft_convergence	${PROJECT_ROOT}/02_dft_convergence/v003	AUTHORITATIVE	${PROJECT_ROOT}/02_dft_convergence/v003/dft_convergence_summary_v003.json	7d4b329a147236b3600f2bbb83b2d981920fc22ad72c4f6db9f9a56658e17d23	UNKNOWN	UNKNOWN	UNKNOWN	UNKNOWN	Not established by the available top-level records; not an exhaustive physics/code audit.		NOT_ESTABLISHED	Use only within recorded terminal outcome and source-specific caveats.	No promotion from a PASS marker alone; no gamma-as-error or unsupported deployment/IID claim.	NO_AUTOMATIC_ACTION_FROM_THIS_AUDIT	status=PASS		3	SOURCE_DOCUMENTS_HASHED_NOT_RERUN
02_dft_convergence/v004_cutoff_extension	02_dft_convergence	${PROJECT_ROOT}/02_dft_convergence/v004_cutoff_extension	EXPLORATORY	NO_TERMINAL_RECORD_LOCATED		UNKNOWN	UNKNOWN	UNKNOWN	UNKNOWN	Not established by the available top-level records; not an exhaustive physics/code audit.		NOT_ESTABLISHED	Inventory record, scientific success not inferred from directory name.	No promotion from a PASS marker alone; no gamma-as-error or unsupported deployment/IID claim.	NO_AUTOMATIC_ACTION_FROM_THIS_AUDIT			0	INVENTORY_ONLY_NO_TERMINAL_STATUS
02_dft_convergence/v005	02_dft_convergence	${PROJECT_ROOT}/02_dft_convergence/v005	AUTHORITATIVE	${PROJECT_ROOT}/02_dft_convergence/v005/dft_convergence_summary_v005.json	2c0019b5109ac12df24937d7f898fcaf74188c716532a8bb2db2f13adc97a8a1	UNKNOWN	UNKNOWN	UNKNOWN	UNKNOWN	Not established by the available top-level records; not an exhaustive physics/code audit.		NOT_ESTABLISHED	Use only within recorded terminal outcome and source-specific caveats.	No promotion from a PASS marker alone; no gamma-as-error or unsupported deployment/IID claim.	NO_AUTOMATIC_ACTION_FROM_THIS_AUDIT	status=PASS		3	SOURCE_DOCUMENTS_HASHED_NOT_RERUN
03_endpoints/v000_initial_geometry	03_endpoints	${PROJECT_ROOT}/03_endpoints/v000_initial_geometry	EXPLORATORY	NO_TERMINAL_RECORD_LOCATED		UNKNOWN	UNKNOWN	UNKNOWN	UNKNOWN	Not established by the available top-level records; not an exhaustive physics/code audit.		NOT_ESTABLISHED	Inventory record, scientific success not inferred from directory name.	No promotion from a PASS marker alone; no gamma-as-error or unsupported deployment/IID claim.	NO_AUTOMATIC_ACTION_FROM_THIS_AUDIT			2	INVENTORY_ONLY_NO_TERMINAL_STATUS
03_endpoints/v001_dft_relaxation	03_endpoints	${PROJECT_ROOT}/03_endpoints/v001_dft_relaxation	EXPLORATORY	NO_TERMINAL_RECORD_LOCATED		UNKNOWN	UNKNOWN	UNKNOWN	UNKNOWN	Not established by the available top-level records; not an exhaustive physics/code audit.		NOT_ESTABLISHED	Inventory record, scientific success not inferred from directory name.	No promotion from a PASS marker alone; no gamma-as-error or unsupported deployment/IID claim.	NO_AUTOMATIC_ACTION_FROM_THIS_AUDIT			1	INVENTORY_ONLY_NO_TERMINAL_STATUS
03_endpoints/v002_dft_relaxation	03_endpoints	${PROJECT_ROOT}/03_endpoints/v002_dft_relaxation	EXPLORATORY	NO_TERMINAL_RECORD_LOCATED		UNKNOWN	UNKNOWN	UNKNOWN	UNKNOWN	Not established by the available top-level records; not an exhaustive physics/code audit.		NOT_ESTABLISHED	Inventory record, scientific success not inferred from directory name.	No promotion from a PASS marker alone; no gamma-as-error or unsupported deployment/IID claim.	NO_AUTOMATIC_ACTION_FROM_THIS_AUDIT			1	INVENTORY_ONLY_NO_TERMINAL_STATUS
03_endpoints/v003_dft_relaxation	03_endpoints	${PROJECT_ROOT}/03_endpoints/v003_dft_relaxation	AUTHORITATIVE	${PROJECT_ROOT}/03_endpoints/v003_dft_relaxation/endpoint_relaxation_summary_v003.json	133529adbea5dfdf71201bd218dfea1398c08f49ef2ec8c02b1f19b073a941d0	UNKNOWN	UNKNOWN	UNKNOWN	UNKNOWN	Not established by the available top-level records; not an exhaustive physics/code audit.		NOT_ESTABLISHED	Use only within recorded terminal outcome and source-specific caveats.	No promotion from a PASS marker alone; no gamma-as-error or unsupported deployment/IID claim.	NO_AUTOMATIC_ACTION_FROM_THIS_AUDIT	status=PASS		2	SOURCE_DOCUMENTS_HASHED_NOT_RERUN
04_audit/v001_frozen_ci_neb_path	04_audit	${PROJECT_ROOT}/04_audit/v001_frozen_ci_neb_path	AUTHORITATIVE	${PROJECT_ROOT}/04_audit/v001_frozen_ci_neb_path/frozen_audit_summary_v001.json	a6c7fb7fc8fd4cbba93eb4c4f7aff16ac61ef103efbc490e1c6d6495928fe82a	UNKNOWN	UNKNOWN	UNKNOWN	UNKNOWN	Not established by the available top-level records; not an exhaustive physics/code audit.		NOT_ESTABLISHED	Use only within recorded terminal outcome and source-specific caveats.	No promotion from a PASS marker alone; no gamma-as-error or unsupported deployment/IID claim.	NO_AUTOMATIC_ACTION_FROM_THIS_AUDIT	status=PASS		2	SOURCE_DOCUMENTS_HASHED_NOT_RERUN
04_neb/v001_no_ci_7images	04_neb	${PROJECT_ROOT}/04_neb/v001_no_ci_7images	AUTHORITATIVE	${PROJECT_ROOT}/04_neb/v001_no_ci_7images/neb_summary_v001.json	e04ca2a19da2b1a87b1092b99c5184f57b3648a0e0d8d7a02cd6c72580681a61	UNKNOWN	UNKNOWN	UNKNOWN	UNKNOWN	Not established by the available top-level records; not an exhaustive physics/code audit.		NOT_ESTABLISHED	Use only within recorded terminal outcome and source-specific caveats.	No promotion from a PASS marker alone; no gamma-as-error or unsupported deployment/IID claim.	NO_AUTOMATIC_ACTION_FROM_THIS_AUDIT	status=PASS		2	SOURCE_DOCUMENTS_HASHED_NOT_RERUN
04_neb/v002_ci_manual_image4_7images	04_neb	${PROJECT_ROOT}/04_neb/v002_ci_manual_image4_7images	AUTHORITATIVE	${PROJECT_ROOT}/04_neb/v002_ci_manual_image4_7images/ci_neb_summary_v002.json	fb432142b0553a05a9db674b6e211c23895521ffd194cbea4f6e23b493ce42e5	UNKNOWN	UNKNOWN	UNKNOWN	UNKNOWN	Not established by the available top-level records; not an exhaustive physics/code audit.		NOT_ESTABLISHED	Use only within recorded terminal outcome and source-specific caveats.	No promotion from a PASS marker alone; no gamma-as-error or unsupported deployment/IID claim.	NO_AUTOMATIC_ACTION_FROM_THIS_AUDIT	status=PASS		2	SOURCE_DOCUMENTS_HASHED_NOT_RERUN
05_seed_dataset/v000	05_seed_dataset	${PROJECT_ROOT}/05_seed_dataset/versions/v000	EXPLORATORY	NO_TERMINAL_RECORD_LOCATED		UNKNOWN	UNKNOWN	UNKNOWN	UNKNOWN	Not established by the available top-level records; not an exhaustive physics/code audit.		NOT_ESTABLISHED	Inventory record, scientific success not inferred from directory name.	No promotion from a PASS marker alone; no gamma-as-error or unsupported deployment/IID claim.	NO_AUTOMATIC_ACTION_FROM_THIS_AUDIT			0	INVENTORY_ONLY_NO_TERMINAL_STATUS
05_seed_dataset/v001_dft_seed_near_basin_and_transition	05_seed_dataset	${PROJECT_ROOT}/05_seed_dataset/versions/v001_dft_seed_near_basin_and_transition	SUPERSEDED	${PROJECT_ROOT}/05_seed_dataset/versions/v001_dft_seed_near_basin_and_transition/seed_dataset_summary_v001.json	a1be8746632c119fb9d88481cfeaad85d3ec3f2f8524397433e9bdc7493b07e9	UNKNOWN	UNKNOWN	UNKNOWN	UNKNOWN	Invalid force labels, wrong QE block. Keep raw outputs, use corrected labels.	${PROJECT_ROOT}/05_seed_dataset/versions/v002_dft_seed_forcefix_from_v001_outputs	NOT_ESTABLISHED	Invalid force labels, wrong QE block. Keep raw outputs, use corrected labels.	No promotion from a PASS marker alone; no gamma-as-error or unsupported deployment/IID claim.	NO_AUTOMATIC_ACTION_FROM_THIS_AUDIT	status=PASS		3	SOURCE_DOCUMENTS_HASHED_NOT_RERUN
05_seed_dataset/v002_dft_seed_forcefix_from_v001_outputs	05_seed_dataset	${PROJECT_ROOT}/05_seed_dataset/versions/v002_dft_seed_forcefix_from_v001_outputs	AUTHORITATIVE	${PROJECT_ROOT}/05_seed_dataset/versions/v002_dft_seed_forcefix_from_v001_outputs/seed_dataset_forcefix_summary_v002.json	3555f210164c61fcf92ebdf9e4496cfa59871015a21afdd9f67cd87269dbc1eb	UNKNOWN	UNKNOWN	UNKNOWN	UNKNOWN	Physical force block reparse; corrected seed lineage.		NOT_ESTABLISHED	Physical force block reparse; corrected seed lineage.	No promotion from a PASS marker alone; no gamma-as-error or unsupported deployment/IID claim.	NO_AUTOMATIC_ACTION_FROM_THIS_AUDIT	status=PASS		2	SOURCE_DOCUMENTS_HASHED_NOT_RERUN
06_tube_candidates/v000	06_tube_candidates	${PROJECT_ROOT}/06_tube_candidates/iterations/v000	EXPLORATORY	NO_TERMINAL_RECORD_LOCATED		UNKNOWN	UNKNOWN	UNKNOWN	UNKNOWN	Not established by the available top-level records; not an exhaustive physics/code audit.		NOT_ESTABLISHED	Inventory record, scientific success not inferred from directory name.	No promotion from a PASS marker alone; no gamma-as-error or unsupported deployment/IID claim.	NO_AUTOMATIC_ACTION_FROM_THIS_AUDIT			0	INVENTORY_ONLY_NO_TERMINAL_STATUS
07_models/v000	07_models	${PROJECT_ROOT}/07_models/versions/v000	EXPLORATORY	NO_TERMINAL_RECORD_LOCATED		UNKNOWN	UNKNOWN	UNKNOWN	UNKNOWN	Not established by the available top-level records; not an exhaustive physics/code audit.		NOT_ESTABLISHED	Inventory record, scientific success not inferred from directory name.	No promotion from a PASS marker alone; no gamma-as-error or unsupported deployment/IID claim.	NO_AUTOMATIC_ACTION_FROM_THIS_AUDIT			0	INVENTORY_ONLY_NO_TERMINAL_STATUS
07_models/v001_seed_mtp_forcefixed	07_models	${PROJECT_ROOT}/07_models/versions/v001_seed_mtp_forcefixed	AUTHORITATIVE	${PROJECT_ROOT}/07_models/versions/v001_seed_mtp_forcefixed/model_summary_v001.json	5e012b53c86a0b7ad4380a762e234d15cd3feb337bd2b32bd25cb6f3e0df9a89	UNKNOWN	UNKNOWN	UNKNOWN	UNKNOWN	Not established by the available top-level records; not an exhaustive physics/code audit.		NOT_ESTABLISHED	Use only within recorded terminal outcome and source-specific caveats.	No promotion from a PASS marker alone; no gamma-as-error or unsupported deployment/IID claim.	NO_AUTOMATIC_ACTION_FROM_THIS_AUDIT	status=PASS		2	SOURCE_DOCUMENTS_HASHED_NOT_RERUN
07_models/v002_seed_template_forceweight_sweep	07_models	${PROJECT_ROOT}/07_models/versions/v002_seed_template_forceweight_sweep	AUTHORITATIVE	${PROJECT_ROOT}/07_models/versions/v002_seed_template_forceweight_sweep/template_forceweight_sweep_summary_v002.json	a798d2dfb98828d1a07451ec0be3441ca5082425ebe1449c6ee714205fdd7485	UNKNOWN	UNKNOWN	UNKNOWN	UNKNOWN	Not established by the available top-level records; not an exhaustive physics/code audit.		NOT_ESTABLISHED	Use only within recorded terminal outcome and source-specific caveats.	No promotion from a PASS marker alone; no gamma-as-error or unsupported deployment/IID claim.	NO_AUTOMATIC_ACTION_FROM_THIS_AUDIT	status=PASS		2	SOURCE_DOCUMENTS_HASHED_NOT_RERUN
07_models/v003_selected_mtp_technical_checks	07_models	${PROJECT_ROOT}/07_models/versions/v003_selected_mtp_technical_checks	EXPLORATORY	NO_TERMINAL_RECORD_LOCATED		UNKNOWN	UNKNOWN	UNKNOWN	UNKNOWN	Not established by the available top-level records; not an exhaustive physics/code audit.		NOT_ESTABLISHED	Inventory record, scientific success not inferred from directory name.	No promotion from a PASS marker alone; no gamma-as-error or unsupported deployment/IID claim.	NO_AUTOMATIC_ACTION_FROM_THIS_AUDIT			1	INVENTORY_ONLY_NO_TERMINAL_STATUS
07_models/v004_selected_mtp_technical_checks	07_models	${PROJECT_ROOT}/07_models/versions/v004_selected_mtp_technical_checks	EXPLORATORY	NO_TERMINAL_RECORD_LOCATED		UNKNOWN	UNKNOWN	UNKNOWN	UNKNOWN	Not established by the available top-level records; not an exhaustive physics/code audit.		NOT_ESTABLISHED	Inventory record, scientific success not inferred from directory name.	No promotion from a PASS marker alone; no gamma-as-error or unsupported deployment/IID claim.	NO_AUTOMATIC_ACTION_FROM_THIS_AUDIT			0	INVENTORY_ONLY_NO_TERMINAL_STATUS
07_models/v005_mlip2_lammps_interface_preflight	07_models	${PROJECT_ROOT}/07_models/versions/v005_mlip2_lammps_interface_preflight/attempt_20260714T000222Z	EXPLORATORY	NO_TERMINAL_RECORD_LOCATED		UNKNOWN	UNKNOWN	UNKNOWN	UNKNOWN	Not established by the available top-level records; not an exhaustive physics/code audit.		NOT_ESTABLISHED	Inventory record, scientific success not inferred from directory name.	No promotion from a PASS marker alone; no gamma-as-error or unsupported deployment/IID claim.	NO_AUTOMATIC_ACTION_FROM_THIS_AUDIT			1	INVENTORY_ONLY_NO_TERMINAL_STATUS
07_models/v006_selected_mtp_full_technical_checks	07_models	${PROJECT_ROOT}/07_models/versions/v006_selected_mtp_full_technical_checks/attempt_20260714T001035Z	SCIENTIFIC_FAIL	${PROJECT_ROOT}/07_models/versions/v006_selected_mtp_full_technical_checks/attempt_20260714T001035Z/technical_check_summary.json	e1a8e37b62b5a9218f40497392e8e41c08380faa147f0d02da904f09725c968c	UNKNOWN	UNKNOWN	UNKNOWN	UNKNOWN	Not established by the available top-level records; not an exhaustive physics/code audit.		NOT_ESTABLISHED	Inventory record, scientific success not inferred from directory name.	No promotion from a PASS marker alone; no gamma-as-error or unsupported deployment/IID claim.	NO_AUTOMATIC_ACTION_FROM_THIS_AUDIT	status=FAIL		1	SOURCE_DOCUMENTS_HASHED_NOT_RERUN
07_models/v007_no_update_mindist_retrain_and_checks	07_models	${PROJECT_ROOT}/07_models/versions/v007_no_update_mindist_retrain_and_checks/attempt_20260714T002542Z	SCIENTIFIC_FAIL	${PROJECT_ROOT}/07_models/versions/v007_no_update_mindist_retrain_and_checks/attempt_20260714T002542Z/summary.json	aa43d91a6b6f7e1f0edb900d1ee424d33b14270cefddac731f312159beade2cb	UNKNOWN	UNKNOWN	UNKNOWN	UNKNOWN	Not established by the available top-level records; not an exhaustive physics/code audit.		NOT_ESTABLISHED	Inventory record, scientific success not inferred from directory name.	No promotion from a PASS marker alone; no gamma-as-error or unsupported deployment/IID claim.	NO_AUTOMATIC_ACTION_FROM_THIS_AUDIT	status=FAIL		2	SOURCE_DOCUMENTS_HASHED_NOT_RERUN
07_models/v011_train42_cv_guarded_dynamics	07_models	${PROJECT_ROOT}/07_models/versions/v011_train42_cv_guarded_dynamics/attempt_20260714T173125Z	SCIENTIFIC_FAIL	${PROJECT_ROOT}/07_models/versions/v011_train42_cv_guarded_dynamics/attempt_20260714T173125Z/summary_v011.json	7131466ca72c7f0d1d90380ec92fb63eccf03919a440609077c6247d9579e45e	UNKNOWN	UNKNOWN	UNKNOWN	UNKNOWN	Not established by the available top-level records; not an exhaustive physics/code audit.		NOT_ESTABLISHED	Inventory record, scientific success not inferred from directory name.	No promotion from a PASS marker alone; no gamma-as-error or unsupported deployment/IID claim.	NO_AUTOMATIC_ACTION_FROM_THIS_AUDIT	status=FAIL_NO_DYNAMICS_SAFE_MODEL_SELECTED_FOR_DIAGNOSTICS_ONLY		3	SOURCE_DOCUMENTS_HASHED_NOT_RERUN
07_models/v012_validation_only_common_velocities	07_models	${PROJECT_ROOT}/07_models/versions/v012_validation_only_common_velocities/attempt_20260714T184259Z	AUTHORITATIVE	${PROJECT_ROOT}/07_models/versions/v012_validation_only_common_velocities/attempt_20260714T184259Z/summary_v012.json	ebf8205c4b015b885e50f56f411c197263d789d5ab6c363645c82a888ad7b223	UNKNOWN	UNKNOWN	UNKNOWN	UNKNOWN	Not established by the available top-level records; not an exhaustive physics/code audit.		NOT_ESTABLISHED	Use only within recorded terminal outcome and source-specific caveats.	No promotion from a PASS marker alone; no gamma-as-error or unsupported deployment/IID claim.	NO_AUTOMATIC_ACTION_FROM_THIS_AUDIT	status=PASS_VALIDATION_CONFIRMS_FULL42_L14		2	SOURCE_DOCUMENTS_HASHED_NOT_RERUN
08_active_learning/v000	08_active_learning	${PROJECT_ROOT}/08_active_learning/iterations/v000	EXPLORATORY	NO_TERMINAL_RECORD_LOCATED		UNKNOWN	UNKNOWN	UNKNOWN	UNKNOWN	Not established by the available top-level records; not an exhaustive physics/code audit.		NOT_ESTABLISHED	Inventory record, scientific success not inferred from directory name.	No promotion from a PASS marker alone; no gamma-as-error or unsupported deployment/IID claim.	NO_AUTOMATIC_ACTION_FROM_THIS_AUDIT			0	INVENTORY_ONLY_NO_TERMINAL_STATUS
08_active_learning/v008_bootstrap_l14_safe_nve	08_active_learning	${PROJECT_ROOT}/08_active_learning/versions/v008_bootstrap_l14_safe_nve/attempt_20260714T005040Z	AUTHORITATIVE	${PROJECT_ROOT}/08_active_learning/versions/v008_bootstrap_l14_safe_nve/attempt_20260714T005040Z/bootstrap_al_summary_v008.json	b64a8f3b947a71d2e3d47738f68955590b08481b6fa0db267ee5c093e55fdbd3	UNKNOWN	UNKNOWN	UNKNOWN	UNKNOWN	Not established by the available top-level records; not an exhaustive physics/code audit.		NOT_ESTABLISHED	Use only within recorded terminal outcome and source-specific caveats.	No promotion from a PASS marker alone; no gamma-as-error or unsupported deployment/IID claim.	NO_AUTOMATIC_ACTION_FROM_THIS_AUDIT	status=PASS_NO_EXTRAPOLATIVE_CANDIDATES		3	SOURCE_DOCUMENTS_HASHED_NOT_RERUN
08_active_learning/v009_remap_selectadd_dftqueue_from_v008	08_active_learning	${PROJECT_ROOT}/08_active_learning/versions/v009_remap_selectadd_dftqueue_from_v008/attempt_20260714T012918Z	EXPLORATORY	NO_TERMINAL_RECORD_LOCATED		UNKNOWN	UNKNOWN	UNKNOWN	UNKNOWN	Not established by the available top-level records; not an exhaustive physics/code audit.		NOT_ESTABLISHED	Inventory record, scientific success not inferred from directory name.	No promotion from a PASS marker alone; no gamma-as-error or unsupported deployment/IID claim.	NO_AUTOMATIC_ACTION_FROM_THIS_AUDIT			1	INVENTORY_ONLY_NO_TERMINAL_STATUS
08_active_learning/v009_remap_selectadd_dftqueue_from_v008	08_active_learning	${PROJECT_ROOT}/08_active_learning/versions/v009_remap_selectadd_dftqueue_from_v008/attempt_20260714T013329Z	AUTHORITATIVE	${PROJECT_ROOT}/08_active_learning/versions/v009_remap_selectadd_dftqueue_from_v008/attempt_20260714T013329Z/summary_v009.json	766f5a3f43be53ce2986bc7ea5f63174c22a34abef6f5d28f60cbfb5731f8daf	UNKNOWN	UNKNOWN	UNKNOWN	UNKNOWN	Not established by the available top-level records; not an exhaustive physics/code audit.		NOT_ESTABLISHED	Use only within recorded terminal outcome and source-specific caveats.	No promotion from a PASS marker alone; no gamma-as-error or unsupported deployment/IID claim.	NO_AUTOMATIC_ACTION_FROM_THIS_AUDIT	status=PASS_DFT_QUEUE_READY		3	SOURCE_DOCUMENTS_HASHED_NOT_RERUN
08_active_learning/v010_dft_labels_al_queue_v009	08_active_learning	${PROJECT_ROOT}/08_active_learning/versions/v010_dft_labels_al_queue_v009/attempt_20260714T015711Z	AUTHORITATIVE	${PROJECT_ROOT}/08_active_learning/versions/v010_dft_labels_al_queue_v009/attempt_20260714T015711Z/summary_v010.json	cbeaa82db298774176833462ae1c6b526f4192b6a0bb2eb1140f36610f042749	UNKNOWN	UNKNOWN	UNKNOWN	UNKNOWN	Not established by the available top-level records; not an exhaustive physics/code audit.		NOT_ESTABLISHED	Use only within recorded terminal outcome and source-specific caveats.	No promotion from a PASS marker alone; no gamma-as-error or unsupported deployment/IID claim.	NO_AUTOMATIC_ACTION_FROM_THIS_AUDIT	status=PASS_ALL_DFT_LABELLED	CURRENT_DFT_ATTEMPT.txt	4	SOURCE_DOCUMENTS_HASHED_NOT_RERUN
08_active_learning/v013_second_batch_from_remaining56	08_active_learning	${PROJECT_ROOT}/08_active_learning/versions/v013_second_batch_from_remaining56/attempt_20260714T193210Z	AUTHORITATIVE	${PROJECT_ROOT}/08_active_learning/versions/v013_second_batch_from_remaining56/attempt_20260714T193210Z/summary_v013.json	ebb9846b9fbf26679e9d11f76bdcb44eb664c06fa0f7d9c20c9f5cc9fda02da9	UNKNOWN	UNKNOWN	UNKNOWN	UNKNOWN	Not established by the available top-level records; not an exhaustive physics/code audit.		NOT_ESTABLISHED	Use only within recorded terminal outcome and source-specific caveats.	No promotion from a PASS marker alone; no gamma-as-error or unsupported deployment/IID claim.	NO_AUTOMATIC_ACTION_FROM_THIS_AUDIT	status=PASS_SECOND_DFT_QUEUE_READY		2	SOURCE_DOCUMENTS_HASHED_NOT_RERUN
09_strict_comparison/v014_recovery_inventory	09_strict_comparison	${PROJECT_ROOT}/09_strict_comparison/versions/v014_recovery_inventory/attempt_20260714T200427Z	AUTHORITATIVE	${PROJECT_ROOT}/09_strict_comparison/versions/v014_recovery_inventory/attempt_20260714T200427Z/summary_v014.json	66b716a11fca8901a2d9b7bc83fdcf26f6712938d3b2939d19a762e91d268989	UNKNOWN	UNKNOWN	UNKNOWN	UNKNOWN	Not established by the available top-level records; not an exhaustive physics/code audit.		NOT_ESTABLISHED	Use only within recorded terminal outcome and source-specific caveats.	No promotion from a PASS marker alone; no gamma-as-error or unsupported deployment/IID claim.	NO_AUTOMATIC_ACTION_FROM_THIS_AUDIT	status=PASS_STRICT_INVENTORY_READY	CURRENT_STRICT_INVENTORY.txt	2	SOURCE_DOCUMENTS_HASHED_NOT_RERUN
09_strict_comparison/v015_common_seed_candidate_design	09_strict_comparison	${PROJECT_ROOT}/09_strict_comparison/versions/v015_common_seed_candidate_design/attempt_20260714T205434Z	AUTHORITATIVE	${PROJECT_ROOT}/09_strict_comparison/versions/v015_common_seed_candidate_design/attempt_20260714T205434Z/summary_v015.json	822ca184bd5227bd4efc7d65a5934f23641ec7c62a1764f209514ac635df9915	UNKNOWN	UNKNOWN	UNKNOWN	UNKNOWN	Not established by the available top-level records; not an exhaustive physics/code audit.		NOT_ESTABLISHED	Use only within recorded terminal outcome and source-specific caveats.	No promotion from a PASS marker alone; no gamma-as-error or unsupported deployment/IID claim.	NO_AUTOMATIC_ACTION_FROM_THIS_AUDIT	status=PASS_STRICT_COMMON_QUEUE_READY_FOR_REVIEW	CURRENT_STRICT_COMMON_DESIGN.txt	3	SOURCE_DOCUMENTS_HASHED_NOT_RERUN
09_strict_comparison/v016_common_seed_dft_labels	09_strict_comparison	${PROJECT_ROOT}/09_strict_comparison/versions/v016_common_seed_dft_labels/attempt_20260714T212858Z	EXPLORATORY	NO_TERMINAL_RECORD_LOCATED		UNKNOWN	UNKNOWN	UNKNOWN	UNKNOWN	Not established by the available top-level records; not an exhaustive physics/code audit.		NOT_ESTABLISHED	Inventory record, scientific success not inferred from directory name.	No promotion from a PASS marker alone; no gamma-as-error or unsupported deployment/IID claim.	NO_AUTOMATIC_ACTION_FROM_THIS_AUDIT			1	INVENTORY_ONLY_NO_TERMINAL_STATUS
09_strict_comparison/v016_common_seed_dft_labels	09_strict_comparison	${PROJECT_ROOT}/09_strict_comparison/versions/v016_common_seed_dft_labels/attempt_20260714T213818Z	EXPLORATORY	NO_TERMINAL_RECORD_LOCATED		UNKNOWN	UNKNOWN	UNKNOWN	UNKNOWN	Not established by the available top-level records; not an exhaustive physics/code audit.		NOT_ESTABLISHED	Inventory record, scientific success not inferred from directory name.	No promotion from a PASS marker alone; no gamma-as-error or unsupported deployment/IID claim.	NO_AUTOMATIC_ACTION_FROM_THIS_AUDIT			1	INVENTORY_ONLY_NO_TERMINAL_STATUS
09_strict_comparison/v016_common_seed_dft_labels	09_strict_comparison	${PROJECT_ROOT}/09_strict_comparison/versions/v016_common_seed_dft_labels/attempt_20260715T093212Z	AUTHORITATIVE	${PROJECT_ROOT}/09_strict_comparison/versions/v016_common_seed_dft_labels/attempt_20260715T093212Z/summary_v016.json	b253edbc24231b7a2ffae0916e3cbe0fc1a1d75c57730617da3aa7223e6a447c	UNKNOWN	UNKNOWN	UNKNOWN	UNKNOWN	Not established by the available top-level records; not an exhaustive physics/code audit.		NOT_ESTABLISHED	Use only within recorded terminal outcome and source-specific caveats.	No promotion from a PASS marker alone; no gamma-as-error or unsupported deployment/IID claim.	NO_AUTOMATIC_ACTION_FROM_THIS_AUDIT	status=PASS_ALL_DFT_LABELLED_COMMON36	CURRENT_COMMON_DFT_LABELING.txt	2	SOURCE_DOCUMENTS_HASHED_NOT_RERUN
09_strict_comparison/v017_common36_l14_training	09_strict_comparison	${PROJECT_ROOT}/09_strict_comparison/versions/v017_common36_l14_training/attempt_20260716T004845Z	SUPERSEDED	NO_TERMINAL_RECORD_LOCATED		UNKNOWN	UNKNOWN	UNKNOWN	UNKNOWN	L14 not the subsequently frozen L12 model.	${PROJECT_ROOT}/09_strict_comparison/versions/v018_common36_l12_protocol_recovery/attempt_20260716T092100Z; ${PROJECT_ROOT}/09_strict_comparison/versions/v018_common36_l12_protocol_recovery/attempt_20260716T092559Z	NOT_ESTABLISHED	L14 not the subsequently frozen L12 model.	No promotion from a PASS marker alone; no gamma-as-error or unsupported deployment/IID claim.	NO_AUTOMATIC_ACTION_FROM_THIS_AUDIT			1	INVENTORY_ONLY_NO_TERMINAL_STATUS
09_strict_comparison/v017_common36_l14_training	09_strict_comparison	${PROJECT_ROOT}/09_strict_comparison/versions/v017_common36_l14_training/attempt_20260716T010106Z	SUPERSEDED	NO_TERMINAL_RECORD_LOCATED		UNKNOWN	UNKNOWN	UNKNOWN	UNKNOWN	L14 not the subsequently frozen L12 model.	${PROJECT_ROOT}/09_strict_comparison/versions/v018_common36_l12_protocol_recovery/attempt_20260716T092100Z; ${PROJECT_ROOT}/09_strict_comparison/versions/v018_common36_l12_protocol_recovery/attempt_20260716T092559Z	NOT_ESTABLISHED	L14 not the subsequently frozen L12 model.	No promotion from a PASS marker alone; no gamma-as-error or unsupported deployment/IID claim.	NO_AUTOMATIC_ACTION_FROM_THIS_AUDIT			1	INVENTORY_ONLY_NO_TERMINAL_STATUS
09_strict_comparison/v017_common36_l14_training	09_strict_comparison	${PROJECT_ROOT}/09_strict_comparison/versions/v017_common36_l14_training/attempt_20260716T011448Z	SUPERSEDED	${PROJECT_ROOT}/09_strict_comparison/versions/v017_common36_l14_training/attempt_20260716T011448Z/summary_v017.json	c7131d8a1b7ad4d4ac7f4f245d584bdc695e4bb202e32d788a4d26c36ae8d4f7	UNKNOWN	UNKNOWN	UNKNOWN	UNKNOWN	L14 not the subsequently frozen L12 model.	${PROJECT_ROOT}/09_strict_comparison/versions/v018_common36_l12_protocol_recovery/attempt_20260716T092100Z; ${PROJECT_ROOT}/09_strict_comparison/versions/v018_common36_l12_protocol_recovery/attempt_20260716T092559Z	NOT_ESTABLISHED	L14 not the subsequently frozen L12 model.	No promotion from a PASS marker alone; no gamma-as-error or unsupported deployment/IID claim.	NO_AUTOMATIC_ACTION_FROM_THIS_AUDIT	status=PASS_COMMON36_L14_READY_FOR_FRESH_TUBE	CURRENT_COMMON36_L14_MODEL.txt	2	SOURCE_DOCUMENTS_HASHED_NOT_RERUN
09_strict_comparison/v018_common36_l12_protocol_recovery	09_strict_comparison	${PROJECT_ROOT}/09_strict_comparison/versions/v018_common36_l12_protocol_recovery/attempt_20260716T092100Z	EXPLORATORY	NO_TERMINAL_RECORD_LOCATED		UNKNOWN	UNKNOWN	UNKNOWN	UNKNOWN	Not established by the available top-level records; not an exhaustive physics/code audit.		NOT_ESTABLISHED	Inventory record, scientific success not inferred from directory name.	No promotion from a PASS marker alone; no gamma-as-error or unsupported deployment/IID claim.	NO_AUTOMATIC_ACTION_FROM_THIS_AUDIT			1	INVENTORY_ONLY_NO_TERMINAL_STATUS
09_strict_comparison/v018_common36_l12_protocol_recovery	09_strict_comparison	${PROJECT_ROOT}/09_strict_comparison/versions/v018_common36_l12_protocol_recovery/attempt_20260716T092559Z	AUTHORITATIVE	${PROJECT_ROOT}/09_strict_comparison/versions/v018_common36_l12_protocol_recovery/attempt_20260716T092559Z/summary_v018.json	1c951631347258fd7de039d3939f251a97f6ea5953c17bd287c0ac560d54642e	UNKNOWN	UNKNOWN	UNKNOWN	UNKNOWN	Not established by the available top-level records; not an exhaustive physics/code audit.		NOT_ESTABLISHED	Use only within recorded terminal outcome and source-specific caveats.	No promotion from a PASS marker alone; no gamma-as-error or unsupported deployment/IID claim.	NO_AUTOMATIC_ACTION_FROM_THIS_AUDIT	status=PASS_COMMON36_L12_READY_FOR_FRESH_TUBE	CURRENT_COMMON36_L12_MODEL.txt	3	SOURCE_DOCUMENTS_HASHED_NOT_RERUN
09_strict_comparison/v019_independent_audit_design	09_strict_comparison	${PROJECT_ROOT}/09_strict_comparison/versions/v019_independent_audit_design/attempt_20260716T103912Z	AUTHORITATIVE_WITH_CAVEAT	${PROJECT_ROOT}/09_strict_comparison/versions/v019_independent_audit_design/attempt_20260716T103912Z/summary_v019.json	fca6ad35b5771a392c4d0b105c077168acb1a6fe77b997b21a10c02da0338241	UNKNOWN	UNKNOWN	UNKNOWN	UNKNOWN	Design lock does not establish geometric non-overlap; later Stage72L2 revokes full Audit21 independence.		NOT_ESTABLISHED	Design lock does not establish geometric non-overlap; later Stage72L2 revokes full Audit21 independence.	No promotion from a PASS marker alone; no gamma-as-error or unsupported deployment/IID claim.	NO_AUTOMATIC_ACTION_FROM_THIS_AUDIT	status=PASS_INDEPENDENT_AUDIT_DESIGN_FROZEN_NO_DFT	CURRENT_INDEPENDENT_AUDIT_DESIGN.txt	4	SOURCE_DOCUMENTS_HASHED_NOT_RERUN
09_strict_comparison/v020_pre_audit_protocol_lock	09_strict_comparison	${PROJECT_ROOT}/09_strict_comparison/versions/v020_pre_audit_protocol_lock/attempt_20260716T115535Z	AUTHORITATIVE	${PROJECT_ROOT}/09_strict_comparison/versions/v020_pre_audit_protocol_lock/attempt_20260716T115535Z/summary_v020.json	33b87dd4364f0b7f2d8e5624a9357c937e700ad13c6bc8dc0162fc56d27f7f1d	UNKNOWN	UNKNOWN	UNKNOWN	UNKNOWN	Not established by the available top-level records; not an exhaustive physics/code audit.		NOT_ESTABLISHED	Use only within recorded terminal outcome and source-specific caveats.	No promotion from a PASS marker alone; no gamma-as-error or unsupported deployment/IID claim.	NO_AUTOMATIC_ACTION_FROM_THIS_AUDIT	status=PASS_PRE_AUDIT_PROTOCOL_LOCK_NO_CALCULATIONS	CURRENT_PRE_AUDIT_PROTOCOL_LOCK.txt	2	SOURCE_DOCUMENTS_HASHED_NOT_RERUN
09_strict_comparison/v021_basin_audit_dft12	09_strict_comparison	${PROJECT_ROOT}/09_strict_comparison/versions/v021_basin_audit_dft12/attempt_20260716T131439Z	TECHNICAL_FAIL	${PROJECT_ROOT}/09_strict_comparison/versions/v021_basin_audit_dft12/attempt_20260716T131439Z/summary_v021.json	62421d85daf342eea61a4b6ccb47874a7fdad1b0f717c730672ae0f7e428e2f8	UNKNOWN	UNKNOWN	UNKNOWN	UNKNOWN	Historical incomplete labeling/execution; not a model-accuracy verdict.	${PROJECT_ROOT}/09_strict_comparison/versions/v023_basin_audit_force_block_reparse/attempt_20260718T132812Z	NOT_ESTABLISHED	Historical incomplete labeling/execution; not a model-accuracy verdict.	No promotion from a PASS marker alone; no gamma-as-error or unsupported deployment/IID claim.	NO_AUTOMATIC_ACTION_FROM_THIS_AUDIT	status=FAIL_SOME_BASIN_AUDIT_DFT_v021	CURRENT_RUNNING_BASIN_AUDIT_DFT12.txt	2	SOURCE_DOCUMENTS_HASHED_NOT_RERUN
09_strict_comparison/v022_basin_audit_force_restart_recovery	09_strict_comparison	${PROJECT_ROOT}/09_strict_comparison/versions/v022_basin_audit_force_restart_recovery/attempt_20260716T223336Z	EXPLORATORY	NO_TERMINAL_RECORD_LOCATED		UNKNOWN	UNKNOWN	UNKNOWN	UNKNOWN	No own terminal result located. Do not inherit a PASS from another attempt or version-level rule.		NOT_ESTABLISHED	Incomplete historical run record; no terminal scientific success established.	No promotion from a PASS marker alone; no gamma-as-error or unsupported deployment/IID claim.	NO_AUTOMATIC_ACTION_FROM_THIS_AUDIT			1	INVENTORY_ONLY_NO_TERMINAL_STATUS
09_strict_comparison/v022_basin_audit_force_restart_recovery	09_strict_comparison	${PROJECT_ROOT}/09_strict_comparison/versions/v022_basin_audit_force_restart_recovery/attempt_20260716T224840Z	AUTHORITATIVE_WITH_CAVEAT	${PROJECT_ROOT}/09_strict_comparison/versions/v022_basin_audit_force_restart_recovery/attempt_20260716T224840Z/summary_v022.json	3d62c91a8e01e7bc28131187c4b3855477733870b2831997fbef8e31461ac7e7	UNKNOWN	UNKNOWN	UNKNOWN	UNKNOWN	Use final v023/v025 labels; two shared endpoint geometries, not a wholly independent Audit21.		NOT_ESTABLISHED	Use final v023/v025 labels; two shared endpoint geometries, not a wholly independent Audit21.	No promotion from a PASS marker alone; no gamma-as-error or unsupported deployment/IID claim.	NO_AUTOMATIC_ACTION_FROM_THIS_AUDIT	status=PASS_BASIN_AUDIT_FORCE_RECOVERY12_LABELLED	CURRENT_BASIN_AUDIT_FORCE_RECOVERY.txt	2	SOURCE_DOCUMENTS_HASHED_NOT_RERUN
09_strict_comparison/v023_basin_audit_force_block_reparse	09_strict_comparison	${PROJECT_ROOT}/09_strict_comparison/versions/v023_basin_audit_force_block_reparse/attempt_20260718T132812Z	AUTHORITATIVE	${PROJECT_ROOT}/09_strict_comparison/versions/v023_basin_audit_force_block_reparse/attempt_20260718T132812Z/summary_v023.json	10f71fef1618fcbc0f52e227d145c6f25dc5ee3d1ef1cb88ba55000ba9385d5b	UNKNOWN	UNKNOWN	UNKNOWN	UNKNOWN	Not established by the available top-level records; not an exhaustive physics/code audit.		NOT_ESTABLISHED	Use only within recorded terminal outcome and source-specific caveats.	No promotion from a PASS marker alone; no gamma-as-error or unsupported deployment/IID claim.	NO_AUTOMATIC_ACTION_FROM_THIS_AUDIT	status=PASS_BASIN_AUDIT_FORCE_BLOCK_REPARSE12_LABELLED	CURRENT_BASIN_AUDIT_FORCE_BLOCK_REPARSE.txt	2	SOURCE_DOCUMENTS_HASHED_NOT_RERUN
09_strict_comparison/v024_independent_neb_dft	09_strict_comparison	${PROJECT_ROOT}/09_strict_comparison/versions/v024_independent_neb_dft/attempt_20260718T135904Z	EXPLORATORY	NO_TERMINAL_RECORD_LOCATED		UNKNOWN	UNKNOWN	UNKNOWN	UNKNOWN	No own terminal result located. Do not inherit a PASS from another attempt or version-level rule.		Two common36 endpoint overlaps; interior7 no same-order geometric overlap found	Incomplete historical run record; no terminal scientific success established.	No promotion from a PASS marker alone; no gamma-as-error or unsupported deployment/IID claim.	NO_AUTOMATIC_ACTION_FROM_THIS_AUDIT			1	INVENTORY_ONLY_NO_TERMINAL_STATUS
09_strict_comparison/v024_independent_neb_dft	09_strict_comparison	${PROJECT_ROOT}/09_strict_comparison/versions/v024_independent_neb_dft/attempt_20260718T174537Z	EXPLORATORY	NO_TERMINAL_RECORD_LOCATED		UNKNOWN	UNKNOWN	UNKNOWN	UNKNOWN	No own terminal result located. Do not inherit a PASS from another attempt or version-level rule.		Two common36 endpoint overlaps; interior7 no same-order geometric overlap found	Incomplete historical run record; no terminal scientific success established.	No promotion from a PASS marker alone; no gamma-as-error or unsupported deployment/IID claim.	NO_AUTOMATIC_ACTION_FROM_THIS_AUDIT			1	INVENTORY_ONLY_NO_TERMINAL_STATUS
09_strict_comparison/v024_independent_neb_dft	09_strict_comparison	${PROJECT_ROOT}/09_strict_comparison/versions/v024_independent_neb_dft/attempt_20260718T184944Z	EXPLORATORY	NO_TERMINAL_RECORD_LOCATED		UNKNOWN	UNKNOWN	UNKNOWN	UNKNOWN	No own terminal result located. Do not inherit a PASS from another attempt or version-level rule.		Two common36 endpoint overlaps; interior7 no same-order geometric overlap found	Incomplete historical run record; no terminal scientific success established.	No promotion from a PASS marker alone; no gamma-as-error or unsupported deployment/IID claim.	NO_AUTOMATIC_ACTION_FROM_THIS_AUDIT			1	INVENTORY_ONLY_NO_TERMINAL_STATUS
09_strict_comparison/v024_independent_neb_dft	09_strict_comparison	${PROJECT_ROOT}/09_strict_comparison/versions/v024_independent_neb_dft/attempt_20260718T190948Z	AUTHORITATIVE_WITH_CAVEAT	${PROJECT_ROOT}/09_strict_comparison/versions/v024_independent_neb_dft/attempt_20260718T190948Z/summary_v024.json	5e0ef356864d26b13d7ceee0c80c23cfebec7ce5d6abbeef087a55d623cc4ba1	UNKNOWN	UNKNOWN	UNKNOWN	UNKNOWN	Use final v023/v025 labels; two shared endpoint geometries, not a wholly independent Audit21.		Two common36 endpoint overlaps; interior7 no same-order geometric overlap found	Use final v023/v025 labels; two shared endpoint geometries, not a wholly independent Audit21.	No promotion from a PASS marker alone; no gamma-as-error or unsupported deployment/IID claim.	NO_AUTOMATIC_ACTION_FROM_THIS_AUDIT	status=FAIL_NEB_PROCESS_v024		2	SOURCE_DOCUMENTS_HASHED_NOT_RERUN
09_strict_comparison/v024_independent_neb_dft	09_strict_comparison	${PROJECT_ROOT}/09_strict_comparison/versions/v024_independent_neb_dft/attempt_20260718T192335Z	AUTHORITATIVE_WITH_CAVEAT	${PROJECT_ROOT}/09_strict_comparison/versions/v024_independent_neb_dft/attempt_20260718T192335Z/summary_v024.json	51e41e90e4956f2fa9bf668068fd446356c37ca964f61015d1c82542c0d9c54b	UNKNOWN	UNKNOWN	UNKNOWN	UNKNOWN	Use final v023/v025 labels; two shared endpoint geometries, not a wholly independent Audit21.		Two common36 endpoint overlaps; interior7 no same-order geometric overlap found	Use final v023/v025 labels; two shared endpoint geometries, not a wholly independent Audit21.	No promotion from a PASS marker alone; no gamma-as-error or unsupported deployment/IID claim.	NO_AUTOMATIC_ACTION_FROM_THIS_AUDIT	status=PASS_INDEPENDENT_NEB9_DFT_CONVERGED	CURRENT_INDEPENDENT_NEB_DFT.txt	2	SOURCE_DOCUMENTS_HASHED_NOT_RERUN
09_strict_comparison/v025_independent_neb_single_points	09_strict_comparison	${PROJECT_ROOT}/09_strict_comparison/versions/v025_independent_neb_single_points/attempt_20260719T121231Z	AUTHORITATIVE_WITH_CAVEAT	${PROJECT_ROOT}/09_strict_comparison/versions/v025_independent_neb_single_points/attempt_20260719T121231Z/summary_v025.json	5c62dd33caf7ae845c8a87a9395c87ba6780d6184523a0a3fbd25276dda78961	UNKNOWN	UNKNOWN	UNKNOWN	UNKNOWN	Use final v023/v025 labels; two shared endpoint geometries, not a wholly independent Audit21.		Two common36 endpoint overlaps; interior7 no same-order geometric overlap found	Use final v023/v025 labels; two shared endpoint geometries, not a wholly independent Audit21.	No promotion from a PASS marker alone; no gamma-as-error or unsupported deployment/IID claim.	NO_AUTOMATIC_ACTION_FROM_THIS_AUDIT	status=PASS_INDEPENDENT_NEB9_SINGLE_POINTS_LABELLED	CURRENT_INDEPENDENT_NEB_SINGLE_POINTS.txt	2	SOURCE_DOCUMENTS_HASHED_NOT_RERUN
09_strict_comparison/v026_fresh_tube_active_selection	09_strict_comparison	${PROJECT_ROOT}/09_strict_comparison/versions/v026_fresh_tube_active_selection/attempt_20260720T141824Z	EXPLORATORY	NO_TERMINAL_RECORD_LOCATED		UNKNOWN	UNKNOWN	UNKNOWN	UNKNOWN	No own terminal result located. Do not inherit a PASS from another attempt or version-level rule.		Two common36 endpoint overlaps; interior7 no same-order geometric overlap found	Incomplete historical run record; no terminal scientific success established.	No promotion from a PASS marker alone; no gamma-as-error or unsupported deployment/IID claim.	NO_AUTOMATIC_ACTION_FROM_THIS_AUDIT			1	INVENTORY_ONLY_NO_TERMINAL_STATUS
09_strict_comparison/v026_fresh_tube_active_selection	09_strict_comparison	${PROJECT_ROOT}/09_strict_comparison/versions/v026_fresh_tube_active_selection/attempt_20260720T142653Z	AUTHORITATIVE_WITH_CAVEAT	${PROJECT_ROOT}/09_strict_comparison/versions/v026_fresh_tube_active_selection/attempt_20260720T142653Z/summary_v026.json	dbd5814696499b659d8de7f32dc5d5eaa90a60f2df6a844fec7d45b88bdb386f	UNKNOWN	UNKNOWN	UNKNOWN	UNKNOWN	24 generated, 24 selected. Spatial allocation evidence, not comparative MaxVol subset-selection evidence.		Two common36 endpoint overlaps; interior7 no same-order geometric overlap found	24 generated, 24 selected. Spatial allocation evidence, not comparative MaxVol subset-selection evidence.	No promotion from a PASS marker alone; no gamma-as-error or unsupported deployment/IID claim.	NO_AUTOMATIC_ACTION_FROM_THIS_AUDIT	status=PASS_FRESH_TUBE_SELECTION_K_FIXED_BASIN_QUEUE_READY	CURRENT_FRESH_TUBE_ACTIVE_SELECTION.txt	2	SOURCE_DOCUMENTS_HASHED_NOT_RERUN
09_strict_comparison/v027_equal_budget_dft_labels48	09_strict_comparison	${PROJECT_ROOT}/09_strict_comparison/versions/v027_equal_budget_dft_labels48/attempt_20260720T170323Z	AUTHORITATIVE	${PROJECT_ROOT}/09_strict_comparison/versions/v027_equal_budget_dft_labels48/attempt_20260720T170323Z/summary_v027.json	925f83f971e9c4d1ee3d9c17d7a1feefab0ec94a645c10139ded32761596fcd1	UNKNOWN	UNKNOWN	UNKNOWN	UNKNOWN	Not established by the available top-level records; not an exhaustive physics/code audit.		Two common36 endpoint overlaps; interior7 no same-order geometric overlap found	Use only within recorded terminal outcome and source-specific caveats.	No promotion from a PASS marker alone; no gamma-as-error or unsupported deployment/IID claim.	NO_AUTOMATIC_ACTION_FROM_THIS_AUDIT	status=PASS_EQUAL_BUDGET_DFT_LABELS48_READY_FOR_TRAINING	CURRENT_EQUAL_BUDGET_DFT_LABELS48.txt	3	SOURCE_DOCUMENTS_HASHED_NOT_RERUN
09_strict_comparison/v028_equal_budget_l12_training	09_strict_comparison	${PROJECT_ROOT}/09_strict_comparison/versions/v028_equal_budget_l12_training/attempt_20260722T183142Z	AUTHORITATIVE_WITH_CAVEAT	${PROJECT_ROOT}/09_strict_comparison/versions/v028_equal_budget_l12_training/attempt_20260722T183142Z/summary_v028.json	4208c23e15a7ac469cedc650012a8f92bb40279f7b98c4a2f828240408cbe74e	UNKNOWN	UNKNOWN	UNKNOWN	UNKNOWN	Frozen 60/60 models; no explicit seed in recorded training command. RNG robustness not established.		Two common36 endpoint overlaps; interior7 no same-order geometric overlap found	Frozen 60/60 models; no explicit seed in recorded training command. RNG robustness not established.	No promotion from a PASS marker alone; no gamma-as-error or unsupported deployment/IID claim.	NO_AUTOMATIC_ACTION_FROM_THIS_AUDIT	status=PASS_EQUAL_BUDGET_L12_MODELS_LOCKED_READY_FOR_FROZEN_AUDIT	CURRENT_EQUAL_BUDGET_L12_MODELS.txt	4	SOURCE_DOCUMENTS_HASHED_NOT_RERUN
09_strict_comparison/v029_frozen_audit21_evaluation	09_strict_comparison	${PROJECT_ROOT}/09_strict_comparison/versions/v029_frozen_audit21_evaluation/attempt_20260722T193925Z	AUTHORITATIVE_WITH_CAVEAT	${PROJECT_ROOT}/09_strict_comparison/versions/v029_frozen_audit21_evaluation/attempt_20260722T193925Z/summary_v029.json	5b9fddc956a40aed44e468a51fb38243a9ec29d52de22b4fcababb12ee403e29	UNKNOWN	UNKNOWN	UNKNOWN	UNKNOWN	Use final v023/v025 labels; two shared endpoint geometries, not a wholly independent Audit21.		Two common36 endpoint overlaps; interior7 no same-order geometric overlap found	Use final v023/v025 labels; two shared endpoint geometries, not a wholly independent Audit21.	No promotion from a PASS marker alone; no gamma-as-error or unsupported deployment/IID claim.	NO_AUTOMATIC_ACTION_FROM_THIS_AUDIT	status=PASS_FROZEN_AUDIT21_EVALUATED_NO_POST_AUDIT_TUNING	CURRENT_FROZEN_AUDIT21_EVALUATION.txt	3	SOURCE_DOCUMENTS_HASHED_NOT_RERUN
09_strict_comparison/v030_final_primary_analysis	09_strict_comparison	${PROJECT_ROOT}/09_strict_comparison/versions/v030_final_primary_analysis/attempt_20260722T211121Z	SUPERSEDED	${PROJECT_ROOT}/09_strict_comparison/versions/v030_final_primary_analysis/attempt_20260722T211121Z/summary_v030.json	51a1cca58a4839ec54e66014ac4a52120c0b4ab6632717ed7cd25830122f3630	UNKNOWN	UNKNOWN	UNKNOWN	UNKNOWN	Primary metric implementation superseded without retraining.	${PROJECT_ROOT}/09_strict_comparison/versions/v030_protocol_metric_recovery/attempt_20260722T214034Z	Two common36 endpoint overlaps; interior7 no same-order geometric overlap found	Primary metric implementation superseded without retraining.	No promotion from a PASS marker alone; no gamma-as-error or unsupported deployment/IID claim.	NO_AUTOMATIC_ACTION_FROM_THIS_AUDIT	status=PASS_FINAL_PRIMARY_ANALYSIS_AND_FIGURES	CURRENT_FINAL_PRIMARY_ANALYSIS.txt	2	SOURCE_DOCUMENTS_HASHED_NOT_RERUN
09_strict_comparison/v030_protocol_metric_recovery	09_strict_comparison	${PROJECT_ROOT}/09_strict_comparison/versions/v030_protocol_metric_recovery/attempt_20260722T214034Z	AUTHORITATIVE	${PROJECT_ROOT}/09_strict_comparison/versions/v030_protocol_metric_recovery/attempt_20260722T214034Z/summary_v030r.json	5ded6dd4af0ca969aa163479a8a14cba6419dee990454051d1b491843b70b73a	UNKNOWN	UNKNOWN	UNKNOWN	UNKNOWN	Primary metrics independently recomputed from saved v029 CFG payloads and agree.		Two common36 endpoint overlaps; interior7 no same-order geometric overlap found	Primary metrics independently recomputed from saved v029 CFG payloads and agree.	No promotion from a PASS marker alone; no gamma-as-error or unsupported deployment/IID claim.	NO_AUTOMATIC_ACTION_FROM_THIS_AUDIT	status=PASS_PRIMARY_METRIC_PROTOCOL_RECOVERY_AND_FIGURES	CURRENT_PRIMARY_METRIC_PROTOCOL_RECOVERY.txt	2	SOURCE_DOCUMENTS_HASHED_NOT_RERUN
09_strict_comparison/v031_secondary_mtp_neb	09_strict_comparison	${PROJECT_ROOT}/09_strict_comparison/versions/v031_secondary_mtp_neb/attempt_20260722T220236Z	AUTHORITATIVE_WITH_CAVEAT	${PROJECT_ROOT}/09_strict_comparison/versions/v031_secondary_mtp_neb/attempt_20260722T220236Z/summary_v031.json	78518646f7ff3f4673940b543e735e5eff1a4882b12b84c1823b2b2489197314	UNKNOWN	UNKNOWN	UNKNOWN	UNKNOWN	Basin geometry collapsed; targeted converged with high grade. Preserve branch-specific outcomes.		Two common36 endpoint overlaps; interior7 no same-order geometric overlap found	Basin geometry collapsed; targeted converged with high grade. Preserve branch-specific outcomes.	No promotion from a PASS marker alone; no gamma-as-error or unsupported deployment/IID claim.	NO_AUTOMATIC_ACTION_FROM_THIS_AUDIT	status=PASS_SECONDARY_MTP_NEB_DIAGNOSTIC_COMPLETED	CURRENT_SECONDARY_MTP_NEB.txt	2	SOURCE_DOCUMENTS_HASHED_NOT_RERUN
09_strict_comparison/v031_secondary_mtp_neb_interpretation_recovery	09_strict_comparison	${PROJECT_ROOT}/09_strict_comparison/versions/v031_secondary_mtp_neb_interpretation_recovery/attempt_20260722T225318Z	AUTHORITATIVE_WITH_CAVEAT	${PROJECT_ROOT}/09_strict_comparison/versions/v031_secondary_mtp_neb_interpretation_recovery/attempt_20260722T225318Z/summary_v031r.json	61af63f4edbcf3c99fd2a231609cbf3b2e42e5861f7b5b1b9f5519c9e021903f	UNKNOWN	UNKNOWN	UNKNOWN	UNKNOWN	Basin geometry collapsed; targeted converged with high grade. Preserve branch-specific outcomes.		Two common36 endpoint overlaps; interior7 no same-order geometric overlap found	Basin geometry collapsed; targeted converged with high grade. Preserve branch-specific outcomes.	No promotion from a PASS marker alone; no gamma-as-error or unsupported deployment/IID claim.	NO_AUTOMATIC_ACTION_FROM_THIS_AUDIT	status=PASS_SECONDARY_MTP_NEB_INTERPRETATION_RECOVERY	CURRENT_SECONDARY_MTP_NEB_INTERPRETATION_RECOVERY.txt	2	SOURCE_DOCUMENTS_HASHED_NOT_RERUN
09_strict_comparison/v032_selection_interface_diagnostic	09_strict_comparison	${PROJECT_ROOT}/09_strict_comparison/versions/v032_selection_interface_diagnostic/attempt_20260723T001022Z	AUTHORITATIVE	${PROJECT_ROOT}/09_strict_comparison/versions/v032_selection_interface_diagnostic/attempt_20260723T001022Z/summary_v032d.json	2ccc270875738b63b382db4ad2b89d63c6d773aa6cc91e25564276da5fee2b66	UNKNOWN	UNKNOWN	UNKNOWN	UNKNOWN	Exact rejected configurations and run0 checks support first attempted update rejection; DFT error not measured.		NOT_ESTABLISHED	Exact rejected configurations and run0 checks support first attempted update rejection; DFT error not measured.	No promotion from a PASS marker alone; no gamma-as-error or unsupported deployment/IID claim.	NO_AUTOMATIC_ACTION_FROM_THIS_AUDIT	status=PASS_V032_SELECTION_INTERFACE_DIAGNOSTIC_COMPLETED	CURRENT_V032_SELECTION_INTERFACE_DIAGNOSTIC.txt	2	SOURCE_DOCUMENTS_HASHED_NOT_RERUN
09_strict_comparison/v032_targeted_md_diagnostics	09_strict_comparison	${PROJECT_ROOT}/09_strict_comparison/versions/v032_targeted_md_diagnostics/attempt_20260722T230306Z	AUTHORITATIVE_WITH_CAVEAT	${PROJECT_ROOT}/09_strict_comparison/versions/v032_targeted_md_diagnostics/attempt_20260722T230306Z/summary_v032.json	7873670aae0278713e484eb90efddc8aa03fdd888f5b2689f2e6535d3dde45af	UNKNOWN	UNKNOWN	UNKNOWN	UNKNOWN	Raw captured first-update rejection evidence, no usable trajectory. Do not promote superseded v032r diagnosis.		NOT_ESTABLISHED	Raw captured first-update rejection evidence, no usable trajectory. Do not promote superseded v032r diagnosis.	No promotion from a PASS marker alone; no gamma-as-error or unsupported deployment/IID claim.	NO_AUTOMATIC_ACTION_FROM_THIS_AUDIT	status=PASS_TARGETED_MD_DIAGNOSTICS_COMPLETED	CURRENT_TARGETED_MD_DIAGNOSTICS.txt	2	SOURCE_DOCUMENTS_HASHED_NOT_RERUN
09_strict_comparison/v032_targeted_md_interpretation_recovery	09_strict_comparison	${PROJECT_ROOT}/09_strict_comparison/versions/v032_targeted_md_interpretation_recovery/attempt_20260722T231626Z	SUPERSEDED	${PROJECT_ROOT}/09_strict_comparison/versions/v032_targeted_md_interpretation_recovery/attempt_20260722T231626Z/summary_v032r.json	f1b9d70ed3edcf0ea9ef3290fad657eb06b97cb254b88a2ffe4a1105a3aec2b2	UNKNOWN	UNKNOWN	UNKNOWN	UNKNOWN	The technical-interface causal diagnosis was superseded by v032d, which compared the exact changed geometries.	${PROJECT_ROOT}/09_strict_comparison/versions/v032_selection_interface_diagnostic/attempt_20260723T001022Z	NOT_ESTABLISHED	The technical-interface causal diagnosis was superseded by v032d, which compared the exact changed geometries.	No promotion from a PASS marker alone; no gamma-as-error or unsupported deployment/IID claim.	NO_AUTOMATIC_ACTION_FROM_THIS_AUDIT	status=PASS_TARGETED_MD_INTERPRETATION_RECOVERY_NO_MD_DATA; overall_classification=technical_selection_grade_inconsistency_no_md_propagation	CURRENT_TARGETED_MD_INTERPRETATION_RECOVERY.txt	2	SOURCE_DOCUMENTS_HASHED_NOT_RERUN
09_strict_comparison/v032e_geometry_provenance_forensic_audit	09_strict_comparison	${PROJECT_ROOT}/09_strict_comparison/versions/v032e_geometry_provenance_forensic_audit/attempt_20260724T121024Z	EXPLORATORY	NO_TERMINAL_RECORD_LOCATED		UNKNOWN	UNKNOWN	UNKNOWN	UNKNOWN	Intermediate forensic reconstruction, not final exact replay.	${PROJECT_ROOT}/09_strict_comparison/versions/v032k_v032d_cfgblock_source_oracle_replay/attempt_20260726T145013Z	NOT_ESTABLISHED	Intermediate forensic reconstruction, not final exact replay.	No promotion from a PASS marker alone; no gamma-as-error or unsupported deployment/IID claim.	NO_AUTOMATIC_ACTION_FROM_THIS_AUDIT			0	INVENTORY_ONLY_NO_TERMINAL_STATUS
09_strict_comparison/v032e_geometry_provenance_forensic_audit	09_strict_comparison	${PROJECT_ROOT}/09_strict_comparison/versions/v032e_geometry_provenance_forensic_audit/attempt_20260724T134944Z	EXPLORATORY	${PROJECT_ROOT}/09_strict_comparison/versions/v032e_geometry_provenance_forensic_audit/attempt_20260724T134944Z/summary_v001.json	8d588f676051377284bcb35833f6a7a3ecd7e4a490f3587502d2fcd9bf7e1f44	UNKNOWN	UNKNOWN	UNKNOWN	UNKNOWN	Intermediate forensic reconstruction, not final exact replay.	${PROJECT_ROOT}/09_strict_comparison/versions/v032k_v032d_cfgblock_source_oracle_replay/attempt_20260726T145013Z	NOT_ESTABLISHED	Intermediate forensic reconstruction, not final exact replay.	No promotion from a PASS marker alone; no gamma-as-error or unsupported deployment/IID claim.	NO_AUTOMATIC_ACTION_FROM_THIS_AUDIT	classification=C_PARTIAL_OR_NEAR_GEOMETRY_REPRODUCTION	CURRENT_V032D_GEOMETRY_FORENSIC_AUDIT.txt	2	SOURCE_DOCUMENTS_HASHED_NOT_RERUN
09_strict_comparison/v032g_v032d_source_trace_recovery	09_strict_comparison	${PROJECT_ROOT}/09_strict_comparison/versions/v032g_v032d_source_trace_recovery/attempt_20260724T230848Z	EXPLORATORY	${PROJECT_ROOT}/09_strict_comparison/versions/v032g_v032d_source_trace_recovery/attempt_20260724T230848Z/summary_v001.json	a3e08132a96f2b762567b9fa6439f37808d040327c8ba5519252533ad4937f29	UNKNOWN	UNKNOWN	UNKNOWN	UNKNOWN	Intermediate forensic reconstruction, not final exact replay.	${PROJECT_ROOT}/09_strict_comparison/versions/v032k_v032d_cfgblock_source_oracle_replay/attempt_20260726T145013Z	NOT_ESTABLISHED	Intermediate forensic reconstruction, not final exact replay.	No promotion from a PASS marker alone; no gamma-as-error or unsupported deployment/IID claim.	NO_AUTOMATIC_ACTION_FROM_THIS_AUDIT	classification=FROZEN_INTERMEDIATES_DO_NOT_REPRODUCE_FINAL_TABLE	CURRENT_V032D_SOURCE_TRACE_RECOVERY.txt	2	SOURCE_DOCUMENTS_HASHED_NOT_RERUN
09_strict_comparison/v032j_v032d_minimal_closure_source_oracle_replay	09_strict_comparison	${PROJECT_ROOT}/09_strict_comparison/versions/v032j_v032d_minimal_closure_source_oracle_replay/attempt_20260726T143349Z	TECHNICAL_FAIL	${PROJECT_ROOT}/09_strict_comparison/versions/v032j_v032d_minimal_closure_source_oracle_replay/attempt_20260726T143349Z/summary_v003.json	3704c6723ce948f83b8ac6fef4a3d118959420ec0836f3a91576527f2bc275dc	UNKNOWN	UNKNOWN	UNKNOWN	UNKNOWN	Source-oracle invocation unresolved.	${PROJECT_ROOT}/09_strict_comparison/versions/v032k_v032d_cfgblock_source_oracle_replay/attempt_20260726T145013Z	NOT_ESTABLISHED	Source-oracle invocation unresolved.	No promotion from a PASS marker alone; no gamma-as-error or unsupported deployment/IID claim.	NO_AUTOMATIC_ACTION_FROM_THIS_AUDIT	classification=SOURCE_ORACLE_INVOCATION_UNRESOLVED	CURRENT_V032D_MINIMAL_CLOSURE_SOURCE_ORACLE_REPLAY.txt	2	SOURCE_DOCUMENTS_HASHED_NOT_RERUN
09_strict_comparison/v032k_v032d_cfgblock_source_oracle_replay	09_strict_comparison	${PROJECT_ROOT}/09_strict_comparison/versions/v032k_v032d_cfgblock_source_oracle_replay/attempt_20260726T145013Z	AUTHORITATIVE	${PROJECT_ROOT}/09_strict_comparison/versions/v032k_v032d_cfgblock_source_oracle_replay/attempt_20260726T145013Z/summary_v004.json	ccde540dd58ad26ff7e6483a124c3c562f08353b2691ef1ff965d36319c5a1a0	UNKNOWN	UNKNOWN	UNKNOWN	UNKNOWN	Exact source-oracle replay; source-function reproduction, not an independent physics rerun.		NOT_ESTABLISHED	Exact source-oracle replay; source-function reproduction, not an independent physics rerun.	No promotion from a PASS marker alone; no gamma-as-error or unsupported deployment/IID claim.	NO_AUTOMATIC_ACTION_FROM_THIS_AUDIT	classification=EXACT_SOURCE_ORACLE_REPLAY_PASS	CURRENT_V032D_CFGBLOCK_SOURCE_ORACLE_REPLAY.txt	2	SOURCE_DOCUMENTS_HASHED_NOT_RERUN
09_validation/v000	09_validation	${PROJECT_ROOT}/09_validation/versions/v000	EXPLORATORY	NO_TERMINAL_RECORD_LOCATED		UNKNOWN	UNKNOWN	UNKNOWN	UNKNOWN	Not established by the available top-level records; not an exhaustive physics/code audit.		NOT_ESTABLISHED	Inventory record, scientific success not inferred from directory name.	No promotion from a PASS marker alone; no gamma-as-error or unsupported deployment/IID claim.	NO_AUTOMATIC_ACTION_FROM_THIS_AUDIT			0	INVENTORY_ONLY_NO_TERMINAL_STATUS
10_visualization/final_media_bundle_v001	10_visualization	${PROJECT_ROOT}/10_visualization/final_media_bundle_v001/attempt_20260801T175808Z	PRESENTATION_ONLY	NO_TERMINAL_RECORD_LOCATED		UNKNOWN	UNKNOWN	UNKNOWN	UNKNOWN	Not established by the available top-level records; not an exhaustive physics/code audit.		NOT_ESTABLISHED	Presentation iteration, not a separate physics result.	No promotion from a PASS marker alone; no gamma-as-error or unsupported deployment/IID claim.	NO_AUTOMATIC_ACTION_FROM_THIS_AUDIT		CURRENT_FINAL_MEDIA_BUNDLE_V001.txt	1	INVENTORY_ONLY_NO_TERMINAL_STATUS
10_visualization/v000	10_visualization	${PROJECT_ROOT}/10_visualization/versions/v000	PRESENTATION_ONLY	NO_TERMINAL_RECORD_LOCATED		UNKNOWN	UNKNOWN	UNKNOWN	UNKNOWN	Not established by the available top-level records; not an exhaustive physics/code audit.		NOT_ESTABLISHED	Presentation iteration, not a separate physics result.	No promotion from a PASS marker alone; no gamma-as-error or unsupported deployment/IID claim.	NO_AUTOMATIC_ACTION_FROM_THIS_AUDIT			0	INVENTORY_ONLY_NO_TERMINAL_STATUS
10_visualization/v001_q1_dataviz	10_visualization	${PROJECT_ROOT}/10_visualization/versions/v001_q1_dataviz/attempt_20260724T102525Z	PRESENTATION_ONLY	NO_TERMINAL_RECORD_LOCATED		UNKNOWN	UNKNOWN	UNKNOWN	UNKNOWN	Not established by the available top-level records; not an exhaustive physics/code audit.		NOT_ESTABLISHED	Presentation iteration, not a separate physics result.	No promotion from a PASS marker alone; no gamma-as-error or unsupported deployment/IID claim.	NO_AUTOMATIC_ACTION_FROM_THIS_AUDIT			1	INVENTORY_ONLY_NO_TERMINAL_STATUS
10_visualization/v002_q1_dataviz_source_audit_recovery	10_visualization	${PROJECT_ROOT}/10_visualization/versions/v002_q1_dataviz_source_audit_recovery	PRESENTATION_ONLY	NO_TERMINAL_RECORD_LOCATED		UNKNOWN	UNKNOWN	UNKNOWN	UNKNOWN	Not established by the available top-level records; not an exhaustive physics/code audit.		NOT_ESTABLISHED	Presentation iteration, not a separate physics result.	No promotion from a PASS marker alone; no gamma-as-error or unsupported deployment/IID claim.	NO_AUTOMATIC_ACTION_FROM_THIS_AUDIT			0	INVENTORY_ONLY_NO_TERMINAL_STATUS
10_visualization/v003_q1_dataviz_source_audit_frame_recovery	10_visualization	${PROJECT_ROOT}/10_visualization/versions/v003_q1_dataviz_source_audit_frame_recovery	PRESENTATION_ONLY	NO_TERMINAL_RECORD_LOCATED		UNKNOWN	UNKNOWN	UNKNOWN	UNKNOWN	Not established by the available top-level records; not an exhaustive physics/code audit.		NOT_ESTABLISHED	Presentation iteration, not a separate physics result.	No promotion from a PASS marker alone; no gamma-as-error or unsupported deployment/IID claim.	NO_AUTOMATIC_ACTION_FROM_THIS_AUDIT			0	INVENTORY_ONLY_NO_TERMINAL_STATUS
10_visualization/v004_q1_dataviz_source_audit_source_oracle_recovery	10_visualization	${PROJECT_ROOT}/10_visualization/versions/v004_q1_dataviz_source_audit_source_oracle_recovery/attempt_20260726T152644Z	PRESENTATION_ONLY	NO_TERMINAL_RECORD_LOCATED		UNKNOWN	UNKNOWN	UNKNOWN	UNKNOWN	Not established by the available top-level records; not an exhaustive physics/code audit.		NOT_ESTABLISHED	Presentation iteration, not a separate physics result.	No promotion from a PASS marker alone; no gamma-as-error or unsupported deployment/IID claim.	NO_AUTOMATIC_ACTION_FROM_THIS_AUDIT			1	INVENTORY_ONLY_NO_TERMINAL_STATUS
10_visualization/v005_q1_dataviz_source_audit_source_oracle_recovery	10_visualization	${PROJECT_ROOT}/10_visualization/versions/v005_q1_dataviz_source_audit_source_oracle_recovery/attempt_20260727T153023Z	AUTHORITATIVE_WITH_CAVEAT	${PROJECT_ROOT}/10_visualization/versions/v005_q1_dataviz_source_audit_source_oracle_recovery/attempt_20260727T153023Z/summary_v005.json	359a7d7df0a76e3190b5fa507bd974984cdb8336dd12bdedaf004cd7a570976f	UNKNOWN	UNKNOWN	UNKNOWN	UNKNOWN	Normalized publication sources, some absent from public GitHub.		NOT_ESTABLISHED	Normalized publication sources, some absent from public GitHub.	No promotion from a PASS marker alone; no gamma-as-error or unsupported deployment/IID claim.	NO_AUTOMATIC_ACTION_FROM_THIS_AUDIT	status=PASS_VISUAL_SOURCE_AUDIT_V005_SOURCE_ORACLE_DATA_READY	CURRENT_VISUAL_SOURCE_AUDIT_V005.txt	3	SOURCE_DOCUMENTS_HASHED_NOT_RERUN
10_visualization/v006_figure02_primary_frozen_audit	10_visualization	${PROJECT_ROOT}/10_visualization/versions/v006_figure02_primary_frozen_audit/attempt_20260727T165856Z	PRESENTATION_ONLY	${PROJECT_ROOT}/10_visualization/versions/v006_figure02_primary_frozen_audit/attempt_20260727T165856Z/summary_v006.json	f72362d074fa5a975d4a9746e57775d5392aae6fb464b577944ee42969d121d4	UNKNOWN	UNKNOWN	UNKNOWN	UNKNOWN	Not established by the available top-level records; not an exhaustive physics/code audit.		NOT_ESTABLISHED	Presentation iteration, not a separate physics result.	No promotion from a PASS marker alone; no gamma-as-error or unsupported deployment/IID claim.	NO_AUTOMATIC_ACTION_FROM_THIS_AUDIT	status=PASS_FIGURE02_PRIMARY_FROZEN_AUDIT_RENDERED_V006	CURRENT_FIGURE02_PRIMARY_FROZEN_AUDIT_V006.txt	4	SOURCE_DOCUMENTS_HASHED_NOT_RERUN
10_visualization/v007_figure02_primary_frozen_audit_redesign	10_visualization	${PROJECT_ROOT}/10_visualization/versions/v007_figure02_primary_frozen_audit_redesign/attempt_20260727T172821Z	PRESENTATION_ONLY	${PROJECT_ROOT}/10_visualization/versions/v007_figure02_primary_frozen_audit_redesign/attempt_20260727T172821Z/summary_v007.json	0e900ad464c0a43242aa1abb517d494a2eea3f12b2e99834a0e40d51d3e2a156	UNKNOWN	UNKNOWN	UNKNOWN	UNKNOWN	Not established by the available top-level records; not an exhaustive physics/code audit.		NOT_ESTABLISHED	Presentation iteration, not a separate physics result.	No promotion from a PASS marker alone; no gamma-as-error or unsupported deployment/IID claim.	NO_AUTOMATIC_ACTION_FROM_THIS_AUDIT	status=PASS_FIGURE02_PRIMARY_FROZEN_AUDIT_REDESIGN_RENDERED_V007	CURRENT_FIGURE02_PRIMARY_FROZEN_AUDIT_REDESIGN_V007.txt	4	SOURCE_DOCUMENTS_HASHED_NOT_RERUN
10_visualization/v008_figure02_primary_frozen_audit_polish	10_visualization	${PROJECT_ROOT}/10_visualization/versions/v008_figure02_primary_frozen_audit_polish/attempt_20260727T174721Z	PRESENTATION_ONLY	${PROJECT_ROOT}/10_visualization/versions/v008_figure02_primary_frozen_audit_polish/attempt_20260727T174721Z/summary_v008.json	881af654d6b51e5536e0244be795e278abde471eaa0ea995522ff5bcb31dc2fe	UNKNOWN	UNKNOWN	UNKNOWN	UNKNOWN	Not established by the available top-level records; not an exhaustive physics/code audit.		NOT_ESTABLISHED	Presentation iteration, not a separate physics result.	No promotion from a PASS marker alone; no gamma-as-error or unsupported deployment/IID claim.	NO_AUTOMATIC_ACTION_FROM_THIS_AUDIT	status=PASS_FIGURE02_PRIMARY_FROZEN_AUDIT_POLISH_RENDERED_V008	CURRENT_FIGURE02_PRIMARY_FROZEN_AUDIT_POLISH_V008.txt	4	SOURCE_DOCUMENTS_HASHED_NOT_RERUN
10_visualization/v009_figure02_primary_frozen_audit_spacious	10_visualization	${PROJECT_ROOT}/10_visualization/versions/v009_figure02_primary_frozen_audit_spacious/attempt_20260727T175450Z	PRESENTATION_ONLY	${PROJECT_ROOT}/10_visualization/versions/v009_figure02_primary_frozen_audit_spacious/attempt_20260727T175450Z/summary_v009.json	f758bf6277dce0d613b3dbb01b68c49b1938ecd402770870400d3c59c2f24d9f	UNKNOWN	UNKNOWN	UNKNOWN	UNKNOWN	Not established by the available top-level records; not an exhaustive physics/code audit.		NOT_ESTABLISHED	Presentation iteration, not a separate physics result.	No promotion from a PASS marker alone; no gamma-as-error or unsupported deployment/IID claim.	NO_AUTOMATIC_ACTION_FROM_THIS_AUDIT	status=PASS_FIGURE02_PRIMARY_FROZEN_AUDIT_SPACIOUS_RENDERED_V009	CURRENT_FIGURE02_PRIMARY_FROZEN_AUDIT_SPACIOUS_V009.txt	4	SOURCE_DOCUMENTS_HASHED_NOT_RERUN
10_visualization/v010_figure03_deployment_applicability	10_visualization	${PROJECT_ROOT}/10_visualization/versions/v010_figure03_deployment_applicability/attempt_20260727T181812Z	PRESENTATION_ONLY	${PROJECT_ROOT}/10_visualization/versions/v010_figure03_deployment_applicability/attempt_20260727T181812Z/summary_v010.json	26cba0c8a7dbc68d49ef92adcee3c9b92b5459a4ae8e1f737376f2f368e98c81	UNKNOWN	UNKNOWN	UNKNOWN	UNKNOWN	Not established by the available top-level records; not an exhaustive physics/code audit.		NOT_ESTABLISHED	Presentation iteration, not a separate physics result.	No promotion from a PASS marker alone; no gamma-as-error or unsupported deployment/IID claim.	NO_AUTOMATIC_ACTION_FROM_THIS_AUDIT	status=PASS_FIGURE03_DEPLOYMENT_APPLICABILITY_RENDERED_V010	CURRENT_FIGURE03_DEPLOYMENT_APPLICABILITY_V010.txt	4	SOURCE_DOCUMENTS_HASHED_NOT_RERUN
10_visualization/v011_figure03_deployment_applicability_minimal	10_visualization	${PROJECT_ROOT}/10_visualization/versions/v011_figure03_deployment_applicability_minimal/attempt_20260727T185025Z	PRESENTATION_ONLY	${PROJECT_ROOT}/10_visualization/versions/v011_figure03_deployment_applicability_minimal/attempt_20260727T185025Z/summary_v011.json	0e3936e8e1329dad5efef591f7470305b7e07eb313d93f96ab1808fc28cbf8f1	UNKNOWN	UNKNOWN	UNKNOWN	UNKNOWN	Not established by the available top-level records; not an exhaustive physics/code audit.		NOT_ESTABLISHED	Presentation iteration, not a separate physics result.	No promotion from a PASS marker alone; no gamma-as-error or unsupported deployment/IID claim.	NO_AUTOMATIC_ACTION_FROM_THIS_AUDIT	status=PASS_FIGURE03_DEPLOYMENT_APPLICABILITY_MINIMAL_RENDERED_V011	CURRENT_FIGURE03_DEPLOYMENT_APPLICABILITY_MINIMAL_V011.txt	4	SOURCE_DOCUMENTS_HASHED_NOT_RERUN
10_visualization/v012_figure03_deployment_applicability_spacious_palette	10_visualization	${PROJECT_ROOT}/10_visualization/versions/v012_figure03_deployment_applicability_spacious_palette/attempt_20260727T185704Z	PRESENTATION_ONLY	${PROJECT_ROOT}/10_visualization/versions/v012_figure03_deployment_applicability_spacious_palette/attempt_20260727T185704Z/summary_v012.json	8b06a53e7178be6532bbe82c2e45923ad6f137005b522d48f38e06c659215e2b	UNKNOWN	UNKNOWN	UNKNOWN	UNKNOWN	Not established by the available top-level records; not an exhaustive physics/code audit.		NOT_ESTABLISHED	Presentation iteration, not a separate physics result.	No promotion from a PASS marker alone; no gamma-as-error or unsupported deployment/IID claim.	NO_AUTOMATIC_ACTION_FROM_THIS_AUDIT	status=PASS_FIGURE03_DEPLOYMENT_APPLICABILITY_SPACIOUS_PALETTE_RENDERED_V012	CURRENT_FIGURE03_DEPLOYMENT_APPLICABILITY_SPACIOUS_PALETTE_V012.txt	4	SOURCE_DOCUMENTS_HASHED_NOT_RERUN
10_visualization/v013_figure03_deployment_applicability_text_clear	10_visualization	${PROJECT_ROOT}/10_visualization/versions/v013_figure03_deployment_applicability_text_clear/attempt_20260727T192803Z	PRESENTATION_ONLY	${PROJECT_ROOT}/10_visualization/versions/v013_figure03_deployment_applicability_text_clear/attempt_20260727T192803Z/summary_v013.json	9a090587ce2a3cc265a083ae846fa76fb03e7184429d22240f04e5aee37446ac	UNKNOWN	UNKNOWN	UNKNOWN	UNKNOWN	Not established by the available top-level records; not an exhaustive physics/code audit.		NOT_ESTABLISHED	Presentation iteration, not a separate physics result.	No promotion from a PASS marker alone; no gamma-as-error or unsupported deployment/IID claim.	NO_AUTOMATIC_ACTION_FROM_THIS_AUDIT	status=PASS_FIGURE03_DEPLOYMENT_APPLICABILITY_TEXT_CLEAR_RENDERED_V013	CURRENT_FIGURE03_DEPLOYMENT_APPLICABILITY_TEXT_CLEAR_V013.txt	4	SOURCE_DOCUMENTS_HASHED_NOT_RERUN
10_visualization/v014_figure04_secondary_mtp_neb	10_visualization	${PROJECT_ROOT}/10_visualization/versions/v014_figure04_secondary_mtp_neb/attempt_20260727T195019Z	PRESENTATION_ONLY	${PROJECT_ROOT}/10_visualization/versions/v014_figure04_secondary_mtp_neb/attempt_20260727T195019Z/summary_v014.json	5b2104bc4b40e6eaed1c75cd7e31cebe4ef1b523e0769099b2fdcef5376f5ebb	UNKNOWN	UNKNOWN	UNKNOWN	UNKNOWN	Not established by the available top-level records; not an exhaustive physics/code audit.		NOT_ESTABLISHED	Presentation iteration, not a separate physics result.	No promotion from a PASS marker alone; no gamma-as-error or unsupported deployment/IID claim.	NO_AUTOMATIC_ACTION_FROM_THIS_AUDIT	status=PASS_FIGURE04_SECONDARY_MTP_NEB_RENDERED_V014	CURRENT_FIGURE04_SECONDARY_MTP_NEB_V014.txt	4	SOURCE_DOCUMENTS_HASHED_NOT_RERUN
10_visualization/v015_figure01_equal_budget_design	10_visualization	${PROJECT_ROOT}/10_visualization/versions/v015_figure01_equal_budget_design/attempt_20260727T201255Z	PRESENTATION_ONLY	${PROJECT_ROOT}/10_visualization/versions/v015_figure01_equal_budget_design/attempt_20260727T201255Z/summary_v015.json	2cca47d87e4b7e1afceb45cfcce4e63961fe4732e9a73dcaa27a0d5faf938613	UNKNOWN	UNKNOWN	UNKNOWN	UNKNOWN	Not established by the available top-level records; not an exhaustive physics/code audit.		NOT_ESTABLISHED	Presentation iteration, not a separate physics result.	No promotion from a PASS marker alone; no gamma-as-error or unsupported deployment/IID claim.	NO_AUTOMATIC_ACTION_FROM_THIS_AUDIT	status=PASS_FIGURE01_EQUAL_BUDGET_DESIGN_RENDERED_V015	CURRENT_FIGURE01_EQUAL_BUDGET_DESIGN_V015.txt	4	SOURCE_DOCUMENTS_HASHED_NOT_RERUN
10_visualization/v017_figure01_equal_budget_design_text_clear	10_visualization	${PROJECT_ROOT}/10_visualization/versions/v017_figure01_equal_budget_design_text_clear/attempt_20260727T215649Z	PRESENTATION_ONLY	${PROJECT_ROOT}/10_visualization/versions/v017_figure01_equal_budget_design_text_clear/attempt_20260727T215649Z/summary_v017.json	4bb6cde88094b3d714daef73a14c282390d5ad23107a4d595d75abc9289222b0	UNKNOWN	UNKNOWN	UNKNOWN	UNKNOWN	Not established by the available top-level records; not an exhaustive physics/code audit.		NOT_ESTABLISHED	Presentation iteration, not a separate physics result.	No promotion from a PASS marker alone; no gamma-as-error or unsupported deployment/IID claim.	NO_AUTOMATIC_ACTION_FROM_THIS_AUDIT	status=PASS_FIGURE01_EQUAL_BUDGET_DESIGN_TEXT_CLEAR_RENDERED_V017	CURRENT_FIGURE01_EQUAL_BUDGET_DESIGN_TEXT_CLEAR_V017.txt	4	SOURCE_DOCUMENTS_HASHED_NOT_RERUN
10_visualization/v018_figure01_equal_budget_design_spacious	10_visualization	${PROJECT_ROOT}/10_visualization/versions/v018_figure01_equal_budget_design_spacious/attempt_20260727T221009Z	PRESENTATION_ONLY	${PROJECT_ROOT}/10_visualization/versions/v018_figure01_equal_budget_design_spacious/attempt_20260727T221009Z/summary_v018.json	7712186384080d691899a9b1b797ed011925a7000a1b1ed14104bcf663842c79	UNKNOWN	UNKNOWN	UNKNOWN	UNKNOWN	Not established by the available top-level records; not an exhaustive physics/code audit.		NOT_ESTABLISHED	Presentation iteration, not a separate physics result.	No promotion from a PASS marker alone; no gamma-as-error or unsupported deployment/IID claim.	NO_AUTOMATIC_ACTION_FROM_THIS_AUDIT	status=PASS_FIGURE01_EQUAL_BUDGET_DESIGN_SPACIOUS_RENDERED_V018	CURRENT_FIGURE01_EQUAL_BUDGET_DESIGN_SPACIOUS_V018.txt	4	SOURCE_DOCUMENTS_HASHED_NOT_RERUN
10_visualization/v019_figure01_equal_budget_design_focus_v019	10_visualization	${PROJECT_ROOT}/10_visualization/versions/v019_figure01_equal_budget_design_focus_v019/attempt_20260727T222309Z	PRESENTATION_ONLY	${PROJECT_ROOT}/10_visualization/versions/v019_figure01_equal_budget_design_focus_v019/attempt_20260727T222309Z/summary_v019.json	e3e71986f76a1f62f8afa9ddd747b14639786e82bc18d3aa3908d3ce92f49bf6	UNKNOWN	UNKNOWN	UNKNOWN	UNKNOWN	Not established by the available top-level records; not an exhaustive physics/code audit.		NOT_ESTABLISHED	Presentation iteration, not a separate physics result.	No promotion from a PASS marker alone; no gamma-as-error or unsupported deployment/IID claim.	NO_AUTOMATIC_ACTION_FROM_THIS_AUDIT	status=PASS_FIGURE01_EQUAL_BUDGET_DESIGN_FOCUS_RENDERED_V019	CURRENT_FIGURE01_EQUAL_BUDGET_DESIGN_FOCUS_V019.txt	4	SOURCE_DOCUMENTS_HASHED_NOT_RERUN
10_visualization/v020_supplementary_figure_s1_selection_interface_consistency	10_visualization	${PROJECT_ROOT}/10_visualization/versions/v020_supplementary_figure_s1_selection_interface_consistency/attempt_20260727T225317Z	PRESENTATION_ONLY	${PROJECT_ROOT}/10_visualization/versions/v020_supplementary_figure_s1_selection_interface_consistency/attempt_20260727T225317Z/summary_v020.json	bc938712f1ff1fe4db8a236644aace7b7fb9b7828972718fd7f3d945b43de528	UNKNOWN	UNKNOWN	UNKNOWN	UNKNOWN	Not established by the available top-level records; not an exhaustive physics/code audit.		NOT_ESTABLISHED	Presentation iteration, not a separate physics result.	No promotion from a PASS marker alone; no gamma-as-error or unsupported deployment/IID claim.	NO_AUTOMATIC_ACTION_FROM_THIS_AUDIT	status=PASS_SUPPLEMENTARY_FIGURE_S1_SELECTION_INTERFACE_CONSISTENCY_RENDERED_V020	CURRENT_SUPPLEMENTARY_FIGURE_S1_SELECTION_INTERFACE_CONSISTENCY_V020.txt	4	SOURCE_DOCUMENTS_HASHED_NOT_RERUN
10_visualization/v021_supplementary_figure_s2_applicability_grades	10_visualization	${PROJECT_ROOT}/10_visualization/versions/v021_supplementary_figure_s2_applicability_grades/attempt_20260727T232923Z	PRESENTATION_ONLY	${PROJECT_ROOT}/10_visualization/versions/v021_supplementary_figure_s2_applicability_grades/attempt_20260727T232923Z/summary_v021.json	896cd38159c90aac63a3ffb5b2a516b366efb3a34204103319575c1f7d51b553	UNKNOWN	UNKNOWN	UNKNOWN	UNKNOWN	Not established by the available top-level records; not an exhaustive physics/code audit.		NOT_ESTABLISHED	Presentation iteration, not a separate physics result.	No promotion from a PASS marker alone; no gamma-as-error or unsupported deployment/IID claim.	NO_AUTOMATIC_ACTION_FROM_THIS_AUDIT	status=PASS_SUPPLEMENTARY_FIGURE_S2_APPLICABILITY_GRADES_RENDERED_V021	CURRENT_SUPPLEMENTARY_FIGURE_S2_APPLICABILITY_GRADES_V021.txt	4	SOURCE_DOCUMENTS_HASHED_NOT_RERUN
10_visualization/v022_supplementary_figure_s2_applicability_grades_spacious	10_visualization	${PROJECT_ROOT}/10_visualization/versions/v022_supplementary_figure_s2_applicability_grades_spacious/attempt_20260727T233544Z	PRESENTATION_ONLY	${PROJECT_ROOT}/10_visualization/versions/v022_supplementary_figure_s2_applicability_grades_spacious/attempt_20260727T233544Z/summary_v022.json	2ebd79fc58738ff5d621b831b57a7472d06ad46509582bfc6224e3a526cd960d	UNKNOWN	UNKNOWN	UNKNOWN	UNKNOWN	Not established by the available top-level records; not an exhaustive physics/code audit.		NOT_ESTABLISHED	Presentation iteration, not a separate physics result.	No promotion from a PASS marker alone; no gamma-as-error or unsupported deployment/IID claim.	NO_AUTOMATIC_ACTION_FROM_THIS_AUDIT	status=PASS_SUPPLEMENTARY_FIGURE_S2_APPLICABILITY_GRADES_RENDERED_V022		4	SOURCE_DOCUMENTS_HASHED_NOT_RERUN
10_visualization/v022_supplementary_figure_s2_applicability_grades_spacious	10_visualization	${PROJECT_ROOT}/10_visualization/versions/v022_supplementary_figure_s2_applicability_grades_spacious/attempt_20260728T095149Z	PRESENTATION_ONLY	${PROJECT_ROOT}/10_visualization/versions/v022_supplementary_figure_s2_applicability_grades_spacious/attempt_20260728T095149Z/summary_v022.json	19ea3efddc42bd1e74c27c13bf9024d3b2e7eb9379be27bf08b1cbca29b23483	UNKNOWN	UNKNOWN	UNKNOWN	UNKNOWN	Not established by the available top-level records; not an exhaustive physics/code audit.		NOT_ESTABLISHED	Presentation iteration, not a separate physics result.	No promotion from a PASS marker alone; no gamma-as-error or unsupported deployment/IID claim.	NO_AUTOMATIC_ACTION_FROM_THIS_AUDIT	status=PASS_SUPPLEMENTARY_FIGURE_S2_APPLICABILITY_GRADES_RENDERED_V022	CURRENT_SUPPLEMENTARY_FIGURE_S2_APPLICABILITY_GRADES_V022.txt	4	SOURCE_DOCUMENTS_HASHED_NOT_RERUN
10_visualization/v023_supplementary_table_s1_complete_numerical_audit	10_visualization	${PROJECT_ROOT}/10_visualization/versions/v023_supplementary_table_s1_complete_numerical_audit/attempt_20260728T102752Z	PRESENTATION_ONLY	${PROJECT_ROOT}/10_visualization/versions/v023_supplementary_table_s1_complete_numerical_audit/attempt_20260728T102752Z/summary_v023.json	bcd18c51b373769b52ba2ef00379b90f07e39143e23f78229f98ba9401a489cb	UNKNOWN	UNKNOWN	UNKNOWN	UNKNOWN	Not established by the available top-level records; not an exhaustive physics/code audit.		NOT_ESTABLISHED	Presentation iteration, not a separate physics result.	No promotion from a PASS marker alone; no gamma-as-error or unsupported deployment/IID claim.	NO_AUTOMATIC_ACTION_FROM_THIS_AUDIT	status=PASS_SUPPLEMENTARY_TABLE_S1_COMPLETE_NUMERICAL_AUDIT_BUILT_V023	CURRENT_SUPPLEMENTARY_TABLE_S1_COMPLETE_NUMERICAL_AUDIT_V023.txt	4	SOURCE_DOCUMENTS_HASHED_NOT_RERUN
10_visualization/v024_video01_frozen_pbe_neb9_reference	10_visualization	${PROJECT_ROOT}/10_visualization/versions/v024_video01_frozen_pbe_neb9_reference/attempt_20260728T105734Z	PRESENTATION_ONLY	${PROJECT_ROOT}/10_visualization/versions/v024_video01_frozen_pbe_neb9_reference/attempt_20260728T105734Z/summary_v024.json	a331eba54eeaaa95368303b80eb4234d2aa271c92a5abf396f13675d4f10090d	"""NONE"""	UNKNOWN	UNKNOWN	UNKNOWN	Not established by the available top-level records; not an exhaustive physics/code audit.		NOT_ESTABLISHED	Presentation iteration, not a separate physics result.	No promotion from a PASS marker alone; no gamma-as-error or unsupported deployment/IID claim.	NO_AUTOMATIC_ACTION_FROM_THIS_AUDIT	status=PASS_VIDEO01_FROZEN_PBE_NEB9_REFERENCE_RENDERED_V024	CURRENT_VIDEO01_FROZEN_PBE_NEB9_REFERENCE_V024.txt	4	SOURCE_DOCUMENTS_HASHED_NOT_RERUN
10_visualization/v025_video01_explanatory_pbe_neb9_reference	10_visualization	${PROJECT_ROOT}/10_visualization/versions/v025_video01_explanatory_pbe_neb9_reference/attempt_20260728T113342Z	PRESENTATION_ONLY	${PROJECT_ROOT}/10_visualization/versions/v025_video01_explanatory_pbe_neb9_reference/attempt_20260728T113342Z/summary_v025.json	9d02b78402f1eeaf7229fb4afea1a20c603f480f3857ddee0d461c66f2ac10f4	"""NONE"""	UNKNOWN	UNKNOWN	UNKNOWN	Not established by the available top-level records; not an exhaustive physics/code audit.		NOT_ESTABLISHED	Presentation iteration, not a separate physics result.	No promotion from a PASS marker alone; no gamma-as-error or unsupported deployment/IID claim.	NO_AUTOMATIC_ACTION_FROM_THIS_AUDIT	status=PASS_VIDEO01_EXPLANATORY_PBE_NEB9_RENDERED_V025	CURRENT_VIDEO01_EXPLANATORY_PBE_NEB9_V025.txt	4	SOURCE_DOCUMENTS_HASHED_NOT_RERUN
10_visualization/v026_video01_relaxed_path_storyboard	10_visualization	${PROJECT_ROOT}/10_visualization/versions/v026_video01_relaxed_path_storyboard/attempt_20260728T130952Z	PRESENTATION_ONLY	${PROJECT_ROOT}/10_visualization/versions/v026_video01_relaxed_path_storyboard/attempt_20260728T130952Z/summary_v026.json	566c9af1069658ae0922d68982d26c7c072af015243eb74f350ad2938a97e238	"""NONE"""	UNKNOWN	UNKNOWN	UNKNOWN	Not established by the available top-level records; not an exhaustive physics/code audit.		NOT_ESTABLISHED	Presentation iteration, not a separate physics result.	No promotion from a PASS marker alone; no gamma-as-error or unsupported deployment/IID claim.	NO_AUTOMATIC_ACTION_FROM_THIS_AUDIT	status=PASS_VIDEO01_RELAXED_PATH_STORYBOARD_RENDERED_V026	CURRENT_VIDEO01_RELAXED_PATH_STORYBOARD_V026.txt	3	SOURCE_DOCUMENTS_HASHED_NOT_RERUN
10_visualization/v027_video01_relaxed_path_storyboard_polished	10_visualization	${PROJECT_ROOT}/10_visualization/versions/v027_video01_relaxed_path_storyboard_polished/attempt_n265socu	PRESENTATION_ONLY	${PROJECT_ROOT}/10_visualization/versions/v027_video01_relaxed_path_storyboard_polished/attempt_n265socu/summary_v027.json	cef932c3e8c9e812d2b1c39a4f970574eadf4ed8636f51c74a4e171987ef3086	"""NONE"""	UNKNOWN	UNKNOWN	UNKNOWN	Not established by the available top-level records; not an exhaustive physics/code audit.		NOT_ESTABLISHED	Presentation iteration, not a separate physics result.	No promotion from a PASS marker alone; no gamma-as-error or unsupported deployment/IID claim.	NO_AUTOMATIC_ACTION_FROM_THIS_AUDIT	status=PASS_VIDEO01_RELAXED_PATH_STORYBOARD_POLISHED_V027_RENDERED	CURRENT_VIDEO01_RELAXED_PATH_STORYBOARD_POLISHED_V027.txt	3	SOURCE_DOCUMENTS_HASHED_NOT_RERUN
10_visualization/v028_video01_relaxed_path_storyboard_checksum_locked	10_visualization	${PROJECT_ROOT}/10_visualization/versions/v028_video01_relaxed_path_storyboard_checksum_locked/attempt_bsi7d4k9	PRESENTATION_ONLY	${PROJECT_ROOT}/10_visualization/versions/v028_video01_relaxed_path_storyboard_checksum_locked/attempt_bsi7d4k9/summary_v028.json	59033e47acbc1e40109c02547b5c8393d5bc352850d2c314bc83c9dc76f710a6	"""NONE"""	UNKNOWN	UNKNOWN	UNKNOWN	Not established by the available top-level records; not an exhaustive physics/code audit.		NOT_ESTABLISHED	Presentation iteration, not a separate physics result.	No promotion from a PASS marker alone; no gamma-as-error or unsupported deployment/IID claim.	NO_AUTOMATIC_ACTION_FROM_THIS_AUDIT	status=PASS_VIDEO01_RELAXED_PATH_STORYBOARD_CHECKSUM_LOCKED_V028_RENDERED	CURRENT_VIDEO01_RELAXED_PATH_STORYBOARD_CHECKSUM_LOCKED_V028.txt	3	SOURCE_DOCUMENTS_HASHED_NOT_RERUN
10_visualization/v029_video01_relaxed_path_full_video	10_visualization	${PROJECT_ROOT}/10_visualization/versions/v029_video01_relaxed_path_full_video/attempt_s7sdnfqq	PRESENTATION_ONLY	${PROJECT_ROOT}/10_visualization/versions/v029_video01_relaxed_path_full_video/attempt_s7sdnfqq/summary_v029.json	58bf6bfbe4f62dda5d85b358304d343a8f3998d3aaed83b42e97d8fe920353c3	"""NONE"""	UNKNOWN	UNKNOWN	UNKNOWN	Not established by the available top-level records; not an exhaustive physics/code audit.		NOT_ESTABLISHED	Presentation iteration, not a separate physics result.	No promotion from a PASS marker alone; no gamma-as-error or unsupported deployment/IID claim.	NO_AUTOMATIC_ACTION_FROM_THIS_AUDIT	status=PASS_VIDEO01_RELAXED_PATH_FULL_VIDEO_V029_RENDERED	CURRENT_VIDEO01_RELAXED_PATH_FULL_VIDEO_V029.txt	3	SOURCE_DOCUMENTS_HASHED_NOT_RERUN
10_visualization/v030_video01_relaxed_path_clean_video	10_visualization	${PROJECT_ROOT}/10_visualization/versions/v030_video01_relaxed_path_clean_video/attempt_nd6t2864	PRESENTATION_ONLY	${PROJECT_ROOT}/10_visualization/versions/v030_video01_relaxed_path_clean_video/attempt_nd6t2864/summary_v030.json	c797d54ab743905361ca33cb36ebd2d35bfc007fffa2c9712a78d93325f3f5d6	"""NONE"""	UNKNOWN	UNKNOWN	UNKNOWN	Not established by the available top-level records; not an exhaustive physics/code audit.		NOT_ESTABLISHED	Presentation iteration, not a separate physics result.	No promotion from a PASS marker alone; no gamma-as-error or unsupported deployment/IID claim.	NO_AUTOMATIC_ACTION_FROM_THIS_AUDIT	status=PASS_VIDEO01_RELAXED_PATH_CLEAN_VIDEO_V030_RENDERED	CURRENT_VIDEO01_RELAXED_PATH_CLEAN_VIDEO_V030.txt	3	SOURCE_DOCUMENTS_HASHED_NOT_RERUN
10_visualization/v031_supplementary_video_s1_first_update_rejection	10_visualization	${PROJECT_ROOT}/10_visualization/versions/v031_supplementary_video_s1_first_update_rejection/attempt_bwk0by4k	PRESENTATION_ONLY	${PROJECT_ROOT}/10_visualization/versions/v031_supplementary_video_s1_first_update_rejection/attempt_bwk0by4k/summary_v031.json	0973d751b7f04a51e0b8b61480f04959a8b170a0aad8474961144d3146412e11	"""NONE"""	UNKNOWN	UNKNOWN	UNKNOWN	Not established by the available top-level records; not an exhaustive physics/code audit.		NOT_ESTABLISHED	Presentation iteration, not a separate physics result.	No promotion from a PASS marker alone; no gamma-as-error or unsupported deployment/IID claim.	NO_AUTOMATIC_ACTION_FROM_THIS_AUDIT	status=PASS_SUPPLEMENTARY_VIDEO_S1_FIRST_UPDATE_REJECTION_RENDERED_V031	CURRENT_SUPPLEMENTARY_VIDEO_S1_FIRST_UPDATE_REJECTION_V031.txt	3	SOURCE_DOCUMENTS_HASHED_NOT_RERUN
10_visualization/v032_video02_proton_transfer_pbe_mep	10_visualization	${PROJECT_ROOT}/10_visualization/versions/v032_video02_proton_transfer_pbe_mep/attempt_6mpxoq7n	PRESENTATION_ONLY	${PROJECT_ROOT}/10_visualization/versions/v032_video02_proton_transfer_pbe_mep/attempt_6mpxoq7n/summary_v032.json	d733ed5ca647a3f1896ab78872b646d95ea46205d52753ff85ae2273b3864897	"""NONE"""	UNKNOWN	UNKNOWN	UNKNOWN	Not established by the available top-level records; not an exhaustive physics/code audit.		NOT_ESTABLISHED	Presentation iteration, not a separate physics result.	No promotion from a PASS marker alone; no gamma-as-error or unsupported deployment/IID claim.	NO_AUTOMATIC_ACTION_FROM_THIS_AUDIT	status=PASS_VIDEO02_PROTON_TRANSFER_PBE_MEP_V032_RENDERED	CURRENT_VIDEO02_PROTON_TRANSFER_PBE_MEP_V032.txt	2	SOURCE_DOCUMENTS_HASHED_NOT_RERUN
10_visualization/v033_video02_proton_transfer_pbe_mep_clean	10_visualization	${PROJECT_ROOT}/10_visualization/versions/v033_video02_proton_transfer_pbe_mep_clean/attempt_vmjlm5dk	PRESENTATION_ONLY	${PROJECT_ROOT}/10_visualization/versions/v033_video02_proton_transfer_pbe_mep_clean/attempt_vmjlm5dk/summary_v033.json	4831da3668297789bcbf20077d7bc125bb0bbda23c794d21dfb6b0a80d4af151	"""NONE"""	UNKNOWN	UNKNOWN	UNKNOWN	Not established by the available top-level records; not an exhaustive physics/code audit.		NOT_ESTABLISHED	Presentation iteration, not a separate physics result.	No promotion from a PASS marker alone; no gamma-as-error or unsupported deployment/IID claim.	NO_AUTOMATIC_ACTION_FROM_THIS_AUDIT	status=PASS_VIDEO02_PROTON_TRANSFER_PBE_MEP_CLEAN_V033_RENDERED	CURRENT_VIDEO02_PROTON_TRANSFER_PBE_MEP_CLEAN_V033.txt	2	SOURCE_DOCUMENTS_HASHED_NOT_RERUN
10_visualization/v034_video02_proton_transfer_pbe_mep_clean	10_visualization	${PROJECT_ROOT}/10_visualization/versions/v034_video02_proton_transfer_pbe_mep_clean/attempt_zc83dxxl	PRESENTATION_ONLY	${PROJECT_ROOT}/10_visualization/versions/v034_video02_proton_transfer_pbe_mep_clean/attempt_zc83dxxl/summary_v034.json	15f70a04e235e7d9bc32e5022307f499222c465474db1517ad02b0784037b524	"""NONE"""	UNKNOWN	UNKNOWN	UNKNOWN	Not established by the available top-level records; not an exhaustive physics/code audit.		NOT_ESTABLISHED	Presentation iteration, not a separate physics result.	No promotion from a PASS marker alone; no gamma-as-error or unsupported deployment/IID claim.	NO_AUTOMATIC_ACTION_FROM_THIS_AUDIT	status=PASS_VIDEO02_PROTON_TRANSFER_PBE_MEP_CLEAN_V034_RENDERED	CURRENT_VIDEO02_PROTON_TRANSFER_PBE_MEP_CLEAN_V034.txt	2	SOURCE_DOCUMENTS_HASHED_NOT_RERUN
10_visualization/v035_graphical_abstract	10_visualization	${PROJECT_ROOT}/10_visualization/versions/v035_graphical_abstract/attempt_20260729T134213Z	PRESENTATION_ONLY	${PROJECT_ROOT}/10_visualization/versions/v035_graphical_abstract/attempt_20260729T134213Z/summary_v035.json	38a7366ecc74931880a73d540b355ee14deb71784663d2cefc5c259844ff506e	"""NONE"""	UNKNOWN	UNKNOWN	UNKNOWN	Not established by the available top-level records; not an exhaustive physics/code audit.		NOT_ESTABLISHED	Presentation iteration, not a separate physics result.	No promotion from a PASS marker alone; no gamma-as-error or unsupported deployment/IID claim.	NO_AUTOMATIC_ACTION_FROM_THIS_AUDIT	status=PASS_GRAPHICAL_ABSTRACT_RENDERED_V035		2	SOURCE_DOCUMENTS_HASHED_NOT_RERUN
10_visualization/v036_graphical_abstract_simplified	10_visualization	${PROJECT_ROOT}/10_visualization/versions/v036_graphical_abstract_simplified/attempt_20260730T112308Z	PRESENTATION_ONLY	NO_TERMINAL_RECORD_LOCATED		UNKNOWN	UNKNOWN	UNKNOWN	UNKNOWN	Not established by the available top-level records; not an exhaustive physics/code audit.		NOT_ESTABLISHED	Presentation iteration, not a separate physics result.	No promotion from a PASS marker alone; no gamma-as-error or unsupported deployment/IID claim.	NO_AUTOMATIC_ACTION_FROM_THIS_AUDIT			0	INVENTORY_ONLY_NO_TERMINAL_STATUS
10_visualization/v039_frozen_path_1d_tunneling_audit	10_visualization	${PROJECT_ROOT}/10_visualization/versions/v039_frozen_path_1d_tunneling_audit/attempt_20260730T224427Z	AUTHORITATIVE_WITH_CAVEAT	${PROJECT_ROOT}/10_visualization/versions/v039_frozen_path_1d_tunneling_audit/attempt_20260730T224427Z/summary_v039.json	9bfbbbb92676330ce5c5f96ea7db973574519e2c5a235e1eb70b30d8cff640c4	"""FROZEN_PATH_1D_SCHRODINGER_AUDIT_ONLY"""	UNKNOWN	UNKNOWN	UNKNOWN	Stage62 is stored in v039. Global stage and local version are distinct numbering systems. One-dimensional spectral diagnostic.		NOT_ESTABLISHED	Stage62 is stored in v039. Global stage and local version are distinct numbering systems. One-dimensional spectral diagnostic.	No promotion from a PASS marker alone; no gamma-as-error or unsupported deployment/IID claim.	NO_AUTOMATIC_ACTION_FROM_THIS_AUDIT	status=PASS_STAGE62_FROZEN_PATH_1D_TUNNELING_AUDIT_V003	CURRENT_FROZEN_PATH_1D_TUNNELING_AUDIT_V039.txt	2	SOURCE_DOCUMENTS_HASHED_NOT_RERUN
10_visualization/v040_supplementary_figure_s3_quantum_audit_final	10_visualization	${PROJECT_ROOT}/10_visualization/versions/v040_supplementary_figure_s3_quantum_audit_final/attempt_20260730T233602Z	PRESENTATION_ONLY	${PROJECT_ROOT}/10_visualization/versions/v040_supplementary_figure_s3_quantum_audit_final/attempt_20260730T233602Z/summary_v040.json	c9d05916e9cad52c4cb50807ea937d9a0ce6d43b346c52e7995ba2f937671966	"""NONE"""	UNKNOWN	UNKNOWN	UNKNOWN	Not established by the available top-level records; not an exhaustive physics/code audit.		NOT_ESTABLISHED	Presentation iteration, not a separate physics result.	No promotion from a PASS marker alone; no gamma-as-error or unsupported deployment/IID claim.	NO_AUTOMATIC_ACTION_FROM_THIS_AUDIT	status=PASS_STAGE63_SUPPLEMENTARY_FIGURE_S3_QUANTUM_AUDIT_V001	CURRENT_SUPPLEMENTARY_FIGURE_S3_QUANTUM_AUDIT_FINAL_V040.txt	2	SOURCE_DOCUMENTS_HASHED_NOT_RERUN
10_visualization/v041_supplementary_figure_s3_quantum_audit_spacious	10_visualization	${PROJECT_ROOT}/10_visualization/versions/v041_supplementary_figure_s3_quantum_audit_spacious/attempt_20260731T081617Z	PRESENTATION_ONLY	${PROJECT_ROOT}/10_visualization/versions/v041_supplementary_figure_s3_quantum_audit_spacious/attempt_20260731T081617Z/summary_v041.json	457c65a3f8c3452075de15cfc883b1a2bcc93dcad6f97803aff6214f9a5d663c	"""NONE"""	UNKNOWN	UNKNOWN	UNKNOWN	Not established by the available top-level records; not an exhaustive physics/code audit.		NOT_ESTABLISHED	Presentation iteration, not a separate physics result.	No promotion from a PASS marker alone; no gamma-as-error or unsupported deployment/IID claim.	NO_AUTOMATIC_ACTION_FROM_THIS_AUDIT	status=PASS_STAGE63_SUPPLEMENTARY_FIGURE_S3_QUANTUM_AUDIT_V002	CURRENT_SUPPLEMENTARY_FIGURE_S3_QUANTUM_AUDIT_SPACIOUS_V041.txt	2	SOURCE_DOCUMENTS_HASHED_NOT_RERUN
10_visualization/v042_supplementary_figure_s3_quantum_audit_relaxed_top	10_visualization	${PROJECT_ROOT}/10_visualization/versions/v042_supplementary_figure_s3_quantum_audit_relaxed_top/attempt_20260731T082311Z	PRESENTATION_ONLY	${PROJECT_ROOT}/10_visualization/versions/v042_supplementary_figure_s3_quantum_audit_relaxed_top/attempt_20260731T082311Z/summary_v042.json	06552c1108f236683873342787b6cbc3b76ce5c96e4492585c19a9d90d87d791	"""NONE"""	UNKNOWN	UNKNOWN	UNKNOWN	Not established by the available top-level records; not an exhaustive physics/code audit.		NOT_ESTABLISHED	Presentation iteration, not a separate physics result.	No promotion from a PASS marker alone; no gamma-as-error or unsupported deployment/IID claim.	NO_AUTOMATIC_ACTION_FROM_THIS_AUDIT	status=PASS_STAGE63_SUPPLEMENTARY_FIGURE_S3_QUANTUM_AUDIT_V003	CURRENT_SUPPLEMENTARY_FIGURE_S3_QUANTUM_AUDIT_RELAXED_TOP_V042.txt	2	SOURCE_DOCUMENTS_HASHED_NOT_RERUN
10_visualization/v043_supplementary_figure_s3_quantum_audit_relaxed_labels	10_visualization	${PROJECT_ROOT}/10_visualization/versions/v043_supplementary_figure_s3_quantum_audit_relaxed_labels/attempt_20260731T082752Z	PRESENTATION_ONLY	${PROJECT_ROOT}/10_visualization/versions/v043_supplementary_figure_s3_quantum_audit_relaxed_labels/attempt_20260731T082752Z/summary_v043.json	d18df31704440e523fdea269b7920c2dd760523b7da26fb317993c8b45a6a436	"""NONE"""	UNKNOWN	UNKNOWN	UNKNOWN	Not established by the available top-level records; not an exhaustive physics/code audit.		NOT_ESTABLISHED	Presentation iteration, not a separate physics result.	No promotion from a PASS marker alone; no gamma-as-error or unsupported deployment/IID claim.	NO_AUTOMATIC_ACTION_FROM_THIS_AUDIT	status=PASS_STAGE63_SUPPLEMENTARY_FIGURE_S3_QUANTUM_AUDIT_V004	CURRENT_SUPPLEMENTARY_FIGURE_S3_QUANTUM_AUDIT_RELAXED_LABELS_V043.txt	2	SOURCE_DOCUMENTS_HASHED_NOT_RERUN
10_visualization/v044_supplementary_figure_s3_quantum_audit_relaxed_annotations	10_visualization	${PROJECT_ROOT}/10_visualization/versions/v044_supplementary_figure_s3_quantum_audit_relaxed_annotations/attempt_20260731T083108Z	PRESENTATION_ONLY	${PROJECT_ROOT}/10_visualization/versions/v044_supplementary_figure_s3_quantum_audit_relaxed_annotations/attempt_20260731T083108Z/summary_v044.json	ba0ea6c6f630288e3b4f6e3cb2bf67299b8120169044af0243d39c25e6821ab6	"""NONE"""	UNKNOWN	UNKNOWN	UNKNOWN	Not established by the available top-level records; not an exhaustive physics/code audit.		NOT_ESTABLISHED	Presentation iteration, not a separate physics result.	No promotion from a PASS marker alone; no gamma-as-error or unsupported deployment/IID claim.	NO_AUTOMATIC_ACTION_FROM_THIS_AUDIT	status=PASS_STAGE63_SUPPLEMENTARY_FIGURE_S3_QUANTUM_AUDIT_V005	CURRENT_SUPPLEMENTARY_FIGURE_S3_QUANTUM_AUDIT_RELAXED_ANNOTATIONS_V044.txt	2	SOURCE_DOCUMENTS_HASHED_NOT_RERUN
11_release/github_public_repo_v001	11_release	${PROJECT_ROOT}/11_release/github_public_repo_v001/attempt_20260801T202834Z	AUTHORITATIVE	${PROJECT_ROOT}/11_release/github_public_repo_v001/attempt_20260801T202834Z/summary_v001.json	543ba29c105e4725612eb62c4045b5dcf9e86cfb6f2ef1148593fd6e73f11a1c	"""NONE"""	UNKNOWN	UNKNOWN	UNKNOWN	Not established by the available top-level records; not an exhaustive physics/code audit.		NOT_ESTABLISHED	Use only within recorded terminal outcome and source-specific caveats.	No promotion from a PASS marker alone; no gamma-as-error or unsupported deployment/IID claim.	NO_AUTOMATIC_ACTION_FROM_THIS_AUDIT	status=PASS_STAGE65_PREPARE_PUBLIC_GITHUB_REPO_V001	CURRENT_GITHUB_PUBLIC_REPO_V001.txt	2	SOURCE_DOCUMENTS_HASHED_NOT_RERUN
12_transition_tube/v069_freeze_preregistration_source_audit	12_transition_tube	${PROJECT_ROOT}/12_transition_tube/versions/v069_freeze_preregistration_source_audit/attempt_20260802T234514Z	PROTOCOL_ONLY	${PROJECT_ROOT}/12_transition_tube/versions/v069_freeze_preregistration_source_audit/attempt_20260802T234514Z/STAGE69_TEST_REPORT.json	82af50d2c9dc90f6b09c9fa1c2b1fa3017c325be16e99ff6f8ea4a61705d70c0	UNKNOWN	UNKNOWN	UNKNOWN	UNKNOWN	Frozen continuation plan, not an experiment result.		PROTOCOL_SPECIFIC; Replay228 development; Challenge4 non-IID; Blind12 not accessed	Frozen continuation plan, not an experiment result.	No promotion from a PASS marker alone; no gamma-as-error or unsupported deployment/IID claim.	NO_AUTOMATIC_ACTION_FROM_THIS_AUDIT	status=PASS_STAGE69_INTERNAL_TESTS_V001	CURRENT_STAGE69_FREEZE_PREREGISTRATION_V001.txt	13	SOURCE_DOCUMENTS_HASHED_NOT_RERUN
12_transition_tube/v070_neb9_parameterization_raw_filtered_pool_v003	12_transition_tube	${PROJECT_ROOT}/12_transition_tube/versions/v070_neb9_parameterization_raw_filtered_pool_v003/attempt_20260803T170120Z	AUTHORITATIVE	${PROJECT_ROOT}/12_transition_tube/versions/v070_neb9_parameterization_raw_filtered_pool_v003/attempt_20260803T170120Z/STAGE70_CONTRACT.json	e832c4bcaca05a58caf063481d70aed7591ed1ee1e7f6cb7e3ffb0c433afde6c	UNKNOWN	UNKNOWN	UNKNOWN	UNKNOWN	Frozen candidate population, not a deployment frequency estimate.		PROTOCOL_SPECIFIC; Replay228 development; Challenge4 non-IID; Blind12 not accessed	Frozen candidate population, not a deployment frequency estimate.	No promotion from a PASS marker alone; no gamma-as-error or unsupported deployment/IID claim.	NO_AUTOMATIC_ACTION_FROM_THIS_AUDIT	status=PASS_STAGE70_NEB9_TRANSITION_TUBE_RAW_FILTERED_POOL_V003	CURRENT_STAGE70_NEB9_RAW_FILTERED_POOL_V003.txt	11	SOURCE_DOCUMENTS_HASHED_NOT_RERUN
12_transition_tube/v071_path60_grade_batch01_pbe_tube68_v003	12_transition_tube	${PROJECT_ROOT}/12_transition_tube/versions/v071_path60_grade_batch01_pbe_tube68_v003/work_20260803T213424Z	SUPERSEDED	NO_TERMINAL_RECORD_LOCATED		UNKNOWN	UNKNOWN	UNKNOWN	UNKNOWN	Early Tube68 label/training problems; use accepted seeded lineage.	${PROJECT_ROOT}/12_transition_tube/versions/v071d_seeded_random_training_amendment_v010/attempt_20260809T143200Z	PROTOCOL_SPECIFIC; Replay228 development; Challenge4 non-IID; Blind12 not accessed	Early Tube68 label/training problems; use accepted seeded lineage.	No promotion from a PASS marker alone; no gamma-as-error or unsupported deployment/IID claim.	NO_AUTOMATIC_ACTION_FROM_THIS_AUDIT		CURRENT_STAGE71_WORK_V003.txt	5	INVENTORY_ONLY_NO_TERMINAL_STATUS
12_transition_tube/v071_path60_grade_batch01_pbe_tube68_v004	12_transition_tube	${PROJECT_ROOT}/12_transition_tube/versions/v071_path60_grade_batch01_pbe_tube68_v004/work_20260804T123407Z	SUPERSEDED	NO_TERMINAL_RECORD_LOCATED		UNKNOWN	UNKNOWN	UNKNOWN	UNKNOWN	Early Tube68 label/training problems; use accepted seeded lineage.	${PROJECT_ROOT}/12_transition_tube/versions/v071d_seeded_random_training_amendment_v010/attempt_20260809T143200Z	PROTOCOL_SPECIFIC; Replay228 development; Challenge4 non-IID; Blind12 not accessed	Early Tube68 label/training problems; use accepted seeded lineage.	No promotion from a PASS marker alone; no gamma-as-error or unsupported deployment/IID claim.	NO_AUTOMATIC_ACTION_FROM_THIS_AUDIT		CURRENT_STAGE71_WORK_V004.txt	6	INVENTORY_ONLY_NO_TERMINAL_STATUS
12_transition_tube/v071_path60_grade_batch01_pbe_tube68_v005	12_transition_tube	${PROJECT_ROOT}/12_transition_tube/versions/v071_path60_grade_batch01_pbe_tube68_v005/attempt_20260804T155354Z	SUPERSEDED	${PROJECT_ROOT}/12_transition_tube/versions/v071_path60_grade_batch01_pbe_tube68_v005/attempt_20260804T155354Z/STAGE71_CONTRACT.json	20dcc10db9f2b9c4ec252dfcb4737e611cf08555e47d0bb2aac9de21e21b4d58	UNKNOWN	UNKNOWN	UNKNOWN	UNKNOWN	Early Tube68 label/training problems; use accepted seeded lineage.	${PROJECT_ROOT}/12_transition_tube/versions/v071d_seeded_random_training_amendment_v010/attempt_20260809T143200Z	PROTOCOL_SPECIFIC; Replay228 development; Challenge4 non-IID; Blind12 not accessed	Early Tube68 label/training problems; use accepted seeded lineage.	No promotion from a PASS marker alone; no gamma-as-error or unsupported deployment/IID claim.	NO_AUTOMATIC_ACTION_FROM_THIS_AUDIT	status=PASS_STAGE71_PATH60_GRADE_STRATIFIED_BATCH01_PBE_TUBE68_V005	CURRENT_STAGE71_PATH60_GRADE_BATCH01_PBE_TUBE68_V005.txt	12	SOURCE_DOCUMENTS_HASHED_NOT_RERUN
12_transition_tube/v071a_static_gate_a_tube68_v001	12_transition_tube	${PROJECT_ROOT}/12_transition_tube/versions/v071a_static_gate_a_tube68_v001/work_20260804T164432Z	SUPERSEDED	NO_TERMINAL_RECORD_LOCATED		UNKNOWN	UNKNOWN	UNKNOWN	UNKNOWN	Early Tube68 label/training problems; use accepted seeded lineage.	${PROJECT_ROOT}/12_transition_tube/versions/v071d_seeded_random_training_amendment_v010/attempt_20260809T143200Z	PROTOCOL_SPECIFIC; Replay228 development; Challenge4 non-IID; Blind12 not accessed	Early Tube68 label/training problems; use accepted seeded lineage.	No promotion from a PASS marker alone; no gamma-as-error or unsupported deployment/IID claim.	NO_AUTOMATIC_ACTION_FROM_THIS_AUDIT		CURRENT_STATIC_GATE_A_TUBE68_WORK_V001.txt	4	INVENTORY_ONLY_NO_TERMINAL_STATUS
12_transition_tube/v071a_static_gate_a_tube68_v002	12_transition_tube	${PROJECT_ROOT}/12_transition_tube/versions/v071a_static_gate_a_tube68_v002/work_20260804T183527Z	SUPERSEDED	NO_TERMINAL_RECORD_LOCATED		UNKNOWN	UNKNOWN	UNKNOWN	UNKNOWN	Early Tube68 label/training problems; use accepted seeded lineage.	${PROJECT_ROOT}/12_transition_tube/versions/v071d_seeded_random_training_amendment_v010/attempt_20260809T143200Z	PROTOCOL_SPECIFIC; Replay228 development; Challenge4 non-IID; Blind12 not accessed	Early Tube68 label/training problems; use accepted seeded lineage.	No promotion from a PASS marker alone; no gamma-as-error or unsupported deployment/IID claim.	NO_AUTOMATIC_ACTION_FROM_THIS_AUDIT		CURRENT_STATIC_GATE_A_TUBE68_WORK_V002.txt	5	INVENTORY_ONLY_NO_TERMINAL_STATUS
12_transition_tube/v071a_static_gate_a_tube68_v003	12_transition_tube	${PROJECT_ROOT}/12_transition_tube/versions/v071a_static_gate_a_tube68_v003/work_20260804T192951Z	SUPERSEDED	NO_TERMINAL_RECORD_LOCATED		UNKNOWN	UNKNOWN	UNKNOWN	UNKNOWN	Early Tube68 label/training problems; use accepted seeded lineage.	${PROJECT_ROOT}/12_transition_tube/versions/v071d_seeded_random_training_amendment_v010/attempt_20260809T143200Z	PROTOCOL_SPECIFIC; Replay228 development; Challenge4 non-IID; Blind12 not accessed	Early Tube68 label/training problems; use accepted seeded lineage.	No promotion from a PASS marker alone; no gamma-as-error or unsupported deployment/IID claim.	NO_AUTOMATIC_ACTION_FROM_THIS_AUDIT			6	INVENTORY_ONLY_NO_TERMINAL_STATUS
12_transition_tube/v071a_static_gate_a_tube68_v003	12_transition_tube	${PROJECT_ROOT}/12_transition_tube/versions/v071a_static_gate_a_tube68_v003/work_20260804T201822Z	SUPERSEDED	NO_TERMINAL_RECORD_LOCATED		UNKNOWN	UNKNOWN	UNKNOWN	UNKNOWN	Early Tube68 label/training problems; use accepted seeded lineage.	${PROJECT_ROOT}/12_transition_tube/versions/v071d_seeded_random_training_amendment_v010/attempt_20260809T143200Z	PROTOCOL_SPECIFIC; Replay228 development; Challenge4 non-IID; Blind12 not accessed	Early Tube68 label/training problems; use accepted seeded lineage.	No promotion from a PASS marker alone; no gamma-as-error or unsupported deployment/IID claim.	NO_AUTOMATIC_ACTION_FROM_THIS_AUDIT		CURRENT_STATIC_GATE_A_TUBE68_WORK_V003.txt	6	INVENTORY_ONLY_NO_TERMINAL_STATUS
12_transition_tube/v071a_static_gate_a_tube68_v004	12_transition_tube	${PROJECT_ROOT}/12_transition_tube/versions/v071a_static_gate_a_tube68_v004/attempt_20260805T182313Z	SUPERSEDED	${PROJECT_ROOT}/12_transition_tube/versions/v071a_static_gate_a_tube68_v004/attempt_20260805T182313Z/BUILD_COMPLETION.json	f6fcf39f153cb58c6beed8c04e3d3f349ed166e47feec01b9070013c7776c12e	UNKNOWN	MULTIPLE_VALUES_SEE_EVIDENCE	0	UNKNOWN	Early Tube68 label/training problems; use accepted seeded lineage.	${PROJECT_ROOT}/12_transition_tube/versions/v071d_seeded_random_training_amendment_v010/attempt_20260809T143200Z	PROTOCOL_SPECIFIC; Replay228 development; Challenge4 non-IID; Blind12 not accessed	Early Tube68 label/training problems; use accepted seeded lineage.	No promotion from a PASS marker alone; no gamma-as-error or unsupported deployment/IID claim.	NO_AUTOMATIC_ACTION_FROM_THIS_AUDIT	status=COMPLETE_STATIC_GATE_A_TUBE68_V004	CURRENT_STATIC_GATE_A_TUBE68_V004.txt	13	SOURCE_DOCUMENTS_HASHED_NOT_RERUN
12_transition_tube/v071b_post_gate_validity_audit_tube68_v003	12_transition_tube	${PROJECT_ROOT}/12_transition_tube/versions/v071b_post_gate_validity_audit_tube68_v003/attempt_20260805T230307Z	AUTHORITATIVE	${PROJECT_ROOT}/12_transition_tube/versions/v071b_post_gate_validity_audit_tube68_v003/attempt_20260805T230307Z/STAGE71B_SCIENTIFIC_CLASSIFICATION.json	1480feebc913f0fb934065f0769542ca510bd50936c68be06d24ead9244a895b	UNKNOWN	0	2	UNKNOWN	Valid diagnosis of invalid historical label pipeline, not training authority.		PROTOCOL_SPECIFIC; Replay228 development; Challenge4 non-IID; Blind12 not accessed	Valid diagnosis of invalid historical label pipeline, not training authority.	No promotion from a PASS marker alone; no gamma-as-error or unsupported deployment/IID claim.	"""REPAIR_LABEL_PIPELINE_WITHOUT_NEW_DFT"""	status=PASS_STAGE71B_SCIENTIFIC_CLASSIFICATION; primary_classification=LABEL_PIPELINE_INVALID	CURRENT_STAGE71B_POST_GATE_VALIDITY_V003.txt	13	SOURCE_DOCUMENTS_HASHED_NOT_RERUN
12_transition_tube/v071c_batch01_force_parser_repair_tube68_v001	12_transition_tube	${PROJECT_ROOT}/12_transition_tube/versions/v071c_batch01_force_parser_repair_tube68_v001/attempt_20260806T140724Z	AUTHORITATIVE_WITH_CAVEAT	${PROJECT_ROOT}/12_transition_tube/versions/v071c_batch01_force_parser_repair_tube68_v001/attempt_20260806T140724Z/STAGE71C_SCIENTIFIC_CLASSIFICATION.json	98c5e01859b931ac0d98f2298c29f17138795f892294fd0a73e91923a6144bb8	UNKNOWN	0	2	UNKNOWN	Labels repaired, training protocol still confounded.	${PROJECT_ROOT}/12_transition_tube/versions/v071d_seeded_random_training_amendment_v010/attempt_20260809T143200Z	PROTOCOL_SPECIFIC; Replay228 development; Challenge4 non-IID; Blind12 not accessed	Labels repaired, training protocol still confounded.	No promotion from a PASS marker alone; no gamma-as-error or unsupported deployment/IID claim.	"""SEEDED_RANDOM_TRAINING_AMENDMENT_WITH_CORRECTED_TRAIN68_NO_NEW_DFT"""	status=PASS_STAGE71C_SCIENTIFIC_CLASSIFICATION; primary_classification=LABEL_PIPELINE_REPAIRED_TRAINING_PROTOCOL_CONFOUNDED	CURRENT_STAGE71C_FORCE_PARSER_REPAIR_V001.txt	11	SOURCE_DOCUMENTS_HASHED_NOT_RERUN
12_transition_tube/v071d_seeded_random_training_amendment_v002	12_transition_tube	${PROJECT_ROOT}/12_transition_tube/versions/v071d_seeded_random_training_amendment_v002/work_20260807T132400Z	SUPERSEDED	NO_TERMINAL_RECORD_LOCATED		UNKNOWN	UNKNOWN	UNKNOWN	UNKNOWN	Intermediate adopted runs; copied training outputs are not additional training calls.	${PROJECT_ROOT}/12_transition_tube/versions/v071d_seeded_random_training_amendment_v010/attempt_20260809T143200Z	PROTOCOL_SPECIFIC; Replay228 development; Challenge4 non-IID; Blind12 not accessed	Intermediate adopted runs; copied training outputs are not additional training calls.	No promotion from a PASS marker alone; no gamma-as-error or unsupported deployment/IID claim.	NO_AUTOMATIC_ACTION_FROM_THIS_AUDIT		CURRENT_STAGE71D_SEEDED_RANDOM_WORK_V002.txt	8	INVENTORY_ONLY_NO_TERMINAL_STATUS
12_transition_tube/v071d_seeded_random_training_amendment_v003	12_transition_tube	${PROJECT_ROOT}/12_transition_tube/versions/v071d_seeded_random_training_amendment_v003/work_20260808T144524Z	SUPERSEDED	NO_TERMINAL_RECORD_LOCATED		UNKNOWN	UNKNOWN	UNKNOWN	UNKNOWN	Intermediate adopted runs; copied training outputs are not additional training calls.	${PROJECT_ROOT}/12_transition_tube/versions/v071d_seeded_random_training_amendment_v010/attempt_20260809T143200Z	PROTOCOL_SPECIFIC; Replay228 development; Challenge4 non-IID; Blind12 not accessed	Intermediate adopted runs; copied training outputs are not additional training calls.	No promotion from a PASS marker alone; no gamma-as-error or unsupported deployment/IID claim.	NO_AUTOMATIC_ACTION_FROM_THIS_AUDIT		CURRENT_STAGE71D_SEEDED_RANDOM_WORK_V003.txt	8	INVENTORY_ONLY_NO_TERMINAL_STATUS
12_transition_tube/v071d_seeded_random_training_amendment_v004	12_transition_tube	${PROJECT_ROOT}/12_transition_tube/versions/v071d_seeded_random_training_amendment_v004/work_20260808T155418Z	SUPERSEDED	NO_TERMINAL_RECORD_LOCATED		UNKNOWN	UNKNOWN	UNKNOWN	UNKNOWN	Intermediate adopted runs; copied training outputs are not additional training calls.	${PROJECT_ROOT}/12_transition_tube/versions/v071d_seeded_random_training_amendment_v010/attempt_20260809T143200Z	PROTOCOL_SPECIFIC; Replay228 development; Challenge4 non-IID; Blind12 not accessed	Intermediate adopted runs; copied training outputs are not additional training calls.	No promotion from a PASS marker alone; no gamma-as-error or unsupported deployment/IID claim.	NO_AUTOMATIC_ACTION_FROM_THIS_AUDIT		CURRENT_STAGE71D_SEEDED_RANDOM_WORK_V004.txt	11	INVENTORY_ONLY_NO_TERMINAL_STATUS
12_transition_tube/v071d_seeded_random_training_amendment_v007	12_transition_tube	${PROJECT_ROOT}/12_transition_tube/versions/v071d_seeded_random_training_amendment_v007/work_20260809T130830Z	SUPERSEDED	${PROJECT_ROOT}/12_transition_tube/versions/v071d_seeded_random_training_amendment_v007/work_20260809T130830Z/STAGE71D_SCIENTIFIC_CLASSIFICATION.json	fd135268f6f2add4be5ca10e9e6de530eaef29167d29058222f837fab6b5a681	UNKNOWN	0	UNKNOWN	UNKNOWN	Intermediate adopted runs; copied training outputs are not additional training calls.	${PROJECT_ROOT}/12_transition_tube/versions/v071d_seeded_random_training_amendment_v010/attempt_20260809T143200Z	PROTOCOL_SPECIFIC; Replay228 development; Challenge4 non-IID; Blind12 not accessed	Intermediate adopted runs; copied training outputs are not additional training calls.	No promotion from a PASS marker alone; no gamma-as-error or unsupported deployment/IID claim.	"""STAGE72_BATCH02_SELECTION_PBE_TUBE76_USING_FROZEN_SEEDED_BINARY"""	status=PASS_STAGE71D_SCIENTIFIC_CLASSIFICATION_V007_RECOVERY; primary_classification=MATCHED_SEEDED_CORRECTED_TUBE68_STATIC_AND_A4_PASS	CURRENT_STAGE71D_SEEDED_RANDOM_WORK_V007.txt	16	SOURCE_DOCUMENTS_HASHED_NOT_RERUN
12_transition_tube/v071d_seeded_random_training_amendment_v010	12_transition_tube	${PROJECT_ROOT}/12_transition_tube/versions/v071d_seeded_random_training_amendment_v010/attempt_20260809T143200Z	AUTHORITATIVE	${PROJECT_ROOT}/12_transition_tube/versions/v071d_seeded_random_training_amendment_v010/attempt_20260809T143200Z/STAGE71D_SCIENTIFIC_CLASSIFICATION.json	fd135268f6f2add4be5ca10e9e6de530eaef29167d29058222f837fab6b5a681	UNKNOWN	0	UNKNOWN	UNKNOWN	Accepted seeded training; recorded single seed trial and no retries.		PROTOCOL_SPECIFIC; Replay228 development; Challenge4 non-IID; Blind12 not accessed	Accepted seeded training; recorded single seed trial and no retries.	No promotion from a PASS marker alone; no gamma-as-error or unsupported deployment/IID claim.	"""STAGE72_BATCH02_SELECTION_PBE_TUBE76_USING_FROZEN_SEEDED_BINARY"""	status=PASS_STAGE71D_SCIENTIFIC_CLASSIFICATION_V007_RECOVERY; primary_classification=MATCHED_SEEDED_CORRECTED_TUBE68_STATIC_AND_A4_PASS	CURRENT_STAGE71D_SEEDED_RANDOM_V010.txt; CURRENT_STAGE71D_SEEDED_RANDOM_WORK_V010.txt	23	SOURCE_DOCUMENTS_HASHED_NOT_RERUN
12_transition_tube/v072_batch02_pbe_tube76_v001	12_transition_tube	${PROJECT_ROOT}/12_transition_tube/versions/v072_batch02_pbe_tube76_v001/attempt_20260809T182214Z	AUTHORITATIVE_WITH_CAVEAT	${PROJECT_ROOT}/12_transition_tube/versions/v072_batch02_pbe_tube76_v001/attempt_20260809T182214Z/STAGE72_DECISION.json	c60558cd2012930f17150a3087fa5429b538a79d3f7d80c61736b26984beb963	UNKNOWN	UNKNOWN	UNKNOWN	UNKNOWN	Tube76 candidate; inherited endpoint overlap, not final validation.		PROTOCOL_SPECIFIC; Replay228 development; Challenge4 non-IID; Blind12 not accessed	Tube76 candidate; inherited endpoint overlap, not final validation.	No promotion from a PASS marker alone; no gamma-as-error or unsupported deployment/IID claim.	"""STAGE72A_STATIC_GATE_B_TUBE76"""	status=PASS_STAGE72_BATCH02_SELECTION_PBE_TUBE76	CURRENT_STAGE72_BATCH02_PBE_TUBE76_V001.txt; CURRENT_STAGE72_WORK_V001.txt	19	SOURCE_DOCUMENTS_HASHED_NOT_RERUN
12_transition_tube/v072_batch02_pbe_tube76_v001	12_transition_tube	${PROJECT_ROOT}/12_transition_tube/versions/v072_batch02_pbe_tube76_v001/work_20260809T152147Z	EXPLORATORY	NO_TERMINAL_RECORD_LOCATED		UNKNOWN	UNKNOWN	UNKNOWN	UNKNOWN	No own terminal result located. Do not inherit a PASS from another attempt or version-level rule.		PROTOCOL_SPECIFIC; Replay228 development; Challenge4 non-IID; Blind12 not accessed	Incomplete historical run record; no terminal scientific success established.	No promotion from a PASS marker alone; no gamma-as-error or unsupported deployment/IID claim.	NO_AUTOMATIC_ACTION_FROM_THIS_AUDIT			7	INVENTORY_ONLY_NO_TERMINAL_STATUS
12_transition_tube/v072a_l1_audit21_overlap_adjudication_v001	12_transition_tube	${PROJECT_ROOT}/12_transition_tube/versions/v072a_l1_audit21_overlap_adjudication_v001/attempt_20260809T234139Z	AUTHORITATIVE	${PROJECT_ROOT}/12_transition_tube/versions/v072a_l1_audit21_overlap_adjudication_v001/attempt_20260809T234139Z/STAGE72A_L1_ADJUDICATION_CONTRACT.json	d9c5a55c7e4879c2d02d7ea1818f19daffbb4fedc9b5d47149d0a684ecd3d7e3	UNKNOWN	UNKNOWN	UNKNOWN	UNKNOWN	Whole Audit21 independence revoked; two endpoints shared. Clean19 sensitivity is not a replacement primary gate.		PROTOCOL_SPECIFIC; Replay228 development; Challenge4 non-IID; Blind12 not accessed	Whole Audit21 independence revoked; two endpoints shared. Clean19 sensitivity is not a replacement primary gate.	No promotion from a PASS marker alone; no gamma-as-error or unsupported deployment/IID claim.	NO_AUTOMATIC_ACTION_FROM_THIS_AUDIT	status=COMPLETE_STAGE72A_L1_AUDIT21_OVERLAP_ADJUDICATION_V001	CURRENT_STAGE72A_L1_AUDIT21_OVERLAP_ADJUDICATION_V001.txt; CURRENT_STAGE72A_L1_AUDIT21_OVERLAP_ADJUDICATION_WORK_V001.txt	5	SOURCE_DOCUMENTS_HASHED_NOT_RERUN
12_transition_tube/v072a_l2_forensic_closure_v002	12_transition_tube	${PROJECT_ROOT}/12_transition_tube/versions/v072a_l2_forensic_closure_v002/attempt_20260810T002941Z	AUTHORITATIVE	${PROJECT_ROOT}/12_transition_tube/versions/v072a_l2_forensic_closure_v002/attempt_20260810T002941Z/STAGE72A_L2_FORENSIC_CLOSURE_CONTRACT.json	a8653b37e89b5085278b47232b74c722e3bcb31f551f8197be457ac3918a3198	UNKNOWN	UNKNOWN	UNKNOWN	UNKNOWN	Whole Audit21 independence revoked; two endpoints shared. Clean19 sensitivity is not a replacement primary gate.		PROTOCOL_SPECIFIC; Replay228 development; Challenge4 non-IID; Blind12 not accessed	Whole Audit21 independence revoked; two endpoints shared. Clean19 sensitivity is not a replacement primary gate.	No promotion from a PASS marker alone; no gamma-as-error or unsupported deployment/IID claim.	NO_AUTOMATIC_ACTION_FROM_THIS_AUDIT	status=COMPLETE_STAGE72A_L2_FORENSIC_CLOSURE_V002	CURRENT_STAGE72A_L2_FORENSIC_CLOSURE_V002.txt; CURRENT_STAGE72A_L2_FORENSIC_CLOSURE_WORK_V002.txt	5	SOURCE_DOCUMENTS_HASHED_NOT_RERUN
12_transition_tube/v072a_static_gate_b_tube76_v001	12_transition_tube	${PROJECT_ROOT}/12_transition_tube/versions/v072a_static_gate_b_tube76_v001/work_20260809T231213Z	SCIENTIFIC_FAIL	NO_TERMINAL_RECORD_LOCATED		UNKNOWN	UNKNOWN	UNKNOWN	UNKNOWN	Historical gate failure. Later A4 criterion-validity audit prevents interpreting endpoint counts alone as physical collapse.		PROTOCOL_SPECIFIC; Replay228 development; Challenge4 non-IID; Blind12 not accessed	Historical gate failure. Later A4 criterion-validity audit prevents interpreting endpoint counts alone as physical collapse.	No promotion from a PASS marker alone; no gamma-as-error or unsupported deployment/IID claim.	NO_AUTOMATIC_ACTION_FROM_THIS_AUDIT		CURRENT_STAGE72A_STATIC_GATE_B_TUBE76_WORK_V001.txt	9	INVENTORY_ONLY_NO_TERMINAL_STATUS
12_transition_tube/v073_batch03_pbe_tube84_v001	12_transition_tube	${PROJECT_ROOT}/12_transition_tube/versions/v073_batch03_pbe_tube84_v001/attempt_20260810T140440Z	AUTHORITATIVE_WITH_CAVEAT	${PROJECT_ROOT}/12_transition_tube/versions/v073_batch03_pbe_tube84_v001/attempt_20260810T140440Z/STAGE73_DECISION.json	45d1256385acb5467dcfc468d860d9c50f294cea661f896f633a41b2c3a095af	UNKNOWN	UNKNOWN	UNKNOWN	UNKNOWN	Tube84 candidate, non-independent Audit21 component.		PROTOCOL_SPECIFIC; Replay228 development; Challenge4 non-IID; Blind12 not accessed	Tube84 candidate, non-independent Audit21 component.	No promotion from a PASS marker alone; no gamma-as-error or unsupported deployment/IID claim.	"""STAGE74_STATIC_GATE_C_AND_FIRST_UPDATE_GATE"""	status=PASS_STAGE73_BATCH03_SELECTION_PBE_TUBE84	CURRENT_STAGE73_BATCH03_PBE_TUBE84_V001.txt; CURRENT_STAGE73_WORK_V001.txt	18	SOURCE_DOCUMENTS_HASHED_NOT_RERUN
12_transition_tube/v074_static_gate_c_first_update_tube84_v001	12_transition_tube	${PROJECT_ROOT}/12_transition_tube/versions/v074_static_gate_c_first_update_tube84_v001/attempt_20260905T084542Z	SCIENTIFIC_FAIL	${PROJECT_ROOT}/12_transition_tube/versions/v074_static_gate_c_first_update_tube84_v001/attempt_20260905T084542Z/STAGE74_DECISION.json	55fbb710bb8e0b936a24acca42b99fd60a62372e493d7cc77d265eeb485c0b9b	UNKNOWN	0	UNKNOWN	UNKNOWN	Original Stage74 gate failure preserved; amended reference-consistent A4 is a separate branch.		PROTOCOL_SPECIFIC; Replay228 development; Challenge4 non-IID; Blind12 not accessed	Original Stage74 gate failure preserved; amended reference-consistent A4 is a separate branch.	No promotion from a PASS marker alone; no gamma-as-error or unsupported deployment/IID claim.	"""NO_RESCUE_AUTHORIZED_BY_H3_STATIC_PRESERVATION_CONDITION_NOT_MET"""	status=COMPLETE_STAGE74_STATIC_GATE_C_FAIL_GATE0_NOT_RUN	CURRENT_STAGE74_GATE_C_FIRST_UPDATE_V001.txt; CURRENT_STAGE74_GATE_C_FIRST_UPDATE_WORK_V001.txt	6	SOURCE_DOCUMENTS_HASHED_NOT_RERUN
12_transition_tube/v074b_gate0_repaired_branch_v001	12_transition_tube	${PROJECT_ROOT}/12_transition_tube/versions/v074b_gate0_repaired_branch_v001/attempt_20260905T133134Z	SCIENTIFIC_FAIL	${PROJECT_ROOT}/12_transition_tube/versions/v074b_gate0_repaired_branch_v001/attempt_20260905T133134Z/STAGE74B_DECISION.json	6de03c09bee36bfd4246d85a7cb874ff058139f718074ac9100bfad02ab34652	UNKNOWN	0	0	UNKNOWN	Repaired-branch Tube84 Gate0: applicability rejections, not measured DFT errors.		PROTOCOL_SPECIFIC; Replay228 development; Challenge4 non-IID; Blind12 not accessed	Repaired-branch Tube84 Gate0: applicability rejections, not measured DFT errors.	No promotion from a PASS marker alone; no gamma-as-error or unsupported deployment/IID claim.	"""H3_RESCUE_ELIGIBILITY_ADJUDICATION_REQUIRED"""	status=COMPLETE_STAGE74B_R2_REPAIRED_BRANCH_GATE0_FAIL	CURRENT_STAGE74B_GATE0_REPAIRED_BRANCH_V001.txt; CURRENT_STAGE74B_GATE0_REPAIRED_BRANCH_WORK_V001.txt	6	SOURCE_DOCUMENTS_HASHED_NOT_RERUN
12_transition_tube/v075_tube92_rescue_pbe8_train92_v001	12_transition_tube	${PROJECT_ROOT}/12_transition_tube/versions/v075_tube92_rescue_pbe8_train92_v001/attempt_20260905T163659Z	AUTHORITATIVE_WITH_CAVEAT	${PROJECT_ROOT}/12_transition_tube/versions/v075_tube92_rescue_pbe8_train92_v001/attempt_20260905T163659Z/STAGE74F_R2_EXECUTION_RESULT.json	4bf63465d3e17a863f46b612d4ad0b070117df31a57c90b3f6aa2bb232e02a36	UNKNOWN	UNKNOWN	2	UNKNOWN	Adaptive rescue8 and training, not validation by itself.		PROTOCOL_SPECIFIC; Replay228 development; Challenge4 non-IID; Blind12 not accessed	Adaptive rescue8 and training, not validation by itself.	No promotion from a PASS marker alone; no gamma-as-error or unsupported deployment/IID claim.	NO_AUTOMATIC_ACTION_FROM_THIS_AUDIT	status=PASS_STAGE74F_R2_TUBE92_RESCUE_PBE8_TRAIN92_EXECUTION	CURRENT_STAGE75_TUBE92_RESCUE_WORK_V001.txt	11	SOURCE_DOCUMENTS_HASHED_NOT_RERUN
12_transition_tube/v075a_tube92_static_preservation_gate0_freeze_v001	12_transition_tube	${PROJECT_ROOT}/12_transition_tube/versions/v075a_tube92_static_preservation_gate0_freeze_v001/attempt_20260905T211746Z	PROTOCOL_ONLY	${PROJECT_ROOT}/12_transition_tube/versions/v075a_tube92_static_preservation_gate0_freeze_v001/attempt_20260905T211746Z/STAGE75A_PROTOCOL_CONTRACT.json	c8b18020cf7782aed02649a9681156842151403c6bed85d46128b4c98a486a18	UNKNOWN	UNKNOWN	UNKNOWN	UNKNOWN	Not established by the available top-level records; not an exhaustive physics/code audit.		PROTOCOL_SPECIFIC; Replay228 development; Challenge4 non-IID; Blind12 not accessed	Frozen rules, not execution or model validation.	No promotion from a PASS marker alone; no gamma-as-error or unsupported deployment/IID claim.	NO_AUTOMATIC_ACTION_FROM_THIS_AUDIT	status=PASS_STAGE75A_TUBE92_STATIC_PRESERVATION_GATE0_PROTOCOL_FREEZE		3	SOURCE_DOCUMENTS_HASHED_NOT_RERUN
12_transition_tube/v075b_tube92_static_preservation_gate0_execution_v001	12_transition_tube	${PROJECT_ROOT}/12_transition_tube/versions/v075b_tube92_static_preservation_gate0_execution_v001/attempt_20260906T003945Z	TECHNICAL_FAIL	NO_TERMINAL_RECORD_LOCATED		UNKNOWN	UNKNOWN	0	UNKNOWN	Incomplete execution with payload adopted by R2.	${PROJECT_ROOT}/12_transition_tube/versions/v075b_tube92_static_preservation_gate0_execution_v001r2/attempt_20260906T005331Z	PROTOCOL_SPECIFIC; Replay228 development; Challenge4 non-IID; Blind12 not accessed	Incomplete execution with payload adopted by R2.	No promotion from a PASS marker alone; no gamma-as-error or unsupported deployment/IID claim.	NO_AUTOMATIC_ACTION_FROM_THIS_AUDIT		CURRENT_STAGE75B_TUBE92_STATIC_GATE0_EXECUTION_V001.txt	3	INVENTORY_ONLY_NO_TERMINAL_STATUS
12_transition_tube/v075b_tube92_static_preservation_gate0_execution_v001r1	12_transition_tube	${PROJECT_ROOT}/12_transition_tube/versions/v075b_tube92_static_preservation_gate0_execution_v001r1/attempt_20260906T004506Z	TECHNICAL_FAIL	${PROJECT_ROOT}/12_transition_tube/versions/v075b_tube92_static_preservation_gate0_execution_v001r1/attempt_20260906T004506Z/GATE0_INPUT_FREEZE.json	6febb5b23a52d71807a2241acb9886e4e1a3e7bbe8ec746652af939f2408b0e3	false	UNKNOWN	0	UNKNOWN	Incomplete execution with payload adopted by R2.	${PROJECT_ROOT}/12_transition_tube/versions/v075b_tube92_static_preservation_gate0_execution_v001r2/attempt_20260906T005331Z	PROTOCOL_SPECIFIC; Replay228 development; Challenge4 non-IID; Blind12 not accessed	Incomplete execution with payload adopted by R2.	No promotion from a PASS marker alone; no gamma-as-error or unsupported deployment/IID claim.	NO_AUTOMATIC_ACTION_FROM_THIS_AUDIT	status=PASS_STAGE75B_GATE0_INPUT_FREEZE_BEFORE_STATIC_OUTCOME	CURRENT_STAGE75B_TUBE92_STATIC_GATE0_EXECUTION_V001R1.txt	7	SOURCE_DOCUMENTS_HASHED_NOT_RERUN
12_transition_tube/v075b_tube92_static_preservation_gate0_execution_v001r2	12_transition_tube	${PROJECT_ROOT}/12_transition_tube/versions/v075b_tube92_static_preservation_gate0_execution_v001r2/attempt_20260906T005331Z	AUTHORITATIVE_WITH_CAVEAT	${PROJECT_ROOT}/12_transition_tube/versions/v075b_tube92_static_preservation_gate0_execution_v001r2/attempt_20260906T005331Z/STAGE75B_TERMINAL_DECISION.json	3b2455116964d230107aab654a17719d42ab736c02c1b1c4e029bc0db778a208	UNKNOWN	UNKNOWN	0	UNKNOWN	Amended static preservation and Gate0 passed; no full independent static claim.		PROTOCOL_SPECIFIC; Replay228 development; Challenge4 non-IID; Blind12 not accessed	Amended static preservation and Gate0 passed; no full independent static claim.	No promotion from a PASS marker alone; no gamma-as-error or unsupported deployment/IID claim.	"""SEPARATE_GATE1_SIX_100_STEP_RUNS_PROTOCOL_FREEZE"""	status=COMPLETE_STAGE75B_R2_TUBE92_STATIC_PASS_GATE0_PASS	CURRENT_STAGE75B_TUBE92_STATIC_GATE0_EXECUTION_V001R2.txt	4	SOURCE_DOCUMENTS_HASHED_NOT_RERUN
12_transition_tube/v076a_gate1_six_100_step_runs_protocol_freeze_v001	12_transition_tube	${PROJECT_ROOT}/12_transition_tube/versions/v076a_gate1_six_100_step_runs_protocol_freeze_v001/attempt_20260906T011331Z	PROTOCOL_ONLY	${PROJECT_ROOT}/12_transition_tube/versions/v076a_gate1_six_100_step_runs_protocol_freeze_v001/attempt_20260906T011331Z/STAGE76A_GATE1_PROTOCOL_CONTRACT.json	35529f1a07cdbb60d058d6e3b7b55e0051fb6e0cc20722a610e332c8ab72a58f	UNKNOWN	UNKNOWN	UNKNOWN	UNKNOWN	Not established by the available top-level records; not an exhaustive physics/code audit.		PROTOCOL_SPECIFIC; Replay228 development; Challenge4 non-IID; Blind12 not accessed	Frozen rules, not execution or model validation.	No promotion from a PASS marker alone; no gamma-as-error or unsupported deployment/IID claim.	NO_AUTOMATIC_ACTION_FROM_THIS_AUDIT	status=PASS_STAGE76A_GATE1_SIX_100_STEP_RUNS_PROTOCOL_FREEZE	CURRENT_STAGE76A_GATE1_PROTOCOL_FREEZE_V001.txt	4	SOURCE_DOCUMENTS_HASHED_NOT_RERUN
12_transition_tube/v076b_gate1_six_100_step_runs_execution_v001	12_transition_tube	${PROJECT_ROOT}/12_transition_tube/versions/v076b_gate1_six_100_step_runs_execution_v001/attempt_20260906T012807Z	TECHNICAL_FAIL	${PROJECT_ROOT}/12_transition_tube/versions/v076b_gate1_six_100_step_runs_execution_v001/attempt_20260906T012807Z/STAGE76B_TERMINAL_DECISION.json	b9ba4f9d3c09e646ac052b3fe22805986ce0f82d15a710a7bacfa436d95700da	UNKNOWN	UNKNOWN	0	UNKNOWN	Initial implementation failure; use R1.	${PROJECT_ROOT}/12_transition_tube/versions/v076b_gate1_six_100_step_runs_execution_v001r1/attempt_20260907T171136Z	PROTOCOL_SPECIFIC; Replay228 development; Challenge4 non-IID; Blind12 not accessed	Initial implementation failure; use R1.	No promotion from a PASS marker alone; no gamma-as-error or unsupported deployment/IID claim.	"""SEPARATE_CODE_REPAIR_REQUIRED_NO_AUTOMATIC_RERUN"""	status=STOP_STAGE76B_GATE1_IMPLEMENTATION_FAILURE_OUTCOME_UNKNOWN	CURRENT_STAGE76B_GATE1_EXECUTION_V001.txt	6	SOURCE_DOCUMENTS_HASHED_NOT_RERUN
12_transition_tube/v076b_gate1_six_100_step_runs_execution_v001r1	12_transition_tube	${PROJECT_ROOT}/12_transition_tube/versions/v076b_gate1_six_100_step_runs_execution_v001r1/attempt_20260907T171136Z	SCIENTIFIC_FAIL	${PROJECT_ROOT}/12_transition_tube/versions/v076b_gate1_six_100_step_runs_execution_v001r1/attempt_20260907T171136Z/STAGE76B_TERMINAL_DECISION.json	b1cfb7da04cba3711cf2f29cc1cb47d8ecbd2be56baf303229e584000ef2c327	UNKNOWN	UNKNOWN	0	UNKNOWN	Applicability Gate1 failed at step4. Later PBE5 did not corroborate A2 accuracy failure.		PROTOCOL_SPECIFIC; Replay228 development; Challenge4 non-IID; Blind12 not accessed	Applicability Gate1 failed at step4. Later PBE5 did not corroborate A2 accuracy failure.	No promotion from a PASS marker alone; no gamma-as-error or unsupported deployment/IID claim.	"""CLOSE_REPAIRED_BRANCH_RESCUE_EXHAUSTED_NO_FURTHER_RESCUE"""	status=COMPLETE_STAGE76B_TUBE92_GATE1_FAIL	CURRENT_STAGE76B_GATE1_EXECUTION_V001R1.txt	5	SOURCE_DOCUMENTS_HASHED_NOT_RERUN
12_transition_tube/v076c_transition_tube_terminal_branch_closure_v001	12_transition_tube	${PROJECT_ROOT}/12_transition_tube/versions/v076c_transition_tube_terminal_branch_closure_v001/attempt_20260907T173340Z	AUTHORITATIVE_WITH_CAVEAT	${PROJECT_ROOT}/12_transition_tube/versions/v076c_transition_tube_terminal_branch_closure_v001/attempt_20260907T173340Z/STAGE76C_TERMINAL_BRANCH_CLOSURE.json	df1479a5c6cff58c575c6988e7bd009b45a53d5f0c3beb52fa6859ff2a0dbc39	false	UNKNOWN	0	UNKNOWN	Branch closure after applicability failure; no automatic additional original rescue.		PROTOCOL_SPECIFIC; Replay228 development; Challenge4 non-IID; Blind12 not accessed	Branch closure after applicability failure; no automatic additional original rescue.	No promotion from a PASS marker alone; no gamma-as-error or unsupported deployment/IID claim.	"""SEPARATE_READ_ONLY_GATE1_FAILURE_POSTMORTEM_PROTOCOL_FREEZE"""	status=PASS_STAGE76C_REPAIRED_BRANCH_TERMINAL_CLOSURE_AFTER_GENUINE_GATE1_FAIL	CURRENT_STAGE76C_TRANSITION_TUBE_TERMINAL_BRANCH_CLOSURE_V001.txt	5	SOURCE_DOCUMENTS_HASHED_NOT_RERUN
12_transition_tube/v076d_gate1_failure_postmortem_protocol_freeze_v001	12_transition_tube	${PROJECT_ROOT}/12_transition_tube/versions/v076d_gate1_failure_postmortem_protocol_freeze_v001/attempt_20260907T174818Z	PROTOCOL_ONLY	${PROJECT_ROOT}/12_transition_tube/versions/v076d_gate1_failure_postmortem_protocol_freeze_v001/attempt_20260907T174818Z/STAGE76D_FREEZE_REPORT.json	69d96b0136827ecdabdd26b499850eb3b55938a02d66bd0ab21b6e92330faea5	false	0	0	0	Not established by the available top-level records; not an exhaustive physics/code audit.		PROTOCOL_SPECIFIC; Replay228 development; Challenge4 non-IID; Blind12 not accessed	Frozen rules, not execution or model validation.	No promotion from a PASS marker alone; no gamma-as-error or unsupported deployment/IID claim.	NO_AUTOMATIC_ACTION_FROM_THIS_AUDIT	status=PASS_STAGE76D_GATE1_FAILURE_POSTMORTEM_PROTOCOL_FREEZE	CURRENT_STAGE76D_GATE1_FAILURE_POSTMORTEM_PROTOCOL_FREEZE_V001.txt	4	SOURCE_DOCUMENTS_HASHED_NOT_RERUN
12_transition_tube/v076e_gate1_failure_postmortem_execution_v001	12_transition_tube	${PROJECT_ROOT}/12_transition_tube/versions/v076e_gate1_failure_postmortem_execution_v001/attempt_20260907T180456Z	SCIENTIFIC_FAIL	${PROJECT_ROOT}/12_transition_tube/versions/v076e_gate1_failure_postmortem_execution_v001/attempt_20260907T180456Z/STAGE76E_TERMINAL_DECISION.json	35bba87c29f3993389db24d247ea2918b228857c1f6706f59cd015379a8099fb	UNKNOWN	0	0	0	Not established by the available top-level records; not an exhaustive physics/code audit.		PROTOCOL_SPECIFIC; Replay228 development; Challenge4 non-IID; Blind12 not accessed	Use only within recorded terminal outcome and source-specific caveats.	No promotion from a PASS marker alone; no gamma-as-error or unsupported deployment/IID claim.	"""NONE_IN_CLOSED_BRANCH_POSTMORTEM_COMPLETE;_ANY_NEW_SCIENCE_REQUIRES_SEPARATE_PREREGISTRATION"""	status=PASS_STAGE76E_READ_ONLY_GATE1_FAILURE_POSTMORTEM_EXECUTION	CURRENT_STAGE76E_GATE1_FAILURE_POSTMORTEM_EXECUTION_V001.txt	9	SOURCE_DOCUMENTS_HASHED_NOT_RERUN
12_transition_tube/v077a_geometry_applicability_map_protocol_freeze_v001r1	12_transition_tube	${PROJECT_ROOT}/12_transition_tube/versions/v077a_geometry_applicability_map_protocol_freeze_v001r1/attempt_20260907T185855Z	PROTOCOL_ONLY	${PROJECT_ROOT}/12_transition_tube/versions/v077a_geometry_applicability_map_protocol_freeze_v001r1/attempt_20260907T185855Z/STAGE77A_FREEZE_REPORT.json	8903c7f31a12f0dfd2f92ed1c4a27829d56f2d8186fea77ecda8fedef5652f05	UNKNOWN	0	0	0	Not established by the available top-level records; not an exhaustive physics/code audit.		PROTOCOL_SPECIFIC; Replay228 development; Challenge4 non-IID; Blind12 not accessed	Frozen rules, not execution or model validation.	No promotion from a PASS marker alone; no gamma-as-error or unsupported deployment/IID claim.	NO_AUTOMATIC_ACTION_FROM_THIS_AUDIT	status=PASS_STAGE77A_GEOMETRY_APPLICABILITY_MAP_PROTOCOL_FREEZE	CURRENT_STAGE77A_GEOMETRY_APPLICABILITY_MAP_PROTOCOL_FREEZE_V001R1.txt	5	SOURCE_DOCUMENTS_HASHED_NOT_RERUN
12_transition_tube/v077b_existing_pool_geometry_applicability_execution_v001	12_transition_tube	${PROJECT_ROOT}/12_transition_tube/versions/v077b_existing_pool_geometry_applicability_execution_v001/attempt_20260907T192431Z	EXPLORATORY	${PROJECT_ROOT}/12_transition_tube/versions/v077b_existing_pool_geometry_applicability_execution_v001/attempt_20260907T192431Z/STAGE77B_TERMINAL_DECISION.json	30094cfea30cd63344edd488449b9d1d1ce6e7ca9671c20f0326e4341bb8f359	UNKNOWN	0	0	0	Not established by the available top-level records; not an exhaustive physics/code audit.		PROTOCOL_SPECIFIC; Replay228 development; Challenge4 non-IID; Blind12 not accessed	Post-result mechanism diagnostic, not an independent final validation.	No promotion from a PASS marker alone; no gamma-as-error or unsupported deployment/IID claim.	"""NONE_AUTOMATIC_INTERPRET_STAGE77B_BEFORE_ANY_NEW_PREREGISTRATION"""	status=PASS_STAGE77B_EXISTING_POOL_GEOMETRY_APPLICABILITY_EXECUTION	CURRENT_STAGE77B_EXISTING_POOL_GEOMETRY_APPLICABILITY_EXECUTION_V001.txt	6	SOURCE_DOCUMENTS_HASHED_NOT_RERUN
12_transition_tube/v077c_existing_pool_result_interpretation_closure_v001	12_transition_tube	${PROJECT_ROOT}/12_transition_tube/versions/v077c_existing_pool_result_interpretation_closure_v001/attempt_20260907T193613Z	EXPLORATORY	${PROJECT_ROOT}/12_transition_tube/versions/v077c_existing_pool_result_interpretation_closure_v001/attempt_20260907T193613Z/STAGE77C_INTERPRETATION.json	76afab0b347e73ba5ecb04fd8318b28ff3f95a6ca2560ef4f778fc29b78ab22a	UNKNOWN	0	0	0	Not established by the available top-level records; not an exhaustive physics/code audit.		PROTOCOL_SPECIFIC; Replay228 development; Challenge4 non-IID; Blind12 not accessed	Post-result mechanism diagnostic, not an independent final validation.	No promotion from a PASS marker alone; no gamma-as-error or unsupported deployment/IID claim.	NO_AUTOMATIC_ACTION_FROM_THIS_AUDIT	status=PASS_STAGE77C_EXISTING_POOL_RESULT_INTERPRETATION_CLOSURE	CURRENT_STAGE77C_EXISTING_POOL_RESULT_INTERPRETATION_CLOSURE_V001.txt	3	SOURCE_DOCUMENTS_HASHED_NOT_RERUN
12_transition_tube/v077d_matched_distance_gate1_outlier_test_protocol_freeze_v001	12_transition_tube	${PROJECT_ROOT}/12_transition_tube/versions/v077d_matched_distance_gate1_outlier_test_protocol_freeze_v001/attempt_20260907T202308Z	PROTOCOL_ONLY	${PROJECT_ROOT}/12_transition_tube/versions/v077d_matched_distance_gate1_outlier_test_protocol_freeze_v001/attempt_20260907T202308Z/STAGE77D_FREEZE_REPORT.json	59a218b4bf487429e227bbb54c377b6425d02f8342afa130b190716bae22b21e	UNKNOWN	0	0	0	Not established by the available top-level records; not an exhaustive physics/code audit.		PROTOCOL_SPECIFIC; Replay228 development; Challenge4 non-IID; Blind12 not accessed	Frozen rules, not execution or model validation.	No promotion from a PASS marker alone; no gamma-as-error or unsupported deployment/IID claim.	NO_AUTOMATIC_ACTION_FROM_THIS_AUDIT	status=PASS_STAGE77D_MATCHED_DISTANCE_GATE1_OUTLIER_TEST_PROTOCOL_FREEZE	CURRENT_STAGE77D_MATCHED_DISTANCE_GATE1_OUTLIER_TEST_PROTOCOL_FREEZE_V001.txt	5	SOURCE_DOCUMENTS_HASHED_NOT_RERUN
12_transition_tube/v077e_matched_distance_gate1_outlier_test_execution_v001r1	12_transition_tube	${PROJECT_ROOT}/12_transition_tube/versions/v077e_matched_distance_gate1_outlier_test_execution_v001r1/attempt_20260907T203400Z	EXPLORATORY	${PROJECT_ROOT}/12_transition_tube/versions/v077e_matched_distance_gate1_outlier_test_execution_v001r1/attempt_20260907T203400Z/STAGE77E_TERMINAL_DECISION.json	cce6ec10760c99a538ccc102d1a4a26fe3486fb0e14c7d953890c8114b44a0d2	UNKNOWN	0	0	0	Not established by the available top-level records; not an exhaustive physics/code audit.		PROTOCOL_SPECIFIC; Replay228 development; Challenge4 non-IID; Blind12 not accessed	Post-result mechanism diagnostic, not an independent final validation.	No promotion from a PASS marker alone; no gamma-as-error or unsupported deployment/IID claim.	"""NONE_AUTOMATIC_INTERPRET_STAGE77E_BEFORE_ANY_DESCRIPTOR_OR_JACOBIAN_PREREGISTRATION"""	status=PASS_STAGE77E_MATCHED_DISTANCE_GATE1_OUTLIER_TEST_EXECUTION	CURRENT_STAGE77E_MATCHED_DISTANCE_GATE1_OUTLIER_TEST_EXECUTION_V001R1.txt	5	SOURCE_DOCUMENTS_HASHED_NOT_RERUN
12_transition_tube/v078a_submicro_directional_coverage_protocol_freeze_v001	12_transition_tube	${PROJECT_ROOT}/12_transition_tube/versions/v078a_submicro_directional_coverage_protocol_freeze_v001/attempt_20260907T204209Z	PROTOCOL_ONLY	${PROJECT_ROOT}/12_transition_tube/versions/v078a_submicro_directional_coverage_protocol_freeze_v001/attempt_20260907T204209Z/STAGE78A_FREEZE_REPORT.json	d794a3044dd728ad344c13ef7597a3c4402231419abc31380f10f780622213c1	false	0	0	0	Not established by the available top-level records; not an exhaustive physics/code audit.		PROTOCOL_SPECIFIC; Replay228 development; Challenge4 non-IID; Blind12 not accessed	Frozen rules, not execution or model validation.	No promotion from a PASS marker alone; no gamma-as-error or unsupported deployment/IID claim.	NO_AUTOMATIC_ACTION_FROM_THIS_AUDIT	status=PASS_STAGE78A_SUBMICRO_DIRECTIONAL_COVERAGE_PROTOCOL_FREEZE	CURRENT_STAGE78A_SUBMICRO_DIRECTIONAL_COVERAGE_PROTOCOL_FREEZE_V001.txt	5	SOURCE_DOCUMENTS_HASHED_NOT_RERUN
12_transition_tube/v078b_read_only_submicro_directional_coverage_execution_v001r1	12_transition_tube	${PROJECT_ROOT}/12_transition_tube/versions/v078b_read_only_submicro_directional_coverage_execution_v001r1/attempt_20260907T205432Z	EXPLORATORY	${PROJECT_ROOT}/12_transition_tube/versions/v078b_read_only_submicro_directional_coverage_execution_v001r1/attempt_20260907T205432Z/STAGE78B_TERMINAL_DECISION.json	ad2042e780b32430cbd95399e2b32e26acb6d48f3226b442a915efa92679fa23	UNKNOWN	0	0	0	Not established by the available top-level records; not an exhaustive physics/code audit.		PROTOCOL_SPECIFIC; Replay228 development; Challenge4 non-IID; Blind12 not accessed	Post-result mechanism diagnostic, not an independent final validation.	No promotion from a PASS marker alone; no gamma-as-error or unsupported deployment/IID claim.	"""NONE_AUTOMATIC_INTERPRET_STAGE78B_BEFORE_ANY_NEW_PREREGISTRATION"""	status=PASS_STAGE78B_READ_ONLY_SUBMICRO_DIRECTIONAL_COVERAGE_EXECUTION	CURRENT_STAGE78B_READ_ONLY_SUBMICRO_DIRECTIONAL_COVERAGE_EXECUTION_V001R1.txt	4	SOURCE_DOCUMENTS_HASHED_NOT_RERUN
12_transition_tube/v079a_mtp_active_set_radial_response_protocol_freeze_v001	12_transition_tube	${PROJECT_ROOT}/12_transition_tube/versions/v079a_mtp_active_set_radial_response_protocol_freeze_v001/attempt_20260907T211422Z	PROTOCOL_ONLY	${PROJECT_ROOT}/12_transition_tube/versions/v079a_mtp_active_set_radial_response_protocol_freeze_v001/attempt_20260907T211422Z/STAGE79A_FREEZE_REPORT.json	3306c53185a7f22421e05e115c5d3e09ed1499bdfc9ed89f03716914805504ac	UNKNOWN	0	0	0	Not established by the available top-level records; not an exhaustive physics/code audit.		PROTOCOL_SPECIFIC; Replay228 development; Challenge4 non-IID; Blind12 not accessed	Frozen rules, not execution or model validation.	No promotion from a PASS marker alone; no gamma-as-error or unsupported deployment/IID claim.	NO_AUTOMATIC_ACTION_FROM_THIS_AUDIT	status=PASS_STAGE79A_MTP_ACTIVE_SET_RADIAL_RESPONSE_PROTOCOL_FREEZE	CURRENT_STAGE79A_MTP_ACTIVE_SET_RADIAL_RESPONSE_PROTOCOL_FREEZE_V001.txt	3	SOURCE_DOCUMENTS_HASHED_NOT_RERUN
12_transition_tube/v079b_mtp_active_set_radial_response_execution_v001	12_transition_tube	${PROJECT_ROOT}/12_transition_tube/versions/v079b_mtp_active_set_radial_response_execution_v001/attempt_20260907T212639Z	EXPLORATORY	NO_TERMINAL_RECORD_LOCATED		UNKNOWN	UNKNOWN	UNKNOWN	UNKNOWN	Not established by the available top-level records; not an exhaustive physics/code audit.		PROTOCOL_SPECIFIC; Replay228 development; Challenge4 non-IID; Blind12 not accessed	Post-result mechanism diagnostic, not an independent final validation.	No promotion from a PASS marker alone; no gamma-as-error or unsupported deployment/IID claim.	NO_AUTOMATIC_ACTION_FROM_THIS_AUDIT			0	INVENTORY_ONLY_NO_TERMINAL_STATUS
12_transition_tube/v079b_mtp_active_set_radial_response_execution_v001r1	12_transition_tube	${PROJECT_ROOT}/12_transition_tube/versions/v079b_mtp_active_set_radial_response_execution_v001r1/attempt_20260907T213217Z	EXPLORATORY	${PROJECT_ROOT}/12_transition_tube/versions/v079b_mtp_active_set_radial_response_execution_v001r1/attempt_20260907T213217Z/STAGE79B_TERMINAL_DECISION.json	7b35094df805d064af814c19a3bf30f10febad60b17a5407fb094d9629129935	UNKNOWN	UNKNOWN	UNKNOWN	UNKNOWN	Not established by the available top-level records; not an exhaustive physics/code audit.		PROTOCOL_SPECIFIC; Replay228 development; Challenge4 non-IID; Blind12 not accessed	Post-result mechanism diagnostic, not an independent final validation.	No promotion from a PASS marker alone; no gamma-as-error or unsupported deployment/IID claim.	"""NONE_AUTOMATIC_INTERPRET_STAGE79B_R1_BEFORE_ANY_DESCRIPTOR_OR_ACTIVE_SET_INTERNAL_PREREGISTRATION"""	status=PASS_STAGE79B_MTP_ACTIVE_SET_RADIAL_RESPONSE_EXECUTION_RECOVERY_V001R1	CURRENT_STAGE79B_MTP_ACTIVE_SET_RADIAL_RESPONSE_EXECUTION_V001R1.txt	6	SOURCE_DOCUMENTS_HASHED_NOT_RERUN
12_transition_tube/v079c_radial_response_interpretation_closure_v001	12_transition_tube	${PROJECT_ROOT}/12_transition_tube/versions/v079c_radial_response_interpretation_closure_v001/attempt_20260907T215614Z	EXPLORATORY	${PROJECT_ROOT}/12_transition_tube/versions/v079c_radial_response_interpretation_closure_v001/attempt_20260907T215614Z/STAGE79C_TERMINAL_DECISION.json	ee946ffa0ee1adff19dd25f911145614aa2d20725649193eb511cb0ec17c1bbb	UNKNOWN	0	0	0	Not established by the available top-level records; not an exhaustive physics/code audit.		PROTOCOL_SPECIFIC; Replay228 development; Challenge4 non-IID; Blind12 not accessed	Post-result mechanism diagnostic, not an independent final validation.	No promotion from a PASS marker alone; no gamma-as-error or unsupported deployment/IID claim.	"""INTERPRET_ARGMAX_INTERVAL_AND_THRESHOLD_CROSSINGS_BEFORE_SEPARATE_ACTIVE_SET_INTERNAL_PREREGISTRATION"""	status=PASS_STAGE79C_RADIAL_RESPONSE_INTERPRETATION_CLOSURE	CURRENT_STAGE79C_RADIAL_RESPONSE_INTERPRETATION_CLOSURE_V001.txt	5	SOURCE_DOCUMENTS_HASHED_NOT_RERUN
12_transition_tube/v080a1_mtp_active_set_coefficient_audit_identity_amendment_v001	12_transition_tube	${PROJECT_ROOT}/12_transition_tube/versions/v080a1_mtp_active_set_coefficient_audit_identity_amendment_v001/attempt_20260907T222602Z	EXPLORATORY	${PROJECT_ROOT}/12_transition_tube/versions/v080a1_mtp_active_set_coefficient_audit_identity_amendment_v001/attempt_20260907T222602Z/STAGE80A1_TERMINAL_DECISION.json	f78f32cae33396a326442b65c59e57e332bbfe81817b113b0c455fb9eaf358ff	UNKNOWN	0	0	0	Not established by the available top-level records; not an exhaustive physics/code audit.		PROTOCOL_SPECIFIC; Replay228 development; Challenge4 non-IID; Blind12 not accessed	Post-result mechanism diagnostic, not an independent final validation.	No promotion from a PASS marker alone; no gamma-as-error or unsupported deployment/IID claim.	"""SEPARATE_STAGE80B_DIAGNOSTICALLY_INSTRUMENTED_ACTIVE_SET_COEFFICIENT_EXECUTION_UNDER_STAGE80A1_IDENTITY_LOCK"""	status=PASS_STAGE80A1_MTP_ACTIVE_SET_COEFFICIENT_AUDIT_IDENTITY_AMENDMENT	CURRENT_STAGE80A1_MTP_ACTIVE_SET_COEFFICIENT_AUDIT_IDENTITY_AMENDMENT_V001.txt	4	SOURCE_DOCUMENTS_HASHED_NOT_RERUN
12_transition_tube/v080a_mtp_active_set_coefficient_audit_protocol_freeze_v001	12_transition_tube	${PROJECT_ROOT}/12_transition_tube/versions/v080a_mtp_active_set_coefficient_audit_protocol_freeze_v001/attempt_20260907T221610Z	PROTOCOL_ONLY	${PROJECT_ROOT}/12_transition_tube/versions/v080a_mtp_active_set_coefficient_audit_protocol_freeze_v001/attempt_20260907T221610Z/STAGE80A_TERMINAL_DECISION.json	f6d79d25a7e38a4d020b216422821673afc1f15721d428d56e714c6862a7dfa0	UNKNOWN	0	0	0	Not established by the available top-level records; not an exhaustive physics/code audit.		PROTOCOL_SPECIFIC; Replay228 development; Challenge4 non-IID; Blind12 not accessed	Frozen rules, not execution or model validation.	No promotion from a PASS marker alone; no gamma-as-error or unsupported deployment/IID claim.	"""SEPARATE_STAGE80B_DIAGNOSTICALLY_INSTRUMENTED_ACTIVE_SET_COEFFICIENT_EXECUTION"""	status=PASS_STAGE80A_MTP_ACTIVE_SET_COEFFICIENT_AUDIT_PROTOCOL_FREEZE	CURRENT_STAGE80A_MTP_ACTIVE_SET_COEFFICIENT_AUDIT_PROTOCOL_FREEZE_V001.txt	4	SOURCE_DOCUMENTS_HASHED_NOT_RERUN
12_transition_tube/v080b_diagnostically_instrumented_active_set_coefficient_execution_v001	12_transition_tube	${PROJECT_ROOT}/12_transition_tube/versions/v080b_diagnostically_instrumented_active_set_coefficient_execution_v001/attempt_20260907T224615Z	TECHNICAL_FAIL	${PROJECT_ROOT}/12_transition_tube/versions/v080b_diagnostically_instrumented_active_set_coefficient_execution_v001/attempt_20260907T224615Z/STAGE80B_TERMINAL_DECISION.json	f1667f3960b3024c8c07b9e865a39632795cc5ec5123d136cfe7ae039118fc64	UNKNOWN	0	0	0	Initial technical identity failure.	${PROJECT_ROOT}/12_transition_tube/versions/v080b_diagnostically_instrumented_active_set_coefficient_execution_v001r1/attempt_20260907T225623Z	PROTOCOL_SPECIFIC; Replay228 development; Challenge4 non-IID; Blind12 not accessed	Initial technical identity failure.	No promotion from a PASS marker alone; no gamma-as-error or unsupported deployment/IID claim.	"""REPAIR_IMPLEMENTATION_ONLY_IF_NO_PROTOCOL_CHANGE"""	status=STOP_STAGE80B_TECHNICAL_IDENTITY_OR_IMPLEMENTATION_FAILURE_OUTCOME_UNKNOWN		2	SOURCE_DOCUMENTS_HASHED_NOT_RERUN
12_transition_tube/v080b_diagnostically_instrumented_active_set_coefficient_execution_v001r1	12_transition_tube	${PROJECT_ROOT}/12_transition_tube/versions/v080b_diagnostically_instrumented_active_set_coefficient_execution_v001r1/attempt_20260907T225623Z	EXPLORATORY	${PROJECT_ROOT}/12_transition_tube/versions/v080b_diagnostically_instrumented_active_set_coefficient_execution_v001r1/attempt_20260907T225623Z/STAGE80B_TERMINAL_DECISION.json	cef3f6cab362380381ced974b20db898f01f2a3bb3f4a060a903f4b5f87fddd7	UNKNOWN	0	0	0	Accepted selector coefficient diagnostic, not a force-error measurement.		PROTOCOL_SPECIFIC; Replay228 development; Challenge4 non-IID; Blind12 not accessed	Accepted selector coefficient diagnostic, not a force-error measurement.	No promotion from a PASS marker alone; no gamma-as-error or unsupported deployment/IID claim.	"""NONE_AUTOMATIC_INTERPRET_STAGE80B_BEFORE_ANY_NEW_PREREGISTRATION"""	status=PASS_STAGE80B_DIAGNOSTICALLY_INSTRUMENTED_ACTIVE_SET_COEFFICIENT_EXECUTION_RECOVERY_V001R1	CURRENT_STAGE80B_DIAGNOSTICALLY_INSTRUMENTED_ACTIVE_SET_COEFFICIENT_EXECUTION_V001R1.txt	6	SOURCE_DOCUMENTS_HASHED_NOT_RERUN
12_transition_tube/v080c_fixed_active_set_facet_switch_interpretation_closure_v001	12_transition_tube	${PROJECT_ROOT}/12_transition_tube/versions/v080c_fixed_active_set_facet_switch_interpretation_closure_v001/attempt_20260907T230501Z	EXPLORATORY	${PROJECT_ROOT}/12_transition_tube/versions/v080c_fixed_active_set_facet_switch_interpretation_closure_v001/attempt_20260907T230501Z/STAGE80C_TERMINAL_DECISION.json	7ff07ab410a86e3da02fd9f37b5b1880b27a1b58c777f2e3a32081e4b06911d5	UNKNOWN	0	0	0	Not established by the available top-level records; not an exhaustive physics/code audit.		PROTOCOL_SPECIFIC; Replay228 development; Challenge4 non-IID; Blind12 not accessed	Post-result mechanism diagnostic, not an independent final validation.	No promotion from a PASS marker alone; no gamma-as-error or unsupported deployment/IID claim.	"""SEPARATE_STAGE81A_ACTIVE_SET_WINNER_PROVENANCE_MAPPING_PROTOCOL_FREEZE_IF_PURSUED"""	status=PASS_STAGE80C_FIXED_ACTIVE_SET_FACET_SWITCH_INTERPRETATION_CLOSURE	CURRENT_STAGE80C_FIXED_ACTIVE_SET_FACET_SWITCH_INTERPRETATION_CLOSURE_V001.txt	5	SOURCE_DOCUMENTS_HASHED_NOT_RERUN
12_transition_tube/v081a_active_set_winner_provenance_mapping_protocol_freeze_v001	12_transition_tube	${PROJECT_ROOT}/12_transition_tube/versions/v081a_active_set_winner_provenance_mapping_protocol_freeze_v001/attempt_20260907T231201Z	PROTOCOL_ONLY	${PROJECT_ROOT}/12_transition_tube/versions/v081a_active_set_winner_provenance_mapping_protocol_freeze_v001/attempt_20260907T231201Z/STAGE81A_TERMINAL_DECISION.json	ef65dcc3342f7a9022662b4e13cc9412f96917205c1478847a1cdb4272865ce0	UNKNOWN	0	0	0	Not established by the available top-level records; not an exhaustive physics/code audit.		PROTOCOL_SPECIFIC; Replay228 development; Challenge4 non-IID; Blind12 not accessed	Frozen rules, not execution or model validation.	No promotion from a PASS marker alone; no gamma-as-error or unsupported deployment/IID claim.	"""SEPARATE_STAGE81B_ACTIVE_SET_WINNER_PROVENANCE_MAPPING_EXECUTION"""	status=PASS_STAGE81A_ACTIVE_SET_WINNER_PROVENANCE_MAPPING_PROTOCOL_FREEZE	CURRENT_STAGE81A_ACTIVE_SET_WINNER_PROVENANCE_MAPPING_PROTOCOL_FREEZE_V001.txt	5	SOURCE_DOCUMENTS_HASHED_NOT_RERUN
12_transition_tube/v081b_active_set_winner_provenance_mapping_execution_v001	12_transition_tube	${PROJECT_ROOT}/12_transition_tube/versions/v081b_active_set_winner_provenance_mapping_execution_v001/attempt_20260908T002502Z	EXPLORATORY	${PROJECT_ROOT}/12_transition_tube/versions/v081b_active_set_winner_provenance_mapping_execution_v001/attempt_20260908T002502Z/STAGE81B_TERMINAL_DECISION.json	fbeea521ec5cab30992ecb658b36e43ae3ac230c61b651766af6f5fc96b14797	UNKNOWN	0	0	0	Not established by the available top-level records; not an exhaustive physics/code audit.		PROTOCOL_SPECIFIC; Replay228 development; Challenge4 non-IID; Blind12 not accessed	Post-result mechanism diagnostic, not an independent final validation.	No promotion from a PASS marker alone; no gamma-as-error or unsupported deployment/IID claim.	"""NONE_AUTOMATIC_INTERPRET_STAGE81B_BEFORE_ANY_NEW_PREREGISTRATION"""	status=PASS_STAGE81B_ACTIVE_SET_WINNER_PROVENANCE_MAPPING_EXECUTION	CURRENT_STAGE81B_ACTIVE_SET_WINNER_PROVENANCE_MAPPING_EXECUTION_V001.txt	6	SOURCE_DOCUMENTS_HASHED_NOT_RERUN
12_transition_tube/v081c_active_set_provenance_occupancy_interpretation_closure_v001	12_transition_tube	${PROJECT_ROOT}/12_transition_tube/versions/v081c_active_set_provenance_occupancy_interpretation_closure_v001/attempt_20260908T003250Z	EXPLORATORY	${PROJECT_ROOT}/12_transition_tube/versions/v081c_active_set_provenance_occupancy_interpretation_closure_v001/attempt_20260908T003250Z/STAGE81C_TERMINAL_DECISION.json	b09900eee19f418e09ac56babec1b4fe47e9d6f95b0916e0c87fa86e8e63bc17	UNKNOWN	0	0	0	Not established by the available top-level records; not an exhaustive physics/code audit.		PROTOCOL_SPECIFIC; Replay228 development; Challenge4 non-IID; Blind12 not accessed	Post-result mechanism diagnostic, not an independent final validation.	No promotion from a PASS marker alone; no gamma-as-error or unsupported deployment/IID claim.	"""SEPARATE_STAGE82A_IDENTITY_FACET_BASIS_COORDINATE_AUDIT_PROTOCOL_FREEZE_IF_PURSUED"""	status=PASS_STAGE81C_ACTIVE_SET_PROVENANCE_OCCUPANCY_INTERPRETATION_CLOSURE	CURRENT_STAGE81C_ACTIVE_SET_PROVENANCE_OCCUPANCY_INTERPRETATION_CLOSURE_V001.txt	4	SOURCE_DOCUMENTS_HASHED_NOT_RERUN
12_transition_tube/v082a_identity_facet_basis_coordinate_audit_protocol_freeze_v001	12_transition_tube	${PROJECT_ROOT}/12_transition_tube/versions/v082a_identity_facet_basis_coordinate_audit_protocol_freeze_v001/attempt_20260908T004213Z	PROTOCOL_ONLY	${PROJECT_ROOT}/12_transition_tube/versions/v082a_identity_facet_basis_coordinate_audit_protocol_freeze_v001/attempt_20260908T004213Z/STAGE82A_TERMINAL_DECISION.json	3dfb36bd222945484806c1a81e425e09dd50e8dc6c59311d472af98ae221d3d6	UNKNOWN	0	0	0	Not established by the available top-level records; not an exhaustive physics/code audit.		PROTOCOL_SPECIFIC; Replay228 development; Challenge4 non-IID; Blind12 not accessed	Frozen rules, not execution or model validation.	No promotion from a PASS marker alone; no gamma-as-error or unsupported deployment/IID claim.	"""SEPARATE_STAGE82B_IDENTITY_FACET_PARAMETER_DIRECTION_EXECUTION"""	status=PASS_STAGE82A_IDENTITY_FACET_BASIS_COORDINATE_AUDIT_PROTOCOL_FREEZE	CURRENT_STAGE82A_IDENTITY_FACET_BASIS_COORDINATE_AUDIT_PROTOCOL_FREEZE_V001.txt	6	SOURCE_DOCUMENTS_HASHED_NOT_RERUN
12_transition_tube/v082b_identity_facet_parameter_direction_execution_v001r1	12_transition_tube	${PROJECT_ROOT}/12_transition_tube/versions/v082b_identity_facet_parameter_direction_execution_v001r1/attempt_20260908T005709Z	EXPLORATORY	${PROJECT_ROOT}/12_transition_tube/versions/v082b_identity_facet_parameter_direction_execution_v001r1/attempt_20260908T005709Z/STAGE82B_TERMINAL_DECISION.json	28681179522cf88aa79d063c8f4df7237447b5c7643606542d444f6f6867d8c3	UNKNOWN	0	0	0	Not established by the available top-level records; not an exhaustive physics/code audit.		PROTOCOL_SPECIFIC; Replay228 development; Challenge4 non-IID; Blind12 not accessed	Post-result mechanism diagnostic, not an independent final validation.	No promotion from a PASS marker alone; no gamma-as-error or unsupported deployment/IID claim.	"""NONE_AUTOMATIC_INTERPRET_STAGE82B_BEFORE_ANY_OPTIONAL_ACTIVE_MATRIX_COLUMN43_PREREGISTRATION"""	status=PASS_STAGE82B_IDENTITY_FACET_PARAMETER_DIRECTION_EXECUTION_RECOVERY_V001R1	CURRENT_STAGE82B_IDENTITY_FACET_PARAMETER_DIRECTION_EXECUTION_V001R1.txt	7	SOURCE_DOCUMENTS_HASHED_NOT_RERUN
12_transition_tube/v082c_identity_facet_dominance_interpretation_closure_v001	12_transition_tube	${PROJECT_ROOT}/12_transition_tube/versions/v082c_identity_facet_dominance_interpretation_closure_v001/attempt_20260908T010250Z	EXPLORATORY	${PROJECT_ROOT}/12_transition_tube/versions/v082c_identity_facet_dominance_interpretation_closure_v001/attempt_20260908T010250Z/STAGE82C_TERMINAL_DECISION.json	a8bf38304609f29e384d57f1c04bfd4a4e815e92539421edc79168a4524edb7c	UNKNOWN	0	0	0	Not established by the available top-level records; not an exhaustive physics/code audit.		PROTOCOL_SPECIFIC; Replay228 development; Challenge4 non-IID; Blind12 not accessed	Post-result mechanism diagnostic, not an independent final validation.	No promotion from a PASS marker alone; no gamma-as-error or unsupported deployment/IID claim.	"""SEPARATE_STAGE83A_ACTIVE_MATRIX_COLUMN43_RECONSTRUCTION_PROTOCOL_FREEZE_IF_PURSUED"""	status=PASS_STAGE82C_IDENTITY_FACET_DOMINANCE_INTERPRETATION_CLOSURE	CURRENT_STAGE82C_IDENTITY_FACET_DOMINANCE_INTERPRETATION_CLOSURE_V001.txt	5	SOURCE_DOCUMENTS_HASHED_NOT_RERUN
12_transition_tube/v083a_active_matrix_column43_reconstruction_protocol_freeze_v001r1	12_transition_tube	${PROJECT_ROOT}/12_transition_tube/versions/v083a_active_matrix_column43_reconstruction_protocol_freeze_v001r1/attempt_20260908T130147Z	PROTOCOL_ONLY	${PROJECT_ROOT}/12_transition_tube/versions/v083a_active_matrix_column43_reconstruction_protocol_freeze_v001r1/attempt_20260908T130147Z/STAGE83A_TERMINAL_DECISION.json	7be9712741c9404186235c5d8270cf4be9f1f413e8224e81bc1e834b558b8c48	UNKNOWN	0	0	0	Not established by the available top-level records; not an exhaustive physics/code audit.		PROTOCOL_SPECIFIC; Replay228 development; Challenge4 non-IID; Blind12 not accessed	Frozen rules, not execution or model validation.	No promotion from a PASS marker alone; no gamma-as-error or unsupported deployment/IID claim.	"""SEPARATE_STAGE83B_ACTIVE_MATRIX_COLUMN43_RECONSTRUCTION_EXECUTION"""	status=PASS_STAGE83A_ACTIVE_MATRIX_COLUMN43_RECONSTRUCTION_PROTOCOL_FREEZE_RECOVERY_V001R1	CURRENT_STAGE83A_ACTIVE_MATRIX_COLUMN43_RECONSTRUCTION_PROTOCOL_FREEZE_V001R1.txt	6	SOURCE_DOCUMENTS_HASHED_NOT_RERUN
12_transition_tube/v083b_active_matrix_column43_reconstruction_execution_v001	12_transition_tube	${PROJECT_ROOT}/12_transition_tube/versions/v083b_active_matrix_column43_reconstruction_execution_v001/attempt_20260908T132549Z	EXPLORATORY	${PROJECT_ROOT}/12_transition_tube/versions/v083b_active_matrix_column43_reconstruction_execution_v001/attempt_20260908T132549Z/STAGE83B_TERMINAL_DECISION.json	cccae1553c462e5da87bb00a572e0a27ed32953e0fa1de35093aef9401134426	UNKNOWN	0	0	0	Not established by the available top-level records; not an exhaustive physics/code audit.		PROTOCOL_SPECIFIC; Replay228 development; Challenge4 non-IID; Blind12 not accessed	Post-result mechanism diagnostic, not an independent final validation.	No promotion from a PASS marker alone; no gamma-as-error or unsupported deployment/IID claim.	"""NONE_AUTOMATIC_INTERPRET_STAGE83B_BEFORE_ANY_NEW_PREREGISTRATION"""	status=PASS_STAGE83B_ACTIVE_MATRIX_COLUMN43_RECONSTRUCTION_EXECUTION	CURRENT_STAGE83B_ACTIVE_MATRIX_COLUMN43_RECONSTRUCTION_EXECUTION_V001.txt	6	SOURCE_DOCUMENTS_HASHED_NOT_RERUN
12_transition_tube/v083c_column43_cancellation_interpretation_closure_v001	12_transition_tube	${PROJECT_ROOT}/12_transition_tube/versions/v083c_column43_cancellation_interpretation_closure_v001/attempt_20260908T133916Z	EXPLORATORY	${PROJECT_ROOT}/12_transition_tube/versions/v083c_column43_cancellation_interpretation_closure_v001/attempt_20260908T133916Z/STAGE83C_TERMINAL_DECISION.json	bf6ddd44fb3e9542b94a2622161fe09e5dda9ff9b01f17cb96ba2d14b74f8461	UNKNOWN	0	0	0	Not established by the available top-level records; not an exhaustive physics/code audit.		PROTOCOL_SPECIFIC; Replay228 development; Challenge4 non-IID; Blind12 not accessed	Post-result mechanism diagnostic, not an independent final validation.	No promotion from a PASS marker alone; no gamma-as-error or unsupported deployment/IID claim.	"""SEPARATE_STAGE84A_INVERSE_ACTIVE_MATRIX_COLUMN43_AMPLIFICATION_PROTOCOL_FREEZE_IF_PURSUED"""	status=PASS_STAGE83C_COLUMN43_CANCELLATION_INTERPRETATION_CLOSURE	CURRENT_STAGE83C_COLUMN43_CANCELLATION_INTERPRETATION_CLOSURE_V001.txt	5	SOURCE_DOCUMENTS_HASHED_NOT_RERUN
12_transition_tube/v084a_inverse_active_matrix_column43_amplification_protocol_freeze_v001	12_transition_tube	${PROJECT_ROOT}/12_transition_tube/versions/v084a_inverse_active_matrix_column43_amplification_protocol_freeze_v001/attempt_20260908T135744Z	PROTOCOL_ONLY	${PROJECT_ROOT}/12_transition_tube/versions/v084a_inverse_active_matrix_column43_amplification_protocol_freeze_v001/attempt_20260908T135744Z/STAGE84A_TERMINAL_DECISION.json	2a6cf71bd4966eff61e5088a175a64380e12e50fc2cb22cc27415f4982265147	UNKNOWN	0	0	0	Not established by the available top-level records; not an exhaustive physics/code audit.		PROTOCOL_SPECIFIC; Replay228 development; Challenge4 non-IID; Blind12 not accessed	Frozen rules, not execution or model validation.	No promotion from a PASS marker alone; no gamma-as-error or unsupported deployment/IID claim.	"""SEPARATE_STAGE84B_INVERSE_ACTIVE_MATRIX_COLUMN43_AMPLIFICATION_EXECUTION"""	status=PASS_STAGE84A_INVERSE_ACTIVE_MATRIX_COLUMN43_AMPLIFICATION_PROTOCOL_FREEZE	CURRENT_STAGE84A_INVERSE_ACTIVE_MATRIX_COLUMN43_AMPLIFICATION_PROTOCOL_FREEZE_V001.txt	5	SOURCE_DOCUMENTS_HASHED_NOT_RERUN
12_transition_tube/v084b_inverse_active_matrix_column43_amplification_execution_v001	12_transition_tube	${PROJECT_ROOT}/12_transition_tube/versions/v084b_inverse_active_matrix_column43_amplification_execution_v001/attempt_20260908T140708Z	EXPLORATORY	${PROJECT_ROOT}/12_transition_tube/versions/v084b_inverse_active_matrix_column43_amplification_execution_v001/attempt_20260908T140708Z/STAGE84B_TERMINAL_DECISION.json	9040bf99bad2457c43e80d882953a055251b765c1b222e506d58b37bf14c30b9	UNKNOWN	0	0	0	Not established by the available top-level records; not an exhaustive physics/code audit.		PROTOCOL_SPECIFIC; Replay228 development; Challenge4 non-IID; Blind12 not accessed	Post-result mechanism diagnostic, not an independent final validation.	No promotion from a PASS marker alone; no gamma-as-error or unsupported deployment/IID claim.	"""NONE_AUTOMATIC_INTERPRET_STAGE84B_BEFORE_ANY_GLOBAL_SPECTRAL_PREREGISTRATION"""	status=PASS_STAGE84B_INVERSE_ACTIVE_MATRIX_COLUMN43_AMPLIFICATION_EXECUTION	CURRENT_STAGE84B_INVERSE_ACTIVE_MATRIX_COLUMN43_AMPLIFICATION_EXECUTION_V001.txt	6	SOURCE_DOCUMENTS_HASHED_NOT_RERUN
12_transition_tube/v084c_inverse_column43_interpretation_closure_v001	12_transition_tube	${PROJECT_ROOT}/12_transition_tube/versions/v084c_inverse_column43_interpretation_closure_v001/attempt_20260908T141714Z	EXPLORATORY	${PROJECT_ROOT}/12_transition_tube/versions/v084c_inverse_column43_interpretation_closure_v001/attempt_20260908T141714Z/STAGE84C_TERMINAL_DECISION.json	1eef2337801cdd35f67ed73bc60c883102b2087b5bbe1be6072fd979d2e91cdd	UNKNOWN	0	0	0	Not established by the available top-level records; not an exhaustive physics/code audit.		PROTOCOL_SPECIFIC; Replay228 development; Challenge4 non-IID; Blind12 not accessed	Post-result mechanism diagnostic, not an independent final validation.	No promotion from a PASS marker alone; no gamma-as-error or unsupported deployment/IID claim.	"""SEPARATE_STAGE85A_SELECTOR_EQUATION_ADEQUACY_PROTOCOL_FREEZE_IF_PURSUED"""	status=PASS_STAGE84C_INVERSE_COLUMN43_INTERPRETATION_CLOSURE	CURRENT_STAGE84C_INVERSE_COLUMN43_INTERPRETATION_CLOSURE_V001.txt	5	SOURCE_DOCUMENTS_HASHED_NOT_RERUN
12_transition_tube/v085a1_selector_basis_query_decomposition_amendment_v001	12_transition_tube	${PROJECT_ROOT}/12_transition_tube/versions/v085a1_selector_basis_query_decomposition_amendment_v001/attempt_20260909T140301Z	AUTHORITATIVE	${PROJECT_ROOT}/12_transition_tube/versions/v085a1_selector_basis_query_decomposition_amendment_v001/attempt_20260909T140301Z/STAGE85A1_TERMINAL_DECISION.json	380d50c2150af175e9503643e518f4f8a829165ac9ca16f09cbd6956e2b73b0c	false	0	0	0	Not established by the available top-level records; not an exhaustive physics/code audit.		PROTOCOL_SPECIFIC; Replay228 development; Challenge4 non-IID; Blind12 not accessed	Use only within recorded terminal outcome and source-specific caveats.	No promotion from a PASS marker alone; no gamma-as-error or unsupported deployment/IID claim.	"""SEPARATE_STAGE85B_SELECTOR_EQUATION_ADEQUACY_EXECUTION_WITH_CROSSED_BASIS_QUERY_DIAGNOSTICS"""	status=PASS_STAGE85A1_SELECTOR_BASIS_QUERY_DECOMPOSITION_AMENDMENT	CURRENT_STAGE85A1_SELECTOR_BASIS_QUERY_DECOMPOSITION_AMENDMENT_V001.txt	7	SOURCE_DOCUMENTS_HASHED_NOT_RERUN
12_transition_tube/v085a_selector_equation_adequacy_protocol_freeze_v001	12_transition_tube	${PROJECT_ROOT}/12_transition_tube/versions/v085a_selector_equation_adequacy_protocol_freeze_v001/attempt_20260908T143319Z	PROTOCOL_ONLY	${PROJECT_ROOT}/12_transition_tube/versions/v085a_selector_equation_adequacy_protocol_freeze_v001/attempt_20260908T143319Z/STAGE85A_TERMINAL_DECISION.json	4f5f3144315eed96d024aa40f201c8f39ad411040b97ad827558eecae6fa98ea	false	0	0	0	Not established by the available top-level records; not an exhaustive physics/code audit.		PROTOCOL_SPECIFIC; Replay228 development; Challenge4 non-IID; Blind12 not accessed	Frozen rules, not execution or model validation.	No promotion from a PASS marker alone; no gamma-as-error or unsupported deployment/IID claim.	"""SEPARATE_STAGE85B_SELECTOR_EQUATION_ADEQUACY_EXECUTION"""	status=PASS_STAGE85A_SELECTOR_EQUATION_ADEQUACY_PROTOCOL_FREEZE	CURRENT_STAGE85A_SELECTOR_EQUATION_ADEQUACY_PROTOCOL_FREEZE_V001.txt	5	SOURCE_DOCUMENTS_HASHED_NOT_RERUN
12_transition_tube/v085b1_energy_row_implementation_repair_protocol_freeze_v001	12_transition_tube	${PROJECT_ROOT}/12_transition_tube/versions/v085b1_energy_row_implementation_repair_protocol_freeze_v001/attempt_20260909T212111Z	PROTOCOL_ONLY	${PROJECT_ROOT}/12_transition_tube/versions/v085b1_energy_row_implementation_repair_protocol_freeze_v001/attempt_20260909T212111Z/STAGE85B_R1_TERMINAL_DECISION.json	e9bc3392c0998b9eaed5a3695bd25324b2035f68d6b0c1cc99768155a546f5ce	false	0	0	0	Not established by the available top-level records; not an exhaustive physics/code audit.		PROTOCOL_SPECIFIC; Replay228 development; Challenge4 non-IID; Blind12 not accessed	Frozen rules, not execution or model validation.	No promotion from a PASS marker alone; no gamma-as-error or unsupported deployment/IID claim.	"""SEPARATE_STAGE85B_R1_SELECTOR_EQUATION_ADEQUACY_EXECUTION_WITH_CORRECTED_ENERGY_ROW"""	status=PASS_STAGE85B_R1_ENERGY_ROW_IMPLEMENTATION_REPAIR_PROTOCOL_FREEZE	CURRENT_STAGE85B_R1_ENERGY_ROW_IMPLEMENTATION_REPAIR_PROTOCOL_FREEZE_V001.txt	8	SOURCE_DOCUMENTS_HASHED_NOT_RERUN
12_transition_tube/v085b2_selector_equation_adequacy_execution_corrected_energy_row_v001	12_transition_tube	${PROJECT_ROOT}/12_transition_tube/versions/v085b2_selector_equation_adequacy_execution_corrected_energy_row_v001/attempt_20260909T214444Z	AUTHORITATIVE_WITH_CAVEAT	${PROJECT_ROOT}/12_transition_tube/versions/v085b2_selector_equation_adequacy_execution_corrected_energy_row_v001/attempt_20260909T214444Z/STAGE85B_R1_TERMINAL_DECISION.json	0c138b26d4ee86e994900b2c9ba5b697a1d428f63ac2926a8c84638c14745d6d	true	0	0	0	Corrected energy-row selector experiment, not universal uncertainty calibration.		PROTOCOL_SPECIFIC; Replay228 development; Challenge4 non-IID; Blind12 not accessed	Corrected energy-row selector experiment, not universal uncertainty calibration.	No promotion from a PASS marker alone; no gamma-as-error or unsupported deployment/IID claim.	"""INTERPRET_STAGE85B_R1_CORRECTED_CROSSED_SELECTOR_RESULTS_BEFORE_ANY_NEW_SCIENTIFIC_ACTION"""	status=PASS_STAGE85B_R1_SELECTOR_EQUATION_ADEQUACY_EXECUTION_CORRECTED_ENERGY_ROW	CURRENT_STAGE85B_R1_SELECTOR_EQUATION_ADEQUACY_EXECUTION_CORRECTED_ENERGY_ROW_V001.txt	18	SOURCE_DOCUMENTS_HASHED_NOT_RERUN
12_transition_tube/v085b_selector_equation_adequacy_execution_v001	12_transition_tube	${PROJECT_ROOT}/12_transition_tube/versions/v085b_selector_equation_adequacy_execution_v001/attempt_20260909T163948Z	SUPERSEDED	${PROJECT_ROOT}/12_transition_tube/versions/v085b_selector_equation_adequacy_execution_v001/attempt_20260909T163948Z/STAGE85B_TERMINAL_DECISION.json	d26ca0f39c817621407de948ff7bb0ef53b70ba15a8a67c51d514d25837b94b5	true	0	0	0	Force-aware energy-row code path mismatch; E-only baseline retained.	${PROJECT_ROOT}/12_transition_tube/versions/v085b2_selector_equation_adequacy_execution_corrected_energy_row_v001/attempt_20260909T214444Z	PROTOCOL_SPECIFIC; Replay228 development; Challenge4 non-IID; Blind12 not accessed	Force-aware energy-row code path mismatch; E-only baseline retained.	No promotion from a PASS marker alone; no gamma-as-error or unsupported deployment/IID claim.	"""INTERPRET_STAGE85B_CROSSED_SELECTOR_EQUATION_RESULTS_BEFORE_ANY_NEW_SCIENTIFIC_ACTION"""	status=PASS_STAGE85B_SELECTOR_EQUATION_ADEQUACY_EXECUTION	CURRENT_STAGE85B_SELECTOR_EQUATION_ADEQUACY_EXECUTION_V001.txt	14	SOURCE_DOCUMENTS_HASHED_NOT_RERUN
12_transition_tube/v086a_gate1_pbe5_force_error_adjudication_protocol_freeze_v001	12_transition_tube	${PROJECT_ROOT}/12_transition_tube/versions/v086a_gate1_pbe5_force_error_adjudication_protocol_freeze_v001/attempt_20260909T223740Z	PROTOCOL_ONLY	${PROJECT_ROOT}/12_transition_tube/versions/v086a_gate1_pbe5_force_error_adjudication_protocol_freeze_v001/attempt_20260909T223740Z/STAGE86A_TERMINAL_DECISION.json	4905ea7c52ada1e7786f1c36e6c12b5e9ab366909fe56749a6bb094e8c19d9fc	false	UNKNOWN	0	0	Not established by the available top-level records; not an exhaustive physics/code audit.		PROTOCOL_SPECIFIC; Replay228 development; Challenge4 non-IID; Blind12 not accessed	Frozen rules, not execution or model validation.	No promotion from a PASS marker alone; no gamma-as-error or unsupported deployment/IID claim.	"""SEPARATE_STAGE86B_GATE1_PBE5_FORCE_ERROR_ADJUDICATION_EXECUTION"""	status=PASS_STAGE86A_GATE1_PBE5_FORCE_ERROR_ADJUDICATION_PROTOCOL_FREEZE	CURRENT_STAGE86A_GATE1_PBE5_FORCE_ERROR_ADJUDICATION_PROTOCOL_FREEZE_V001.txt	8	SOURCE_DOCUMENTS_HASHED_NOT_RERUN
12_transition_tube/v086b1_gate1_pbe5_force_error_adjudication_execution_parser_loader_repair_v001	12_transition_tube	${PROJECT_ROOT}/12_transition_tube/versions/v086b1_gate1_pbe5_force_error_adjudication_execution_parser_loader_repair_v001/attempt_20260909T224812Z	TECHNICAL_FAIL	${PROJECT_ROOT}/12_transition_tube/versions/v086b1_gate1_pbe5_force_error_adjudication_execution_parser_loader_repair_v001/attempt_20260909T224812Z/UNEXPECTED_IMPLEMENTATION_STOP.json	2a65292bafc85422a45ef6237ba9c0287f3d980cffabc0dd35623f2149bbdbb5	UNKNOWN	UNKNOWN	0	0	Parser/path/XML/recovery failure; retain actual partial-call evidence.	${PROJECT_ROOT}/12_transition_tube/versions/v086b5_gate1_pbe5_force_error_adjudication_execution_recovery_directory_collision_repair_v001/attempt_20260910T005059Z	PROTOCOL_SPECIFIC; Replay228 development; Challenge4 non-IID; Blind12 not accessed	Parser/path/XML/recovery failure; retain actual partial-call evidence.	No promotion from a PASS marker alone; no gamma-as-error or unsupported deployment/IID claim.	NO_AUTOMATIC_ACTION_FROM_THIS_AUDIT	status=INDETERMINATE_IMPLEMENTATION_FAILURE		2	SOURCE_DOCUMENTS_HASHED_NOT_RERUN
12_transition_tube/v086b2_gate1_pbe5_force_error_adjudication_execution_qe_input_audit_repair_v001	12_transition_tube	${PROJECT_ROOT}/12_transition_tube/versions/v086b2_gate1_pbe5_force_error_adjudication_execution_qe_input_audit_repair_v001/attempt_20260909T225326Z	TECHNICAL_FAIL	${PROJECT_ROOT}/12_transition_tube/versions/v086b2_gate1_pbe5_force_error_adjudication_execution_qe_input_audit_repair_v001/attempt_20260909T225326Z/TECHNICAL_STOP.json	2e716e4c99b1ef11f5fba99c5a37616ac627a09410788083e965132a164e10cf	UNKNOWN	UNKNOWN	0	0	Parser/path/XML/recovery failure; retain actual partial-call evidence.	${PROJECT_ROOT}/12_transition_tube/versions/v086b5_gate1_pbe5_force_error_adjudication_execution_recovery_directory_collision_repair_v001/attempt_20260910T005059Z	PROTOCOL_SPECIFIC; Replay228 development; Challenge4 non-IID; Blind12 not accessed	Parser/path/XML/recovery failure; retain actual partial-call evidence.	No promotion from a PASS marker alone; no gamma-as-error or unsupported deployment/IID claim.	NO_AUTOMATIC_ACTION_FROM_THIS_AUDIT	status=INDETERMINATE_TECHNICAL_FAILURE		3	SOURCE_DOCUMENTS_HASHED_NOT_RERUN
12_transition_tube/v086b3_gate1_pbe5_force_error_adjudication_execution_namelist_path_repair_v001	12_transition_tube	${PROJECT_ROOT}/12_transition_tube/versions/v086b3_gate1_pbe5_force_error_adjudication_execution_namelist_path_repair_v001/attempt_20260910T000457Z	TECHNICAL_FAIL	${PROJECT_ROOT}/12_transition_tube/versions/v086b3_gate1_pbe5_force_error_adjudication_execution_namelist_path_repair_v001/attempt_20260910T000457Z/TECHNICAL_STOP.json	8becbd5de0169461e5bd3bea29da2e44671e7d796155a5042a1cb677630682c5	UNKNOWN	UNKNOWN	0	0	Parser/path/XML/recovery failure; retain actual partial-call evidence.	${PROJECT_ROOT}/12_transition_tube/versions/v086b5_gate1_pbe5_force_error_adjudication_execution_recovery_directory_collision_repair_v001/attempt_20260910T005059Z	PROTOCOL_SPECIFIC; Replay228 development; Challenge4 non-IID; Blind12 not accessed	Parser/path/XML/recovery failure; retain actual partial-call evidence.	No promotion from a PASS marker alone; no gamma-as-error or unsupported deployment/IID claim.	NO_AUTOMATIC_ACTION_FROM_THIS_AUDIT	status=INDETERMINATE_TECHNICAL_FAILURE		4	SOURCE_DOCUMENTS_HASHED_NOT_RERUN
12_transition_tube/v086b4_gate1_pbe5_force_error_adjudication_execution_xml_crosscheck_wrapper_repair_v001	12_transition_tube	${PROJECT_ROOT}/12_transition_tube/versions/v086b4_gate1_pbe5_force_error_adjudication_execution_xml_crosscheck_wrapper_repair_v001/attempt_20260910T004339Z	TECHNICAL_FAIL	${PROJECT_ROOT}/12_transition_tube/versions/v086b4_gate1_pbe5_force_error_adjudication_execution_xml_crosscheck_wrapper_repair_v001/attempt_20260910T004339Z/UNEXPECTED_IMPLEMENTATION_STOP.json	bcaa7b9f40fc1a2648e42bb45b2d35f000cfb42c58a967c1d183e86456b3352f	UNKNOWN	UNKNOWN	0	0	Parser/path/XML/recovery failure; retain actual partial-call evidence.	${PROJECT_ROOT}/12_transition_tube/versions/v086b5_gate1_pbe5_force_error_adjudication_execution_recovery_directory_collision_repair_v001/attempt_20260910T005059Z	PROTOCOL_SPECIFIC; Replay228 development; Challenge4 non-IID; Blind12 not accessed	Parser/path/XML/recovery failure; retain actual partial-call evidence.	No promotion from a PASS marker alone; no gamma-as-error or unsupported deployment/IID claim.	NO_AUTOMATIC_ACTION_FROM_THIS_AUDIT	status=INDETERMINATE_IMPLEMENTATION_FAILURE		5	SOURCE_DOCUMENTS_HASHED_NOT_RERUN
12_transition_tube/v086b5_gate1_pbe5_force_error_adjudication_execution_recovery_directory_collision_repair_v001	12_transition_tube	${PROJECT_ROOT}/12_transition_tube/versions/v086b5_gate1_pbe5_force_error_adjudication_execution_recovery_directory_collision_repair_v001/attempt_20260910T005059Z	AUTHORITATIVE	${PROJECT_ROOT}/12_transition_tube/versions/v086b5_gate1_pbe5_force_error_adjudication_execution_recovery_directory_collision_repair_v001/attempt_20260910T005059Z/STAGE86B_TERMINAL_DECISION.json	b33367e5ff2a4c5e6fa2b77c27eb057a6d3bdf3792db21ba169336d5ab066995	true	UNKNOWN	0	0	Accepted PBE5 reference labeling after technical recovery.		PROTOCOL_SPECIFIC; Replay228 development; Challenge4 non-IID; Blind12 not accessed	Accepted PBE5 reference labeling after technical recovery.	No promotion from a PASS marker alone; no gamma-as-error or unsupported deployment/IID claim.	"""INTERPRET_STAGE86B_GATE1_PBE5_FORCE_ERROR_ADJUDICATION_BEFORE_ANY_GATE_OR_MODEL_PROMOTION"""	status=PASS_STAGE86B_R5_GATE1_PBE5_FORCE_ERROR_ADJUDICATION_EXECUTION_RECOVERY_DIRECTORY_COLLISION_REPAIR	CURRENT_STAGE86B_R5_GATE1_PBE5_FORCE_ERROR_ADJUDICATION_EXECUTION_RECOVERY_DIRECTORY_COLLISION_REPAIR_V001.txt	11	SOURCE_DOCUMENTS_HASHED_NOT_RERUN
12_transition_tube/v086c_gate1_pbe5_interpretation_closure_v001	12_transition_tube	${PROJECT_ROOT}/12_transition_tube/versions/v086c_gate1_pbe5_interpretation_closure_v001/attempt_20260910T062442Z	AUTHORITATIVE_WITH_CAVEAT	${PROJECT_ROOT}/12_transition_tube/versions/v086c_gate1_pbe5_interpretation_closure_v001/attempt_20260910T062442Z/STAGE86C_TERMINAL_DECISION.json	05244e713e19ac3edaa73107d38f8bc64037d8220d63fe05f413a525e7724e0c	UNKNOWN	UNKNOWN	0	0	Tube92 PBE5 does not corroborate A2 accuracy failure. Do not transfer numerical conclusion to original targeted60.		PROTOCOL_SPECIFIC; Replay228 development; Challenge4 non-IID; Blind12 not accessed	Tube92 PBE5 does not corroborate A2 accuracy failure. Do not transfer numerical conclusion to original targeted60.	No promotion from a PASS marker alone; no gamma-as-error or unsupported deployment/IID claim.	"""FREEZE_REVISED_FORCE_AWARE_DEPLOYMENT_APPLICABILITY_GATE_BEFORE_ANY_GATE1_RERUN"""	status=PASS_STAGE86C_GATE1_PBE5_INTERPRETATION_CLOSURE; interpretation_class=HISTORICAL_GATE1_ENERGY_ONLY_GRADE_BREAK_REJECTED_AS_ACCURACY_FAILURE_ON_FROZEN_PBE5_SEGMENT	CURRENT_STAGE86C_GATE1_PBE5_INTERPRETATION_CLOSURE_V001.txt	6	SOURCE_DOCUMENTS_HASHED_NOT_RERUN
12_transition_tube/v087a_revised_force_aware_deployment_applicability_gate_protocol_freeze_v001	12_transition_tube	${PROJECT_ROOT}/12_transition_tube/versions/v087a_revised_force_aware_deployment_applicability_gate_protocol_freeze_v001/attempt_20260910T135211Z	PROTOCOL_ONLY	${PROJECT_ROOT}/12_transition_tube/versions/v087a_revised_force_aware_deployment_applicability_gate_protocol_freeze_v001/attempt_20260910T135211Z/STAGE87A_TERMINAL_DECISION.json	b4e53985cfe16a2e7392170fad29539eba0d03009978550b99ec25ce20efb761	false	0	0	0	Not established by the available top-level records; not an exhaustive physics/code audit.		PROTOCOL_SPECIFIC; Replay228 development; Challenge4 non-IID; Blind12 not accessed	Frozen rules, not execution or model validation.	No promotion from a PASS marker alone; no gamma-as-error or unsupported deployment/IID claim.	"""SEPARATE_STAGE87B_REVISED_FORCE_AWARE_GATE_STATIC_REPLAY_VALIDATION"""	status=PASS_STAGE87A_REVISED_FORCE_AWARE_DEPLOYMENT_APPLICABILITY_GATE_PROTOCOL_FREEZE	CURRENT_STAGE87A_REVISED_FORCE_AWARE_DEPLOYMENT_APPLICABILITY_GATE_PROTOCOL_FREEZE_V001.txt	6	SOURCE_DOCUMENTS_HASHED_NOT_RERUN
12_transition_tube/v087b_revised_force_aware_gate_static_replay_validation_v001	12_transition_tube	${PROJECT_ROOT}/12_transition_tube/versions/v087b_revised_force_aware_gate_static_replay_validation_v001/attempt_20260910T141544Z	AUTHORITATIVE	${PROJECT_ROOT}/12_transition_tube/versions/v087b_revised_force_aware_gate_static_replay_validation_v001/attempt_20260910T141544Z/STAGE87B_TERMINAL_DECISION.json	6e74806dfb625423ed465da2399b0a7f310fd8c49d324cc03be722403e40016d	UNKNOWN	0	0	0	Not established by the available top-level records; not an exhaustive physics/code audit.		PROTOCOL_SPECIFIC; Replay228 development; Challenge4 non-IID; Blind12 not accessed	Use only within recorded terminal outcome and source-specific caveats.	No promotion from a PASS marker alone; no gamma-as-error or unsupported deployment/IID claim.	"""FREEZE_GATE1_RERUN_UNDER_REVISED_FORCE_AWARE_GATE"""	status=PASS_STAGE87B_REVISED_FORCE_AWARE_GATE_STATIC_REPLAY_VALIDATION	CURRENT_STAGE87B_REVISED_FORCE_AWARE_GATE_STATIC_REPLAY_VALIDATION_V001.txt	5	SOURCE_DOCUMENTS_HASHED_NOT_RERUN
12_transition_tube/v087c_gate1_rerun_under_revised_force_aware_gate_protocol_freeze_v001	12_transition_tube	${PROJECT_ROOT}/12_transition_tube/versions/v087c_gate1_rerun_under_revised_force_aware_gate_protocol_freeze_v001/attempt_20260910T143810Z	PROTOCOL_ONLY	${PROJECT_ROOT}/12_transition_tube/versions/v087c_gate1_rerun_under_revised_force_aware_gate_protocol_freeze_v001/attempt_20260910T143810Z/STAGE87C_TERMINAL_DECISION.json	5835772c686430eb85cec08138a7b4b593ff3143a4120fb022604d6ea574d5d1	false	0	0	0	Not established by the available top-level records; not an exhaustive physics/code audit.		PROTOCOL_SPECIFIC; Replay228 development; Challenge4 non-IID; Blind12 not accessed	Frozen rules, not execution or model validation.	No promotion from a PASS marker alone; no gamma-as-error or unsupported deployment/IID claim.	"""SEPARATE_STAGE87D_GATE1_RERUN_EXECUTION_UNDER_FROZEN_STAGE87C_CONTRACT"""	status=PASS_STAGE87C_GATE1_RERUN_UNDER_REVISED_FORCE_AWARE_GATE_PROTOCOL_FREEZE	CURRENT_STAGE87C_GATE1_RERUN_UNDER_REVISED_FORCE_AWARE_GATE_PROTOCOL_FREEZE_V001.txt	6	SOURCE_DOCUMENTS_HASHED_NOT_RERUN
12_transition_tube/v087d_gate1_rerun_execution_under_revised_force_aware_gate_v001	12_transition_tube	${PROJECT_ROOT}/12_transition_tube/versions/v087d_gate1_rerun_execution_under_revised_force_aware_gate_v001/attempt_20260910T145648Z	SCIENTIFIC_FAIL	${PROJECT_ROOT}/12_transition_tube/versions/v087d_gate1_rerun_execution_under_revised_force_aware_gate_v001/attempt_20260910T145648Z/STAGE87D_TERMINAL_DECISION.json	83ff0a20226f4d0481415bd2821a51306c939243353cf878ec2896101f204c89	UNKNOWN	0	0	228	Revised applicability crossing; subsequent PBE5 did not corroborate local A2 failure.		PROTOCOL_SPECIFIC; Replay228 development; Challenge4 non-IID; Blind12 not accessed	Revised applicability crossing; subsequent PBE5 did not corroborate local A2 failure.	No promotion from a PASS marker alone; no gamma-as-error or unsupported deployment/IID claim.	"""ADJUDICATE_REVISED_GATE1_CROSSING_OR_GEOMETRY_FAILURE_BEFORE_ANY_NEW_DFT_OR_TRAINING"""	status=FAIL_REVISED_GATE1_FIRST_FORCE_AWARE_CROSSING_OR_GEOMETRY_INVALIDITY; scientific_class=FAIL_REVISED_GATE1_FIRST_FORCE_AWARE_CROSSING_OR_GEOMETRY_INVALIDITY	CURRENT_STAGE87D_GATE1_RERUN_EXECUTION_UNDER_REVISED_FORCE_AWARE_GATE_V001.txt	5	SOURCE_DOCUMENTS_HASHED_NOT_RERUN
12_transition_tube/v087e_t300_left_crossing_pbe5_adjudication_protocol_freeze_v001	12_transition_tube	${PROJECT_ROOT}/12_transition_tube/versions/v087e_t300_left_crossing_pbe5_adjudication_protocol_freeze_v001/attempt_20260910T153409Z	PROTOCOL_ONLY	${PROJECT_ROOT}/12_transition_tube/versions/v087e_t300_left_crossing_pbe5_adjudication_protocol_freeze_v001/attempt_20260910T153409Z/STAGE87E_TERMINAL_DECISION.json	79abdea5b21529aaf6a8392a5982155d40ebc4f66eb483c24a3119e1f727504b	false	UNKNOWN	0	0	Not established by the available top-level records; not an exhaustive physics/code audit.		PROTOCOL_SPECIFIC; Replay228 development; Challenge4 non-IID; Blind12 not accessed	Frozen rules, not execution or model validation.	No promotion from a PASS marker alone; no gamma-as-error or unsupported deployment/IID claim.	"""SEPARATE_STAGE87F_T300_LEFT_CROSSING_PBE5_ADJUDICATION_EXECUTION"""	status=PASS_STAGE87E_T300_LEFT_CROSSING_PBE5_ADJUDICATION_PROTOCOL_FREEZE	CURRENT_STAGE87E_T300_LEFT_CROSSING_PBE5_ADJUDICATION_PROTOCOL_FREEZE_V001.txt	6	SOURCE_DOCUMENTS_HASHED_NOT_RERUN
12_transition_tube/v087f1_t300_left_crossing_pbe5_adjudication_execution_integer_key_repair_v001	12_transition_tube	${PROJECT_ROOT}/12_transition_tube/versions/v087f1_t300_left_crossing_pbe5_adjudication_execution_integer_key_repair_v001/attempt_20260910T155315Z	AUTHORITATIVE	${PROJECT_ROOT}/12_transition_tube/versions/v087f1_t300_left_crossing_pbe5_adjudication_execution_integer_key_repair_v001/attempt_20260910T155315Z/STAGE87F_TERMINAL_DECISION.json	1b9342933de109464c4b6a86ce823b622f4a51739bba0e396173b86bd854b55f	UNKNOWN	5	0	0	Not established by the available top-level records; not an exhaustive physics/code audit.		PROTOCOL_SPECIFIC; Replay228 development; Challenge4 non-IID; Blind12 not accessed	Use only within recorded terminal outcome and source-specific caveats.	No promotion from a PASS marker alone; no gamma-as-error or unsupported deployment/IID claim.	"""INTERPRET_AND_CLOSE_STAGE87F_CROSSING_PBE5_ADJUDICATION_BEFORE_ANY_GATE_OR_TRAINING_DECISION"""	status=PASS_STAGE87F_R1_T300_LEFT_CROSSING_PBE5_ADJUDICATION_EXECUTION_INTEGER_KEY_REPAIR	CURRENT_STAGE87F_R1_T300_LEFT_CROSSING_PBE5_ADJUDICATION_EXECUTION_INTEGER_KEY_REPAIR_V001.txt	5	SOURCE_DOCUMENTS_HASHED_NOT_RERUN
12_transition_tube/v087g_stage87f_crossing_pbe5_interpretation_closure_v001	12_transition_tube	${PROJECT_ROOT}/12_transition_tube/versions/v087g_stage87f_crossing_pbe5_interpretation_closure_v001/attempt_20260910T193313Z	AUTHORITATIVE_WITH_CAVEAT	${PROJECT_ROOT}/12_transition_tube/versions/v087g_stage87f_crossing_pbe5_interpretation_closure_v001/attempt_20260910T193313Z/STAGE87G_TERMINAL_DECISION.json	54d982dd4360f22b5566d8d4f6927bba20f86285a8444bb30a1122c4d9911ecc	false	0	0	0	Five contiguous frames, temporal association is not independent predictive calibration.		PROTOCOL_SPECIFIC; Replay228 development; Challenge4 non-IID; Blind12 not accessed	Five contiguous frames, temporal association is not independent predictive calibration.	No promotion from a PASS marker alone; no gamma-as-error or unsupported deployment/IID claim.	"""FREEZE_FORCE_AWARE_GAMMA_TO_PBE_ERROR_CALIBRATION_BEFORE_ANY_STOP_RELAXATION_OR_GATE1_CONTINUATION"""	status=PASS_STAGE87G_STAGE87F_CROSSING_PBE5_INTERPRETATION_CLOSURE; interpretation_class=REVISED_FORCE_AWARE_FIRST_CROSSING_VALID_AS_APPLICABILITY_EVENT_BUT_NOT_CORROBORATED_AS_LOCAL_A2_ACCURACY_FAILURE	CURRENT_STAGE87G_STAGE87F_CROSSING_PBE5_INTERPRETATION_CLOSURE_V001.txt	7	SOURCE_DOCUMENTS_HASHED_NOT_RERUN
12_transition_tube/v088a_force_aware_gamma_pbe_error_calibration_protocol_freeze_v001	12_transition_tube	${PROJECT_ROOT}/12_transition_tube/versions/v088a_force_aware_gamma_pbe_error_calibration_protocol_freeze_v001/attempt_20260910T194751Z	PROTOCOL_ONLY	${PROJECT_ROOT}/12_transition_tube/versions/v088a_force_aware_gamma_pbe_error_calibration_protocol_freeze_v001/attempt_20260910T194751Z/STAGE88A_TERMINAL_DECISION.json	64df96a02c623425be10f0386a1913b5ee00361e3c5692f01bda447278a63d04	false	UNKNOWN	0	0	Not established by the available top-level records; not an exhaustive physics/code audit.		PROTOCOL_SPECIFIC; Replay228 development; Challenge4 non-IID; Blind12 not accessed	Frozen rules, not execution or model validation.	No promotion from a PASS marker alone; no gamma-as-error or unsupported deployment/IID claim.	"""SEPARATE_STAGE88B_FORCE_AWARE_GAMMA_PBE_ERROR_CALIBRATION_EXECUTION"""	status=PASS_STAGE88A_FORCE_AWARE_GAMMA_PBE_ERROR_CALIBRATION_PROTOCOL_FREEZE	CURRENT_STAGE88A_FORCE_AWARE_GAMMA_PBE_ERROR_CALIBRATION_PROTOCOL_FREEZE_V001.txt	6	SOURCE_DOCUMENTS_HASHED_NOT_RERUN
12_transition_tube/v088b1_force_aware_gamma_pbe_error_calibration_execution_parent_manifest_repair_v001	12_transition_tube	${PROJECT_ROOT}/12_transition_tube/versions/v088b1_force_aware_gamma_pbe_error_calibration_execution_parent_manifest_repair_v001/attempt_20260910T202642Z	AUTHORITATIVE	${PROJECT_ROOT}/12_transition_tube/versions/v088b1_force_aware_gamma_pbe_error_calibration_execution_parent_manifest_repair_v001/attempt_20260910T202642Z/STAGE88B_TERMINAL_DECISION.json	c8e14dc6f63aeee439c6ed25460de433aa32597068e5b9504f0565d40de227f3	UNKNOWN	12	0	0	Not established by the available top-level records; not an exhaustive physics/code audit.		PROTOCOL_SPECIFIC; Replay228 development; Challenge4 non-IID; Blind12 not accessed	Use only within recorded terminal outcome and source-specific caveats.	No promotion from a PASS marker alone; no gamma-as-error or unsupported deployment/IID claim.	"""INTERPRET_STAGE88B_CALIBRATION22_BEFORE_ANY_FORCE_AWARE_STOP_OR_GATE1_CONTINUATION_DECISION"""	status=PASS_STAGE88B_R1_FORCE_AWARE_GAMMA_PBE_ERROR_CALIBRATION_EXECUTION_PARENT_MANIFEST_REPAIR	CURRENT_STAGE88B_R1_FORCE_AWARE_GAMMA_PBE_ERROR_CALIBRATION_EXECUTION_PARENT_MANIFEST_REPAIR_V001.txt	5	SOURCE_DOCUMENTS_HASHED_NOT_RERUN
12_transition_tube/v088c_calibration22_interpretation_closure_v001	12_transition_tube	${PROJECT_ROOT}/12_transition_tube/versions/v088c_calibration22_interpretation_closure_v001/attempt_20260911T135711Z	AUTHORITATIVE_WITH_CAVEAT	${PROJECT_ROOT}/12_transition_tube/versions/v088c_calibration22_interpretation_closure_v001/attempt_20260911T135711Z/STAGE88C_TERMINAL_DECISION.json	69ba0372069435572aabc0b524ac3e60ad46abe2660d23e21476f8acb3b584bf	false	0	0	0	Observed Calibration22 does not support a universal scalar gamma/error mapping; narrow empirical scope.		PROTOCOL_SPECIFIC; Replay228 development; Challenge4 non-IID; Blind12 not accessed	Observed Calibration22 does not support a universal scalar gamma/error mapping; narrow empirical scope.	No promotion from a PASS marker alone; no gamma-as-error or unsupported deployment/IID claim.	"""FREEZE_APPLICABILITY_COVERAGE_RESCUE_STRATEGY_BEFORE_ANY_TRAINING_OR_GATE1_RERUN"""	status=PASS_STAGE88C_CALIBRATION22_INTERPRETATION_CLOSURE; interpretation_class=FORCE_AWARE_GAMMA_RETAINED_AS_APPLICABILITY_DIAGNOSTIC_BUT_NOT_SUPPORTED_AS_UNIVERSAL_ACCURACY_CALIBRATOR_OVER_OBSERVED_GATE1_DOMAIN	CURRENT_STAGE88C_CALIBRATION22_INTERPRETATION_CLOSURE_V001.txt	7	SOURCE_DOCUMENTS_HASHED_NOT_RERUN
12_transition_tube/v089a_applicability_coverage_rescue_augment17_train109_protocol_freeze_v001	12_transition_tube	${PROJECT_ROOT}/12_transition_tube/versions/v089a_applicability_coverage_rescue_augment17_train109_protocol_freeze_v001/attempt_20260911T151255Z	PROTOCOL_ONLY	${PROJECT_ROOT}/12_transition_tube/versions/v089a_applicability_coverage_rescue_augment17_train109_protocol_freeze_v001/attempt_20260911T151255Z/STAGE89A_TERMINAL_DECISION.json	40be8b0368524930382b4316fc03fbfab6643a3a46a62bf39d5d490b189fda37	false	0	0	0	Not established by the available top-level records; not an exhaustive physics/code audit.		PROTOCOL_SPECIFIC; Replay228 development; Challenge4 non-IID; Blind12 not accessed	Frozen rules, not execution or model validation.	No promotion from a PASS marker alone; no gamma-as-error or unsupported deployment/IID claim.	"""SEPARATE_STAGE89B_TRAIN109_COVERAGE_RESCUE_TRAINING_EXECUTION"""	status=PASS_STAGE89A_APPLICABILITY_COVERAGE_RESCUE_AUGMENT17_TRAIN109_PROTOCOL_FREEZE	CURRENT_STAGE89A_APPLICABILITY_COVERAGE_RESCUE_AUGMENT17_TRAIN109_PROTOCOL_FREEZE_V001.txt	8	SOURCE_DOCUMENTS_HASHED_NOT_RERUN
12_transition_tube/v089b_train109_coverage_rescue_training_execution_v001	12_transition_tube	${PROJECT_ROOT}/12_transition_tube/versions/v089b_train109_coverage_rescue_training_execution_v001/attempt_20260912T082813Z	AUTHORITATIVE_WITH_CAVEAT	${PROJECT_ROOT}/12_transition_tube/versions/v089b_train109_coverage_rescue_training_execution_v001/attempt_20260912T082813Z/STAGE89B_TERMINAL_DECISION.json	3e47575587f4b25dbccdbf9f73988a96c2aebd01368308e45bb253a59a2ad3ee	UNKNOWN	0	2	0	Train109 training valid. Recorded independent-generalization flag based only on exact non-overlap is too strong.		PROTOCOL_SPECIFIC; Replay228 development; Challenge4 non-IID; Blind12 not accessed	Train109 training valid. Recorded independent-generalization flag based only on exact non-overlap is too strong.	No promotion from a PASS marker alone; no gamma-as-error or unsupported deployment/IID claim.	"""FREEZE_TRAIN109_FORCE_AWARE_SELECTOR_REBUILD_AND_FORCE_WEIGHT_RECALIBRATION_BEFORE_ANY_GATE1_RERUN"""	status=PASS_STAGE89B_TRAIN109_COVERAGE_RESCUE_TRAINING_EXECUTION	CURRENT_STAGE89B_TRAIN109_COVERAGE_RESCUE_TRAINING_EXECUTION_V001.txt	5	SOURCE_DOCUMENTS_HASHED_NOT_RERUN
12_transition_tube/v089c_train109_force_aware_selector_rebuild_holdout5_validation_protocol_freeze_v001	12_transition_tube	${PROJECT_ROOT}/12_transition_tube/versions/v089c_train109_force_aware_selector_rebuild_holdout5_validation_protocol_freeze_v001/attempt_20260912T092648Z	PROTOCOL_ONLY	${PROJECT_ROOT}/12_transition_tube/versions/v089c_train109_force_aware_selector_rebuild_holdout5_validation_protocol_freeze_v001/attempt_20260912T092648Z/STAGE89C_TERMINAL_DECISION.json	7c581de74093352ccc68d4e2d87c924732a095d1234ab4da60e421645fc4eff5	false	0	0	0	Not established by the available top-level records; not an exhaustive physics/code audit.		PROTOCOL_SPECIFIC; Replay228 development; Challenge4 non-IID; Blind12 not accessed	Frozen rules, not execution or model validation.	No promotion from a PASS marker alone; no gamma-as-error or unsupported deployment/IID claim.	"""SEPARATE_STAGE89D_TRAIN109_FORCE_AWARE_SELECTOR_REBUILD_AND_HOLDOUT5_VALIDATION_EXECUTION"""	status=PASS_STAGE89C_TRAIN109_FORCE_AWARE_SELECTOR_REBUILD_HOLDOUT5_VALIDATION_PROTOCOL_FREEZE	CURRENT_STAGE89C_TRAIN109_FORCE_AWARE_SELECTOR_REBUILD_HOLDOUT5_VALIDATION_PROTOCOL_FREEZE_V001.txt	8	SOURCE_DOCUMENTS_HASHED_NOT_RERUN
12_transition_tube/v089d1_train109_selector_execution_postwrite_calibration_guard_recovery_v001	12_transition_tube	${PROJECT_ROOT}/12_transition_tube/versions/v089d1_train109_selector_execution_postwrite_calibration_guard_recovery_v001/attempt_20260912T102918Z	TECHNICAL_FAIL	NO_TERMINAL_RECORD_LOCATED		UNKNOWN	0	0	0	Partial calibration/serialization failure; later recovery adopted data.	${PROJECT_ROOT}/12_transition_tube/versions/v089d2_postwrite_holdout_serialization_guard_recovery_v001/attempt_20260912T110537Z	PROTOCOL_SPECIFIC; Replay228 development; Challenge4 non-IID; Blind12 not accessed	Partial calibration/serialization failure; later recovery adopted data.	No promotion from a PASS marker alone; no gamma-as-error or unsupported deployment/IID claim.	NO_AUTOMATIC_ACTION_FROM_THIS_AUDIT			2	INVENTORY_ONLY_NO_TERMINAL_STATUS
12_transition_tube/v089d2_postwrite_holdout_serialization_guard_recovery_v001	12_transition_tube	${PROJECT_ROOT}/12_transition_tube/versions/v089d2_postwrite_holdout_serialization_guard_recovery_v001/attempt_20260912T110537Z	AUTHORITATIVE_WITH_CAVEAT	${PROJECT_ROOT}/12_transition_tube/versions/v089d2_postwrite_holdout_serialization_guard_recovery_v001/attempt_20260912T110537Z/STAGE89D_R2_TERMINAL_DECISION.json	a82c53b8977189ef9ed668056f4e711f8e7eaa37cbb14735a9435ef7da0ba31a	UNKNOWN	0	0	0	Recovered selector and historical holdout diagnostic, not IID test.		PROTOCOL_SPECIFIC; Replay228 development; Challenge4 non-IID; Blind12 not accessed	Recovered selector and historical holdout diagnostic, not IID test.	No promotion from a PASS marker alone; no gamma-as-error or unsupported deployment/IID claim.	"""INDEPENDENT_REVIEW_STAGE89D_R2_RECOVERY_BEFORE_ANY_STOP_OR_GATE1_DECISION"""	status=PASS_STAGE89D_R2_POSTWRITE_HOLDOUT_SERIALIZATION_GUARD_RECOVERY	CURRENT_STAGE89D_R2_POSTWRITE_HOLDOUT_SERIALIZATION_GUARD_RECOVERY_V001.txt	9	SOURCE_DOCUMENTS_HASHED_NOT_RERUN
12_transition_tube/v089d_train109_force_aware_selector_rebuild_holdout5_validation_execution_v001	12_transition_tube	${PROJECT_ROOT}/12_transition_tube/versions/v089d_train109_force_aware_selector_rebuild_holdout5_validation_execution_v001/attempt_20260912T095425Z	TECHNICAL_FAIL	NO_TERMINAL_RECORD_LOCATED		UNKNOWN	0	0	0	Partial calibration/serialization failure; later recovery adopted data.	${PROJECT_ROOT}/12_transition_tube/versions/v089d2_postwrite_holdout_serialization_guard_recovery_v001/attempt_20260912T110537Z	PROTOCOL_SPECIFIC; Replay228 development; Challenge4 non-IID; Blind12 not accessed	Partial calibration/serialization failure; later recovery adopted data.	No promotion from a PASS marker alone; no gamma-as-error or unsupported deployment/IID claim.	NO_AUTOMATIC_ACTION_FROM_THIS_AUDIT			3	INVENTORY_ONLY_NO_TERMINAL_STATUS
12_transition_tube/v089e_train109_selector_review_interpretation_closure_v001	12_transition_tube	${PROJECT_ROOT}/12_transition_tube/versions/v089e_train109_selector_review_interpretation_closure_v001/attempt_20260912T121234Z	AUTHORITATIVE	${PROJECT_ROOT}/12_transition_tube/versions/v089e_train109_selector_review_interpretation_closure_v001/attempt_20260912T121234Z/STAGE89E_TERMINAL_DECISION.json	9c750ee3832b2fae216712054dfa80d7528bdf8d7b081fa306d144a9f4eb8cd2	false	0	0	0	Not established by the available top-level records; not an exhaustive physics/code audit.		PROTOCOL_SPECIFIC; Replay228 development; Challenge4 non-IID; Blind12 not accessed	Use only within recorded terminal outcome and source-specific caveats.	No promotion from a PASS marker alone; no gamma-as-error or unsupported deployment/IID claim.	"""FREEZE_FULL_SIX_CONDITION_GATE1_RERUN_TRAIN109_X0P1_STOP_1P0000021301219899"""	status=PASS_STAGE89E_TRAIN109_SELECTOR_REVIEW_INTERPRETATION_CLOSURE	CURRENT_STAGE89E_TRAIN109_SELECTOR_REVIEW_INTERPRETATION_CLOSURE_V001.txt	5	SOURCE_DOCUMENTS_HASHED_NOT_RERUN
12_transition_tube/v089f_full_six_condition_gate1_rerun_train109_x0p1_protocol_freeze_v001	12_transition_tube	${PROJECT_ROOT}/12_transition_tube/versions/v089f_full_six_condition_gate1_rerun_train109_x0p1_protocol_freeze_v001/attempt_20260912T134055Z	PROTOCOL_ONLY	${PROJECT_ROOT}/12_transition_tube/versions/v089f_full_six_condition_gate1_rerun_train109_x0p1_protocol_freeze_v001/attempt_20260912T134055Z/STAGE89F_TERMINAL_DECISION.json	6f11a14a45d36d2892a5ac36abaaf2a2886bba385c0a08d6debb73eb206dd374	false	0	0	0	Not established by the available top-level records; not an exhaustive physics/code audit.		PROTOCOL_SPECIFIC; Replay228 development; Challenge4 non-IID; Blind12 not accessed	Frozen rules, not execution or model validation.	No promotion from a PASS marker alone; no gamma-as-error or unsupported deployment/IID claim.	"""SEPARATE_STAGE89G_FULL_SIX_CONDITION_GATE1_RERUN_EXECUTION_UNDER_FROZEN_STAGE89F_CONTRACT"""	status=PASS_STAGE89F_FULL_SIX_CONDITION_GATE1_RERUN_TRAIN109_X0P1_PROTOCOL_FREEZE	CURRENT_STAGE89F_FULL_SIX_CONDITION_GATE1_RERUN_TRAIN109_X0P1_PROTOCOL_FREEZE_V001.txt	6	SOURCE_DOCUMENTS_HASHED_NOT_RERUN
12_transition_tube/v089g_full_six_condition_gate1_rerun_train109_x0p1_execution_v001	12_transition_tube	${PROJECT_ROOT}/12_transition_tube/versions/v089g_full_six_condition_gate1_rerun_train109_x0p1_execution_v001/attempt_20260912T152954Z	SCIENTIFIC_FAIL	${PROJECT_ROOT}/12_transition_tube/versions/v089g_full_six_condition_gate1_rerun_train109_x0p1_execution_v001/attempt_20260912T152954Z/STAGE89G_TERMINAL_DECISION.json	c9738af7ded021b1194ee6b4e432f4bffba993a0c5c23da11be78d3842da073b	true	0	0	228	Train109 applicability crossing near T300-left step28; accuracy failure not established.		PROTOCOL_SPECIFIC; Replay228 development; Challenge4 non-IID; Blind12 not accessed	Train109 applicability crossing near T300-left step28; accuracy failure not established.	No promotion from a PASS marker alone; no gamma-as-error or unsupported deployment/IID claim.	"""INDEPENDENT_REVIEW_OF_STAGE89G_EXECUTION_BEFORE_ANY_INTERPRETATION_CLOSURE_OR_GATE2_ACTION"""	status=FAIL_STAGE89G_GATE1_FIRST_CROSSING_OR_GEOMETRY; scientific_class=FAIL_FROZEN_GATE1_FIRST_PRIMARY_CROSSING_OR_GEOMETRY_INVALIDITY	CURRENT_STAGE89G_FULL_SIX_CONDITION_GATE1_RERUN_TRAIN109_X0P1_EXECUTION_V001.txt	6	SOURCE_DOCUMENTS_HASHED_NOT_RERUN
12_transition_tube/v089h_stage89g_gate1_execution_independent_review_v001	12_transition_tube	${PROJECT_ROOT}/12_transition_tube/versions/v089h_stage89g_gate1_execution_independent_review_v001/attempt_20260912T203231Z	AUTHORITATIVE	${PROJECT_ROOT}/12_transition_tube/versions/v089h_stage89g_gate1_execution_independent_review_v001/attempt_20260912T203231Z/STAGE89H_REVIEW_VERDICT.json	dfe74f862652d91e0575cadb7ea4c18fb24ee842f35329a07ede63ab2d8f556c	false	0	0	0	Not established by the available top-level records; not an exhaustive physics/code audit.		PROTOCOL_SPECIFIC; Replay228 development; Challenge4 non-IID; Blind12 not accessed	Use only within recorded terminal outcome and source-specific caveats.	No promotion from a PASS marker alone; no gamma-as-error or unsupported deployment/IID claim.	"""SEPARATE_STAGE89I_INTERPRETATION_CLOSURE_OF_REVIEWED_STAGE89G_FAILURE_BEFORE_ANY_NEW_SCIENCE_OR_GATE2_ACTION"""	status=PASS_STAGE89H_INDEPENDENT_REVIEW	CURRENT_STAGE89H_STAGE89G_GATE1_EXECUTION_INDEPENDENT_REVIEW_V001.txt	7	SOURCE_DOCUMENTS_HASHED_NOT_RERUN
12_transition_tube/v089i_stage89g_failure_interpretation_closure_v001	12_transition_tube	${PROJECT_ROOT}/12_transition_tube/versions/v089i_stage89g_failure_interpretation_closure_v001/attempt_20260912T205814Z	SCIENTIFIC_FAIL	${PROJECT_ROOT}/12_transition_tube/versions/v089i_stage89g_failure_interpretation_closure_v001/attempt_20260912T205814Z/STAGE89I_TERMINAL_DECISION.json	7141c9ddf6363b62ead58e5515ddc2ed44165a3d35079a0d4e141ff64090f0ab	false	0	0	0	Not established by the available top-level records; not an exhaustive physics/code audit.		PROTOCOL_SPECIFIC; Replay228 development; Challenge4 non-IID; Blind12 not accessed	Use only within recorded terminal outcome and source-specific caveats.	No promotion from a PASS marker alone; no gamma-as-error or unsupported deployment/IID claim.	"""SEPARATE_STAGE89J_LOCAL_TRANSITION_TUBE_COVERAGE_REMEDIATION_PROTOCOL_FREEZE_ONLY"""	status=PASS_STAGE89I_REVIEWED_STAGE89G_FAILURE_INTERPRETATION_CLOSURE	CURRENT_STAGE89I_STAGE89G_FAILURE_INTERPRETATION_CLOSURE_V001.txt	5	SOURCE_DOCUMENTS_HASHED_NOT_RERUN
12_transition_tube/v089j_local_transition_tube_coverage_remediation_protocol_freeze_v001	12_transition_tube	${PROJECT_ROOT}/12_transition_tube/versions/v089j_local_transition_tube_coverage_remediation_protocol_freeze_v001/attempt_20260912T210455Z	PROTOCOL_ONLY	${PROJECT_ROOT}/12_transition_tube/versions/v089j_local_transition_tube_coverage_remediation_protocol_freeze_v001/attempt_20260912T210455Z/STAGE89J_TERMINAL_DECISION.json	5fe2772e3e0b52a04dd81f9784f17d1e02e20e538bbb5cb4150762fd98f7f867	false	0	0	0	Not established by the available top-level records; not an exhaustive physics/code audit.		PROTOCOL_SPECIFIC; Replay228 development; Challenge4 non-IID; Blind12 not accessed	Frozen rules, not execution or model validation.	No promotion from a PASS marker alone; no gamma-as-error or unsupported deployment/IID claim.	"""SEPARATE_STAGE89K_LOCAL6_PBE_REFERENCE_LABEL_EXECUTION_UNDER_FROZEN_STAGE89J_LOCK"""	status=PASS_STAGE89J_LOCAL_TRANSITION_TUBE_COVERAGE_REMEDIATION_PROTOCOL_FREEZE	CURRENT_STAGE89J_LOCAL_TRANSITION_TUBE_COVERAGE_REMEDIATION_PROTOCOL_FREEZE_V001.txt	6	SOURCE_DOCUMENTS_HASHED_NOT_RERUN
12_transition_tube/v089k_local6_pbe_reference_label_execution_v001	12_transition_tube	${PROJECT_ROOT}/12_transition_tube/versions/v089k_local6_pbe_reference_label_execution_v001/attempt_20260912T211137Z	AUTHORITATIVE	${PROJECT_ROOT}/12_transition_tube/versions/v089k_local6_pbe_reference_label_execution_v001/attempt_20260912T211137Z/STAGE89K_TERMINAL_DECISION.json	6636af531dd2487c81067baf46a0c7a973a81e7c0589b82f7ff12489f7cbac33	true	6	0	0	Not established by the available top-level records; not an exhaustive physics/code audit.		PROTOCOL_SPECIFIC; Replay228 development; Challenge4 non-IID; Blind12 not accessed	Use only within recorded terminal outcome and source-specific caveats.	No promotion from a PASS marker alone; no gamma-as-error or unsupported deployment/IID claim.	"""SEPARATE_STAGE89L_STAGE89K_LOCAL6_PBE_REFERENCE_EXECUTION_INDEPENDENT_REVIEW_BEFORE_ANY_TRAIN112_PROTOCOL_FREEZE"""	status=PASS_STAGE89K_LOCAL6_PBE_REFERENCE_LABEL_EXECUTION	CURRENT_STAGE89K_LOCAL6_PBE_REFERENCE_LABEL_EXECUTION_V001.txt	5	SOURCE_DOCUMENTS_HASHED_NOT_RERUN
12_transition_tube/v089l_stage89k_local6_pbe_reference_execution_independent_review_v001	12_transition_tube	${PROJECT_ROOT}/12_transition_tube/versions/v089l_stage89k_local6_pbe_reference_execution_independent_review_v001/attempt_20260913T005133Z	AUTHORITATIVE	${PROJECT_ROOT}/12_transition_tube/versions/v089l_stage89k_local6_pbe_reference_execution_independent_review_v001/attempt_20260913T005133Z/STAGE89L_REVIEW_VERDICT.json	f1fa1944649af3fdebe083caf9516040c220234e5fe14429e2036eb299fbb146	UNKNOWN	0	0	0	Not established by the available top-level records; not an exhaustive physics/code audit.		PROTOCOL_SPECIFIC; Replay228 development; Challenge4 non-IID; Blind12 not accessed	Use only within recorded terminal outcome and source-specific caveats.	No promotion from a PASS marker alone; no gamma-as-error or unsupported deployment/IID claim.	"""SEPARATE_STAGE89M_TRAIN112_REMEDIATION_PROTOCOL_FREEZE_ONLY"""	status=PASS_STAGE89L_STAGE89K_LOCAL6_PBE_REFERENCE_EXECUTION_INDEPENDENT_REVIEW	CURRENT_STAGE89L_STAGE89K_LOCAL6_PBE_REFERENCE_EXECUTION_INDEPENDENT_REVIEW_V001.txt	4	SOURCE_DOCUMENTS_HASHED_NOT_RERUN
12_transition_tube/v089m_stage89k_reference_label_interpretation_closure_v001	12_transition_tube	${PROJECT_ROOT}/12_transition_tube/versions/v089m_stage89k_reference_label_interpretation_closure_v001/attempt_20260913T005704Z	AUTHORITATIVE	${PROJECT_ROOT}/12_transition_tube/versions/v089m_stage89k_reference_label_interpretation_closure_v001/attempt_20260913T005704Z/STAGE89M_TERMINAL_DECISION.json	6d24c74094773934e42cd794822f9d8672fdba50c940768bd357f0973bc030c5	false	0	0	0	Not established by the available top-level records; not an exhaustive physics/code audit.		PROTOCOL_SPECIFIC; Replay228 development; Challenge4 non-IID; Blind12 not accessed	Use only within recorded terminal outcome and source-specific caveats.	No promotion from a PASS marker alone; no gamma-as-error or unsupported deployment/IID claim.	"""SEPARATE_STAGE89N_TRAIN112_REMEDIATION_PROTOCOL_FREEZE_ONLY"""	status=PASS_STAGE89M_STAGE89K_REFERENCE_LABEL_INTERPRETATION_CLOSURE	CURRENT_STAGE89M_STAGE89K_REFERENCE_LABEL_INTERPRETATION_CLOSURE_V001.txt	5	SOURCE_DOCUMENTS_HASHED_NOT_RERUN
12_transition_tube/v089n_r1_train112_local_remediation_protocol_freeze_serialization_guard_repair_v001	12_transition_tube	${PROJECT_ROOT}/12_transition_tube/versions/v089n_r1_train112_local_remediation_protocol_freeze_serialization_guard_repair_v001/attempt_20260913T124617Z	PROTOCOL_ONLY	${PROJECT_ROOT}/12_transition_tube/versions/v089n_r1_train112_local_remediation_protocol_freeze_serialization_guard_repair_v001/attempt_20260913T124617Z/STAGE89N_R1_TERMINAL_DECISION.json	594952dddf04f694b53c269545a752d1fb184a91c8011238cbc3f4895679c8ac	false	0	0	0	Not established by the available top-level records; not an exhaustive physics/code audit.		PROTOCOL_SPECIFIC; Replay228 development; Challenge4 non-IID; Blind12 not accessed	Frozen rules, not execution or model validation.	No promotion from a PASS marker alone; no gamma-as-error or unsupported deployment/IID claim.	"""SEPARATE_STAGE89O_TRAIN112_LOCAL_REMEDIATION_TRAINING_EXECUTION_UNDER_FROZEN_STAGE89N_R1_LOCK"""	status=PASS_STAGE89N_R1_TRAIN112_LOCAL_REMEDIATION_PROTOCOL_FREEZE_SERIALIZATION_GUARD_REPAIR	CURRENT_STAGE89N_R1_TRAIN112_LOCAL_REMEDIATION_PROTOCOL_FREEZE_SERIALIZATION_GUARD_REPAIR_V001.txt	6	SOURCE_DOCUMENTS_HASHED_NOT_RERUN
12_transition_tube/v089n_train112_local_remediation_protocol_freeze_v001	12_transition_tube	${PROJECT_ROOT}/12_transition_tube/versions/v089n_train112_local_remediation_protocol_freeze_v001/attempt_20260913T012208Z	TECHNICAL_FAIL	NO_TERMINAL_RECORD_LOCATED		UNKNOWN	UNKNOWN	UNKNOWN	UNKNOWN	Exact-bit serialization guard issue.	${PROJECT_ROOT}/12_transition_tube/versions/v089n_r1_train112_local_remediation_protocol_freeze_serialization_guard_repair_v001/attempt_20260913T124617Z	PROTOCOL_SPECIFIC; Replay228 development; Challenge4 non-IID; Blind12 not accessed	Exact-bit serialization guard issue.	No promotion from a PASS marker alone; no gamma-as-error or unsupported deployment/IID claim.	NO_AUTOMATIC_ACTION_FROM_THIS_AUDIT			0	INVENTORY_ONLY_NO_TERMINAL_STATUS
12_transition_tube/v089o_train112_local_remediation_training_execution_v001	12_transition_tube	${PROJECT_ROOT}/12_transition_tube/versions/v089o_train112_local_remediation_training_execution_v001/attempt_20260913T140311Z	AUTHORITATIVE	${PROJECT_ROOT}/12_transition_tube/versions/v089o_train112_local_remediation_training_execution_v001/attempt_20260913T140311Z/STAGE89O_TERMINAL_DECISION.json	892bef97a49819d82c71549e3e9ef7a8ecb9cfc57d057218480ccf70273eaf7d	true	0	2	0	Not established by the available top-level records; not an exhaustive physics/code audit.		PROTOCOL_SPECIFIC; Replay228 development; Challenge4 non-IID; Blind12 not accessed	Use only within recorded terminal outcome and source-specific caveats.	No promotion from a PASS marker alone; no gamma-as-error or unsupported deployment/IID claim.	"""SEPARATE_STAGE89P_STAGE89O_TRAIN112_TRAINING_EXECUTION_INDEPENDENT_REVIEW_BEFORE_ANY_SELECTOR_OR_VALIDATION_PROTOCOL_FREEZE"""	status=PASS_STAGE89O_TRAIN112_LOCAL_REMEDIATION_TRAINING_EXECUTION	CURRENT_STAGE89O_TRAIN112_LOCAL_REMEDIATION_TRAINING_EXECUTION_V001.txt	5	SOURCE_DOCUMENTS_HASHED_NOT_RERUN
12_transition_tube/v089p_stage89o_train112_training_execution_independent_review_v001	12_transition_tube	${PROJECT_ROOT}/12_transition_tube/versions/v089p_stage89o_train112_training_execution_independent_review_v001/attempt_20260913T145355Z	AUTHORITATIVE	${PROJECT_ROOT}/12_transition_tube/versions/v089p_stage89o_train112_training_execution_independent_review_v001/attempt_20260913T145355Z/STAGE89P_REVIEW_VERDICT.json	36cb68ec9d89d3c5be4444c9ad9e26a1503c99048334ab83b777bbe6438faa3e	UNKNOWN	0	0	0	Not established by the available top-level records; not an exhaustive physics/code audit.		PROTOCOL_SPECIFIC; Replay228 development; Challenge4 non-IID; Blind12 not accessed	Use only within recorded terminal outcome and source-specific caveats.	No promotion from a PASS marker alone; no gamma-as-error or unsupported deployment/IID claim.	"""SEPARATE_STAGE89Q_STAGE89O_TRAIN112_TRAINING_INTERPRETATION_CLOSURE_BEFORE_ANY_SELECTOR_OR_VALIDATION_PROTOCOL_FREEZE"""	status=PASS_STAGE89P_STAGE89O_TRAIN112_TRAINING_EXECUTION_INDEPENDENT_REVIEW	CURRENT_STAGE89P_STAGE89O_TRAIN112_TRAINING_EXECUTION_INDEPENDENT_REVIEW_V001.txt	5	SOURCE_DOCUMENTS_HASHED_NOT_RERUN
12_transition_tube/v089q_stage89o_train112_training_interpretation_closure_v001	12_transition_tube	${PROJECT_ROOT}/12_transition_tube/versions/v089q_stage89o_train112_training_interpretation_closure_v001/attempt_20260913T173155Z	AUTHORITATIVE	${PROJECT_ROOT}/12_transition_tube/versions/v089q_stage89o_train112_training_interpretation_closure_v001/attempt_20260913T173155Z/STAGE89Q_TERMINAL_DECISION.json	95189ca861ff39aa508f1b00681d1f23dd15f6410ef502365289cb72b3dc7fd9	false	0	0	0	Not established by the available top-level records; not an exhaustive physics/code audit.		PROTOCOL_SPECIFIC; Replay228 development; Challenge4 non-IID; Blind12 not accessed	Use only within recorded terminal outcome and source-specific caveats.	No promotion from a PASS marker alone; no gamma-as-error or unsupported deployment/IID claim.	"""SEPARATE_STAGE89R_TRAIN112_SELECTOR_REBUILD_AND_VALIDATION_PROTOCOL_FREEZE_ONLY"""	status=PASS_STAGE89Q_STAGE89O_TRAIN112_TRAINING_INTERPRETATION_CLOSURE	CURRENT_STAGE89Q_STAGE89O_TRAIN112_TRAINING_INTERPRETATION_CLOSURE_V001.txt	5	SOURCE_DOCUMENTS_HASHED_NOT_RERUN
12_transition_tube/v089r_train112_selector_rebuild_and_validation_protocol_freeze_v001	12_transition_tube	${PROJECT_ROOT}/12_transition_tube/versions/v089r_train112_selector_rebuild_and_validation_protocol_freeze_v001/attempt_20260913T175331Z	PROTOCOL_ONLY	${PROJECT_ROOT}/12_transition_tube/versions/v089r_train112_selector_rebuild_and_validation_protocol_freeze_v001/attempt_20260913T175331Z/STAGE89R_TERMINAL_DECISION.json	0f6caf9668e16b0e08d5f079280249a09cd73e06bc3e1092a4e92f81f7fa78ed	false	0	0	0	Not established by the available top-level records; not an exhaustive physics/code audit.		PROTOCOL_SPECIFIC; Replay228 development; Challenge4 non-IID; Blind12 not accessed	Frozen rules, not execution or model validation.	No promotion from a PASS marker alone; no gamma-as-error or unsupported deployment/IID claim.	"""SEPARATE_STAGE89S_TRAIN112_SELECTOR_REBUILD_AND_VALIDATION_EXECUTION_UNDER_FROZEN_STAGE89R_LOCK"""	status=PASS_STAGE89R_TRAIN112_SELECTOR_REBUILD_AND_VALIDATION_PROTOCOL_FREEZE	CURRENT_STAGE89R_TRAIN112_SELECTOR_REBUILD_AND_VALIDATION_PROTOCOL_FREEZE_V001.txt	4	SOURCE_DOCUMENTS_HASHED_NOT_RERUN
12_transition_tube/v089s_train112_selector_rebuild_and_validation_execution_v001	12_transition_tube	${PROJECT_ROOT}/12_transition_tube/versions/v089s_train112_selector_rebuild_and_validation_execution_v001/attempt_20260913T184726Z	TECHNICAL_FAIL	NO_TERMINAL_RECORD_LOCATED		UNKNOWN	0	0	0	Obsolete Train92 cardinality check after emitting calibration data.	${PROJECT_ROOT}/12_transition_tube/versions/v089w_train112_selector_validation_recovery_continuation_execution_v001/attempt_20260913T221142Z	PROTOCOL_SPECIFIC; Replay228 development; Challenge4 non-IID; Blind12 not accessed	Obsolete Train92 cardinality check after emitting calibration data.	No promotion from a PASS marker alone; no gamma-as-error or unsupported deployment/IID claim.	NO_AUTOMATIC_ACTION_FROM_THIS_AUDIT		CURRENT_STAGE89S_TRAIN112_SELECTOR_REBUILD_AND_VALIDATION_EXECUTION_V001.txt	3	INVENTORY_ONLY_NO_TERMINAL_STATUS
12_transition_tube/v089t_r1_stage89s_technical_failure_independent_recovery_review_header_schema_repair_v001	12_transition_tube	${PROJECT_ROOT}/12_transition_tube/versions/v089t_r1_stage89s_technical_failure_independent_recovery_review_header_schema_repair_v001/attempt_20260913T194808Z	TECHNICAL_FAIL	${PROJECT_ROOT}/12_transition_tube/versions/v089t_r1_stage89s_technical_failure_independent_recovery_review_header_schema_repair_v001/attempt_20260913T194808Z/STAGE89T_R1_REVIEW_VERDICT.json	ab9a0cead760b2998f482d5a21f3af47e8d853d6593e671e3a573baca52384e0	UNKNOWN	UNKNOWN	UNKNOWN	UNKNOWN	Not established by the available top-level records; not an exhaustive physics/code audit.		PROTOCOL_SPECIFIC; Replay228 development; Challenge4 non-IID; Blind12 not accessed	Use only within recorded terminal outcome and source-specific caveats.	No promotion from a PASS marker alone; no gamma-as-error or unsupported deployment/IID claim.	"""SEPARATE_STAGE89U_STAGE89S_TECHNICAL_FAILURE_INTERPRETATION_CLOSURE_BEFORE_ANY_REPAIR_PROTOCOL_FREEZE"""	status=PASS_STAGE89T_R1_STAGE89S_TECHNICAL_FAILURE_INDEPENDENT_RECOVERY_REVIEW_HEADER_SCHEMA_REPAIR	CURRENT_STAGE89T_R1_STAGE89S_TECHNICAL_FAILURE_INDEPENDENT_RECOVERY_REVIEW_HEADER_SCHEMA_REPAIR_V001.txt	6	SOURCE_DOCUMENTS_HASHED_NOT_RERUN
12_transition_tube/v089t_stage89s_technical_failure_independent_recovery_review_v001	12_transition_tube	${PROJECT_ROOT}/12_transition_tube/versions/v089t_stage89s_technical_failure_independent_recovery_review_v001/attempt_20260913T193332Z	TECHNICAL_FAIL	NO_TERMINAL_RECORD_LOCATED		UNKNOWN	UNKNOWN	UNKNOWN	UNKNOWN	Stale reviewer header schema.	${PROJECT_ROOT}/12_transition_tube/versions/v089t_r1_stage89s_technical_failure_independent_recovery_review_header_schema_repair_v001/attempt_20260913T194808Z	PROTOCOL_SPECIFIC; Replay228 development; Challenge4 non-IID; Blind12 not accessed	Stale reviewer header schema.	No promotion from a PASS marker alone; no gamma-as-error or unsupported deployment/IID claim.	NO_AUTOMATIC_ACTION_FROM_THIS_AUDIT		CURRENT_STAGE89T_STAGE89S_TECHNICAL_FAILURE_INDEPENDENT_RECOVERY_REVIEW_V001.txt	0	INVENTORY_ONLY_NO_TERMINAL_STATUS
12_transition_tube/v089u_stage89s_technical_failure_interpretation_closure_v001	12_transition_tube	${PROJECT_ROOT}/12_transition_tube/versions/v089u_stage89s_technical_failure_interpretation_closure_v001/attempt_20260913T212543Z	TECHNICAL_FAIL	${PROJECT_ROOT}/12_transition_tube/versions/v089u_stage89s_technical_failure_interpretation_closure_v001/attempt_20260913T212543Z/STAGE89U_TERMINAL_DECISION.json	47689c4b29bf90aa0b965da34f3439cebc21680ae745394095802c7d83f1ad6b	false	0	0	0	Not established by the available top-level records; not an exhaustive physics/code audit.		PROTOCOL_SPECIFIC; Replay228 development; Challenge4 non-IID; Blind12 not accessed	Use only within recorded terminal outcome and source-specific caveats.	No promotion from a PASS marker alone; no gamma-as-error or unsupported deployment/IID claim.	"""SEPARATE_STAGE89V_TRAIN112_SELECTOR_VALIDATION_RECOVERY_CONTINUATION_PROTOCOL_FREEZE_ONLY"""	status=PASS_STAGE89U_STAGE89S_TECHNICAL_FAILURE_INTERPRETATION_CLOSURE	CURRENT_STAGE89U_STAGE89S_TECHNICAL_FAILURE_INTERPRETATION_CLOSURE_V001.txt	6	SOURCE_DOCUMENTS_HASHED_NOT_RERUN
12_transition_tube/v089v_train112_selector_validation_recovery_continuation_protocol_freeze_v001	12_transition_tube	${PROJECT_ROOT}/12_transition_tube/versions/v089v_train112_selector_validation_recovery_continuation_protocol_freeze_v001/attempt_20260913T215550Z	PROTOCOL_ONLY	${PROJECT_ROOT}/12_transition_tube/versions/v089v_train112_selector_validation_recovery_continuation_protocol_freeze_v001/attempt_20260913T215550Z/STAGE89V_TERMINAL_DECISION.json	cca12fa87b565119c3aa4df935ac3287d3497c93873658667e3ee175f3dd56d1	false	0	0	0	Not established by the available top-level records; not an exhaustive physics/code audit.		PROTOCOL_SPECIFIC; Replay228 development; Challenge4 non-IID; Blind12 not accessed	Frozen rules, not execution or model validation.	No promotion from a PASS marker alone; no gamma-as-error or unsupported deployment/IID claim.	"""SEPARATE_STAGE89W_TRAIN112_SELECTOR_VALIDATION_RECOVERY_CONTINUATION_EXECUTION_UNDER_FROZEN_STAGE89V_LOCK"""	status=PASS_STAGE89V_TRAIN112_SELECTOR_VALIDATION_RECOVERY_CONTINUATION_PROTOCOL_FREEZE	CURRENT_STAGE89V_TRAIN112_SELECTOR_VALIDATION_RECOVERY_CONTINUATION_PROTOCOL_FREEZE_V001.txt	6	SOURCE_DOCUMENTS_HASHED_NOT_RERUN
12_transition_tube/v089w_train112_selector_validation_recovery_continuation_execution_v001	12_transition_tube	${PROJECT_ROOT}/12_transition_tube/versions/v089w_train112_selector_validation_recovery_continuation_execution_v001/attempt_20260913T221142Z	SCIENTIFIC_FAIL	${PROJECT_ROOT}/12_transition_tube/versions/v089w_train112_selector_validation_recovery_continuation_execution_v001/attempt_20260913T221142Z/STAGE89W_TERMINAL_DECISION.json	32a82ae4cdd30397d46c15e4badb5c357079074cd7b22962d6470792ded147a4	true	0	0	0	Execution completed; validation8 A2 passed, Replay228 applicability failed with four crossings.		PROTOCOL_SPECIFIC; Replay228 development; Challenge4 non-IID; Blind12 not accessed	Execution completed; validation8 A2 passed, Replay228 applicability failed with four crossings.	No promotion from a PASS marker alone; no gamma-as-error or unsupported deployment/IID claim.	"""SEPARATE_STAGE89X_STAGE89W_RECOVERY_CONTINUATION_EXECUTION_INDEPENDENT_REVIEW_BEFORE_ANY_INTERPRETATION_OR_GATE1_FREEZE"""	status=PASS_STAGE89W_TRAIN112_SELECTOR_VALIDATION_RECOVERY_CONTINUATION_EXECUTION	CURRENT_STAGE89W_TRAIN112_SELECTOR_VALIDATION_RECOVERY_CONTINUATION_EXECUTION_V001.txt	10	SOURCE_DOCUMENTS_HASHED_NOT_RERUN
12_transition_tube/v089x_stage89w_recovery_continuation_execution_independent_review_v001	12_transition_tube	${PROJECT_ROOT}/12_transition_tube/versions/v089x_stage89w_recovery_continuation_execution_independent_review_v001/attempt_20260913T233429Z	AUTHORITATIVE	${PROJECT_ROOT}/12_transition_tube/versions/v089x_stage89w_recovery_continuation_execution_independent_review_v001/attempt_20260913T233429Z/STAGE89X_REVIEW_VERDICT.json	fb89131bc5f05129db9b7f8e994624bd0c2fe336d55e0534213021d18e0a7503	UNKNOWN	UNKNOWN	UNKNOWN	UNKNOWN	Not established by the available top-level records; not an exhaustive physics/code audit.		PROTOCOL_SPECIFIC; Replay228 development; Challenge4 non-IID; Blind12 not accessed	Use only within recorded terminal outcome and source-specific caveats.	No promotion from a PASS marker alone; no gamma-as-error or unsupported deployment/IID claim.	"""SEPARATE_STAGE89Y_STAGE89W_SELECTOR_VALIDATION_EXECUTION_INTERPRETATION_CLOSURE_BEFORE_ANY_REMEDIATION_OR_GATE1_FREEZE"""	status=PASS_STAGE89X_STAGE89W_RECOVERY_CONTINUATION_EXECUTION_INDEPENDENT_REVIEW	CURRENT_STAGE89X_STAGE89W_RECOVERY_CONTINUATION_EXECUTION_INDEPENDENT_REVIEW_V001.txt	5	SOURCE_DOCUMENTS_HASHED_NOT_RERUN
12_transition_tube/v089y_r1_stage89w_selector_validation_execution_interpretation_closure_runtime_hash_lock_repair_v001	12_transition_tube	${PROJECT_ROOT}/12_transition_tube/versions/v089y_r1_stage89w_selector_validation_execution_interpretation_closure_runtime_hash_lock_repair_v001/attempt_20260914T000740Z	AUTHORITATIVE_WITH_CAVEAT	${PROJECT_ROOT}/12_transition_tube/versions/v089y_r1_stage89w_selector_validation_execution_interpretation_closure_runtime_hash_lock_repair_v001/attempt_20260914T000740Z/STAGE89Y_R1_TERMINAL_DECISION.json	f5c3fb754b64587795bd2de668a922a929b9c3c034e2178d6743b426006ae1f3	false	0	0	0	Closure of four crossings; Replay228 is development data.		PROTOCOL_SPECIFIC; Replay228 development; Challenge4 non-IID; Blind12 not accessed	Closure of four crossings; Replay228 is development data.	No promotion from a PASS marker alone; no gamma-as-error or unsupported deployment/IID claim.	"""SEPARATE_STAGE89Z_REPLAY197_200_APPLICABILITY_REMEDIATION_PROTOCOL_FREEZE_ONLY"""	status=PASS_STAGE89Y_R1_STAGE89W_SELECTOR_VALIDATION_EXECUTION_INTERPRETATION_CLOSURE_RUNTIME_HASH_LOCK_REPAIR; interpretation_class=CONFIRMED_LOCAL_STATIC_APPLICABILITY_COVERAGE_DEFICIENCY_ON_STAGE89G_REPLAY_FRAMES_197_200_UNDER_PREREGISTERED_TRAIN112_EF_NORMMATCH_X0P1	CURRENT_STAGE89Y_R1_STAGE89W_SELECTOR_VALIDATION_EXECUTION_INTERPRETATION_CLOSURE_RUNTIME_HASH_LOCK_REPAIR_V001.txt	7	SOURCE_DOCUMENTS_HASHED_NOT_RERUN
12_transition_tube/v089z_replay197_200_applicability_remediation_protocol_freeze_v001	12_transition_tube	${PROJECT_ROOT}/12_transition_tube/versions/v089z_replay197_200_applicability_remediation_protocol_freeze_v001/attempt_20260914T003831Z	PROTOCOL_ONLY	${PROJECT_ROOT}/12_transition_tube/versions/v089z_replay197_200_applicability_remediation_protocol_freeze_v001/attempt_20260914T003831Z/STAGE89Z_TERMINAL_DECISION.json	33eca6c9f19b9bee554e40d1801978eb8a7cdbad553aefa4ca5113e01df65beb	false	0	0	0	Not established by the available top-level records; not an exhaustive physics/code audit.		PROTOCOL_SPECIFIC; Replay228 development; Challenge4 non-IID; Blind12 not accessed	Frozen rules, not execution or model validation.	No promotion from a PASS marker alone; no gamma-as-error or unsupported deployment/IID claim.	"""SEPARATE_STAGE90A_REPLAY196_201_PBE_REFERENCE_LABEL_EXECUTION_UNDER_FROZEN_STAGE89Z_LOCK"""	status=PASS_STAGE89Z_REPLAY197_200_APPLICABILITY_REMEDIATION_PROTOCOL_FREEZE	CURRENT_STAGE89Z_REPLAY197_200_APPLICABILITY_REMEDIATION_PROTOCOL_FREEZE_V001.txt	6	SOURCE_DOCUMENTS_HASHED_NOT_RERUN
12_transition_tube/v090a_replay196_201_pbe_reference_label_execution_v001	12_transition_tube	${PROJECT_ROOT}/12_transition_tube/versions/v090a_replay196_201_pbe_reference_label_execution_v001/attempt_20260914T010002Z	AUTHORITATIVE	${PROJECT_ROOT}/12_transition_tube/versions/v090a_replay196_201_pbe_reference_label_execution_v001/attempt_20260914T010002Z/STAGE90A_TERMINAL_DECISION.json	20f98469cb7db85a4ff3d564e5848f8114bfb09a6ef580c9d555ebede37cfb86	true	6	0	0	Not established by the available top-level records; not an exhaustive physics/code audit.		PROTOCOL_SPECIFIC; Replay228 development; Challenge4 non-IID; Blind12 not accessed	Use only within recorded terminal outcome and source-specific caveats.	No promotion from a PASS marker alone; no gamma-as-error or unsupported deployment/IID claim.	"""SEPARATE_STAGE90B_STAGE90A_REPLAY196_201_PBE_REFERENCE_EXECUTION_INDEPENDENT_REVIEW_BEFORE_ANY_TRAIN115_PROTOCOL_FREEZE"""	status=PASS_STAGE90A_REPLAY196_201_PBE_REFERENCE_LABEL_EXECUTION	CURRENT_STAGE90A_REPLAY196_201_PBE_REFERENCE_LABEL_EXECUTION_V001.txt	7	SOURCE_DOCUMENTS_HASHED_NOT_RERUN
12_transition_tube/v090b_stage90a_replay196_201_pbe_reference_execution_independent_review_v001	12_transition_tube	${PROJECT_ROOT}/12_transition_tube/versions/v090b_stage90a_replay196_201_pbe_reference_execution_independent_review_v001/attempt_20260914T085036Z	AUTHORITATIVE	${PROJECT_ROOT}/12_transition_tube/versions/v090b_stage90a_replay196_201_pbe_reference_execution_independent_review_v001/attempt_20260914T085036Z/STAGE90B_REVIEW_VERDICT.json	05c89f493b39d31be6dacce8feb6197229a92c48b4b34d81496c54dbdc9256ea	UNKNOWN	0	0	0	Not established by the available top-level records; not an exhaustive physics/code audit.		PROTOCOL_SPECIFIC; Replay228 development; Challenge4 non-IID; Blind12 not accessed	Use only within recorded terminal outcome and source-specific caveats.	No promotion from a PASS marker alone; no gamma-as-error or unsupported deployment/IID claim.	"""SEPARATE_STAGE90C_STAGE90A_PBE_REFERENCE_EXECUTION_INTERPRETATION_CLOSURE_BEFORE_ANY_TRAIN115_PROTOCOL_FREEZE"""	status=PASS_STAGE90B_STAGE90A_REPLAY196_201_PBE_REFERENCE_EXECUTION_INDEPENDENT_REVIEW	CURRENT_STAGE90B_STAGE90A_REPLAY196_201_PBE_REFERENCE_EXECUTION_INDEPENDENT_REVIEW_V001.txt	4	SOURCE_DOCUMENTS_HASHED_NOT_RERUN
12_transition_tube/v090c_stage90a_pbe_reference_execution_interpretation_closure_v001	12_transition_tube	${PROJECT_ROOT}/12_transition_tube/versions/v090c_stage90a_pbe_reference_execution_interpretation_closure_v001/attempt_20260914T091651Z	AUTHORITATIVE	${PROJECT_ROOT}/12_transition_tube/versions/v090c_stage90a_pbe_reference_execution_interpretation_closure_v001/attempt_20260914T091651Z/STAGE90C_TERMINAL_DECISION.json	ed514a8eca9fd5c0fc4d6b6d55985c28b9f462289de012e329b9931d1d9a91ff	false	0	0	0	Not established by the available top-level records; not an exhaustive physics/code audit.		PROTOCOL_SPECIFIC; Replay228 development; Challenge4 non-IID; Blind12 not accessed	Use only within recorded terminal outcome and source-specific caveats.	No promotion from a PASS marker alone; no gamma-as-error or unsupported deployment/IID claim.	"""SEPARATE_STAGE90D_TRAIN115_DATASET_CONSTRUCTION_AND_DETERMINISTIC_TRAINING_PROTOCOL_FREEZE_ONLY"""	status=PASS_STAGE90C_STAGE90A_PBE_REFERENCE_EXECUTION_INTERPRETATION_CLOSURE	CURRENT_STAGE90C_STAGE90A_PBE_REFERENCE_EXECUTION_INTERPRETATION_CLOSURE_V001.txt	5	SOURCE_DOCUMENTS_HASHED_NOT_RERUN
12_transition_tube/v090d_r1_train115_dataset_construction_and_deterministic_training_protocol_freeze_slim_import_repair_v001	12_transition_tube	${PROJECT_ROOT}/12_transition_tube/versions/v090d_r1_train115_dataset_construction_and_deterministic_training_protocol_freeze_slim_import_repair_v001/attempt_20260914T150916Z	PROTOCOL_ONLY	${PROJECT_ROOT}/12_transition_tube/versions/v090d_r1_train115_dataset_construction_and_deterministic_training_protocol_freeze_slim_import_repair_v001/attempt_20260914T150916Z/STAGE90D_R1_TERMINAL_DECISION.json	95f6371d978392b5a3d1d489236a923d9f5563f6f1a34ea143cfa80a8a7ac966	false	0	0	0	Not established by the available top-level records; not an exhaustive physics/code audit.		PROTOCOL_SPECIFIC; Replay228 development; Challenge4 non-IID; Blind12 not accessed	Frozen rules, not execution or model validation.	No promotion from a PASS marker alone; no gamma-as-error or unsupported deployment/IID claim.	"""SEPARATE_STAGE90E_TRAIN115_DETERMINISTIC_TRAINING_EXECUTION_UNDER_FROZEN_STAGE90D_R1_LOCK"""	status=PASS_STAGE90D_R1_TRAIN115_DATASET_CONSTRUCTION_AND_DETERMINISTIC_TRAINING_PROTOCOL_FREEZE_SLIM_IMPORT_REPAIR	CURRENT_STAGE90D_R1_TRAIN115_DATASET_CONSTRUCTION_AND_DETERMINISTIC_TRAINING_PROTOCOL_FREEZE_SLIM_IMPORT_REPAIR_V001.txt	5	SOURCE_DOCUMENTS_HASHED_NOT_RERUN
12_transition_tube/v090e_r1_train115_deterministic_training_execution_dataset_index_schema_repair_v001	12_transition_tube	${PROJECT_ROOT}/12_transition_tube/versions/v090e_r1_train115_deterministic_training_execution_dataset_index_schema_repair_v001/attempt_20260914T172525Z	AUTHORITATIVE	${PROJECT_ROOT}/12_transition_tube/versions/v090e_r1_train115_deterministic_training_execution_dataset_index_schema_repair_v001/attempt_20260914T172525Z/STAGE90E_TERMINAL_DECISION.json	670ce425570295f28b71dbb8192a2dc7b543c85196a638fc14dc3de53dfbca36	true	0	2	0	Not established by the available top-level records; not an exhaustive physics/code audit.		PROTOCOL_SPECIFIC; Replay228 development; Challenge4 non-IID; Blind12 not accessed	Use only within recorded terminal outcome and source-specific caveats.	No promotion from a PASS marker alone; no gamma-as-error or unsupported deployment/IID claim.	"""SEPARATE_STAGE90F_STAGE90E_TRAIN115_DETERMINISTIC_TRAINING_EXECUTION_INDEPENDENT_REVIEW_BEFORE_ANY_SELECTOR_OR_GATE1_FREEZE"""	status=PASS_STAGE90E_R1_TRAIN115_DETERMINISTIC_TRAINING_EXECUTION_DATASET_INDEX_SCHEMA_REPAIR	CURRENT_STAGE90E_R1_TRAIN115_DETERMINISTIC_TRAINING_EXECUTION_DATASET_INDEX_SCHEMA_REPAIR_V001.txt	7	SOURCE_DOCUMENTS_HASHED_NOT_RERUN
12_transition_tube/v090f_stage90e_r1_train115_deterministic_training_execution_independent_review_v001	12_transition_tube	${PROJECT_ROOT}/12_transition_tube/versions/v090f_stage90e_r1_train115_deterministic_training_execution_independent_review_v001/attempt_20260914T175435Z	AUTHORITATIVE	${PROJECT_ROOT}/12_transition_tube/versions/v090f_stage90e_r1_train115_deterministic_training_execution_independent_review_v001/attempt_20260914T175435Z/STAGE90F_REVIEW_VERDICT.json	bdfb40658ff4d8611e02780a266fcbe0ee821821a21f93f052c3d922a2538a58	UNKNOWN	0	0	0	Not established by the available top-level records; not an exhaustive physics/code audit.		PROTOCOL_SPECIFIC; Replay228 development; Challenge4 non-IID; Blind12 not accessed	Use only within recorded terminal outcome and source-specific caveats.	No promotion from a PASS marker alone; no gamma-as-error or unsupported deployment/IID claim.	"""SEPARATE_STAGE90G_STAGE90E_R1_TRAIN115_TRAINING_INTERPRETATION_CLOSURE_BEFORE_ANY_SELECTOR_OR_VALIDATION_PROTOCOL_FREEZE"""	status=PASS_STAGE90F_STAGE90E_R1_TRAIN115_DETERMINISTIC_TRAINING_EXECUTION_INDEPENDENT_REVIEW	CURRENT_STAGE90F_STAGE90E_R1_TRAIN115_DETERMINISTIC_TRAINING_EXECUTION_INDEPENDENT_REVIEW_V001.txt	5	SOURCE_DOCUMENTS_HASHED_NOT_RERUN
12_transition_tube/v090g_stage90e_r1_train115_training_interpretation_closure_v001	12_transition_tube	${PROJECT_ROOT}/12_transition_tube/versions/v090g_stage90e_r1_train115_training_interpretation_closure_v001/attempt_20260914T175912Z	AUTHORITATIVE	${PROJECT_ROOT}/12_transition_tube/versions/v090g_stage90e_r1_train115_training_interpretation_closure_v001/attempt_20260914T175912Z/STAGE90G_TERMINAL_DECISION.json	bd345c0d55391dd76947939aab59087bac61a0d73e15813dc0f13e62bc2a0d6e	false	0	0	0	Not established by the available top-level records; not an exhaustive physics/code audit.		PROTOCOL_SPECIFIC; Replay228 development; Challenge4 non-IID; Blind12 not accessed	Use only within recorded terminal outcome and source-specific caveats.	No promotion from a PASS marker alone; no gamma-as-error or unsupported deployment/IID claim.	"""SEPARATE_STAGE90H_TRAIN115_FORCE_SCALE_SELECTOR_AND_VALIDATION_PROTOCOL_FREEZE_ONLY"""	status=PASS_STAGE90G_STAGE90E_R1_TRAIN115_TRAINING_INTERPRETATION_CLOSURE	CURRENT_STAGE90G_STAGE90E_R1_TRAIN115_TRAINING_INTERPRETATION_CLOSURE_V001.txt	5	SOURCE_DOCUMENTS_HASHED_NOT_RERUN
12_transition_tube/v090h_train115_force_scale_selector_and_validation_protocol_freeze_v001	12_transition_tube	${PROJECT_ROOT}/12_transition_tube/versions/v090h_train115_force_scale_selector_and_validation_protocol_freeze_v001/attempt_20260914T180553Z	PROTOCOL_ONLY	${PROJECT_ROOT}/12_transition_tube/versions/v090h_train115_force_scale_selector_and_validation_protocol_freeze_v001/attempt_20260914T180553Z/STAGE90H_TERMINAL_DECISION.json	7e930e395865038dc8b49a670fa6e3262800db04741d4c97ad100a3d83762dc3	false	0	0	0	Not established by the available top-level records; not an exhaustive physics/code audit.		PROTOCOL_SPECIFIC; Replay228 development; Challenge4 non-IID; Blind12 not accessed	Frozen rules, not execution or model validation.	No promotion from a PASS marker alone; no gamma-as-error or unsupported deployment/IID claim.	"""SEPARATE_STAGE90I_TRAIN115_FORCE_SCALE_SELECTOR_AND_VALIDATION_EXECUTION_UNDER_FROZEN_STAGE90H_LOCK"""	status=PASS_STAGE90H_TRAIN115_FORCE_SCALE_SELECTOR_AND_VALIDATION_PROTOCOL_FREEZE	CURRENT_STAGE90H_TRAIN115_FORCE_SCALE_SELECTOR_AND_VALIDATION_PROTOCOL_FREEZE_V001.txt	6	SOURCE_DOCUMENTS_HASHED_NOT_RERUN
12_transition_tube/v090i_train115_force_scale_selector_and_validation_execution_v001	12_transition_tube	${PROJECT_ROOT}/12_transition_tube/versions/v090i_train115_force_scale_selector_and_validation_execution_v001/attempt_20260914T181248Z	TECHNICAL_FAIL	NO_TERMINAL_RECORD_LOCATED		UNKNOWN	0	0	0	Complete calibration TSV with nonzero exit; review prior to reuse.	${PROJECT_ROOT}/12_transition_tube/versions/v090m_stage90i_recovery_continuation_execution_v001/attempt_20260914T190725Z	PROTOCOL_SPECIFIC; Replay228 development; Challenge4 non-IID; Blind12 not accessed	Complete calibration TSV with nonzero exit; review prior to reuse.	No promotion from a PASS marker alone; no gamma-as-error or unsupported deployment/IID claim.	NO_AUTOMATIC_ACTION_FROM_THIS_AUDIT		CURRENT_STAGE90I_TRAIN115_FORCE_SCALE_SELECTOR_AND_VALIDATION_EXECUTION_V001.txt	4	INVENTORY_ONLY_NO_TERMINAL_STATUS
12_transition_tube/v090j_stage90i_partial_selector_calibration_failure_independent_recovery_review_v001	12_transition_tube	${PROJECT_ROOT}/12_transition_tube/versions/v090j_stage90i_partial_selector_calibration_failure_independent_recovery_review_v001/attempt_20260914T182322Z	SCIENTIFIC_FAIL	${PROJECT_ROOT}/12_transition_tube/versions/v090j_stage90i_partial_selector_calibration_failure_independent_recovery_review_v001/attempt_20260914T182322Z/STAGE90J_REVIEW_VERDICT.json	f854bce548558c135b3be179ce7e8f4a7677eb1987552d932a84f0ea2d5ec0d6	UNKNOWN	0	0	0	Not established by the available top-level records; not an exhaustive physics/code audit.		PROTOCOL_SPECIFIC; Replay228 development; Challenge4 non-IID; Blind12 not accessed	Use only within recorded terminal outcome and source-specific caveats.	No promotion from a PASS marker alone; no gamma-as-error or unsupported deployment/IID claim.	"""SEPARATE_STAGE90K_STAGE90I_PARTIAL_SELECTOR_CALIBRATION_FAILURE_INTERPRETATION_CLOSURE_BEFORE_ANY_RECOVERY_RERUN"""	status=PASS_STAGE90J_STAGE90I_PARTIAL_SELECTOR_CALIBRATION_FAILURE_INDEPENDENT_RECOVERY_REVIEW	CURRENT_STAGE90J_STAGE90I_PARTIAL_SELECTOR_CALIBRATION_FAILURE_INDEPENDENT_RECOVERY_REVIEW_V001.txt	6	SOURCE_DOCUMENTS_HASHED_NOT_RERUN
12_transition_tube/v090k_stage90i_partial_selector_calibration_failure_interpretation_closure_v001	12_transition_tube	${PROJECT_ROOT}/12_transition_tube/versions/v090k_stage90i_partial_selector_calibration_failure_interpretation_closure_v001/attempt_20260914T184023Z	SCIENTIFIC_FAIL	${PROJECT_ROOT}/12_transition_tube/versions/v090k_stage90i_partial_selector_calibration_failure_interpretation_closure_v001/attempt_20260914T184023Z/STAGE90K_TERMINAL_DECISION.json	54368d3497c29daf131fdd95bdad1b31d3e16921f9c890cb9b34f68ba43816db	false	0	0	0	Not established by the available top-level records; not an exhaustive physics/code audit.		PROTOCOL_SPECIFIC; Replay228 development; Challenge4 non-IID; Blind12 not accessed	Use only within recorded terminal outcome and source-specific caveats.	No promotion from a PASS marker alone; no gamma-as-error or unsupported deployment/IID claim.	"""SEPARATE_STAGE90L_STAGE90I_RECOVERY_CONTINUATION_PROTOCOL_FREEZE_REUSING_AUTHENTICATED_CALIBRATION_TSV_NO_CALIBRATION_RERUN"""	status=PASS_STAGE90K_STAGE90I_PARTIAL_SELECTOR_CALIBRATION_FAILURE_INTERPRETATION_CLOSURE	CURRENT_STAGE90K_STAGE90I_PARTIAL_SELECTOR_CALIBRATION_FAILURE_INTERPRETATION_CLOSURE_V001.txt	6	SOURCE_DOCUMENTS_HASHED_NOT_RERUN
12_transition_tube/v090l_r1_stage90i_recovery_continuation_protocol_freeze_manifest_anchored_stage90k_auth_repair_v001	12_transition_tube	${PROJECT_ROOT}/12_transition_tube/versions/v090l_r1_stage90i_recovery_continuation_protocol_freeze_manifest_anchored_stage90k_auth_repair_v001/attempt_20260914T185910Z	PROTOCOL_ONLY	${PROJECT_ROOT}/12_transition_tube/versions/v090l_r1_stage90i_recovery_continuation_protocol_freeze_manifest_anchored_stage90k_auth_repair_v001/attempt_20260914T185910Z/STAGE90L_TERMINAL_DECISION.json	55b1300deb3015b694d95b54bb744a59a84ff5662d68cd18d1929aad03864643	false	0	0	0	Not established by the available top-level records; not an exhaustive physics/code audit.		PROTOCOL_SPECIFIC; Replay228 development; Challenge4 non-IID; Blind12 not accessed	Frozen rules, not execution or model validation.	No promotion from a PASS marker alone; no gamma-as-error or unsupported deployment/IID claim.	"""SEPARATE_STAGE90M_STAGE90I_RECOVERY_CONTINUATION_EXECUTION_UNDER_FROZEN_STAGE90L_LOCK"""	status=PASS_STAGE90L_R1_STAGE90I_RECOVERY_CONTINUATION_PROTOCOL_FREEZE_MANIFEST_ANCHORED_STAGE90K_AUTH_REPAIR	CURRENT_STAGE90L_R1_STAGE90I_RECOVERY_CONTINUATION_PROTOCOL_FREEZE_MANIFEST_ANCHORED_STAGE90K_AUTH_REPAIR_V001.txt	6	SOURCE_DOCUMENTS_HASHED_NOT_RERUN
12_transition_tube/v090m_stage90i_recovery_continuation_execution_v001	12_transition_tube	${PROJECT_ROOT}/12_transition_tube/versions/v090m_stage90i_recovery_continuation_execution_v001/attempt_20260914T190725Z	TECHNICAL_FAIL	NO_TERMINAL_RECORD_LOCATED		UNKNOWN	0	0	0	Four selector calls completed before calc-efs; static applicability failure separate.	${PROJECT_ROOT}/12_transition_tube/versions/v090o_stage90m_partial_continuation_execution_interpretation_closure_v001/attempt_20260914T194850Z	PROTOCOL_SPECIFIC; Replay228 development; Challenge4 non-IID; Blind12 not accessed	Four selector calls completed before calc-efs; static applicability failure separate.	No promotion from a PASS marker alone; no gamma-as-error or unsupported deployment/IID claim.	NO_AUTOMATIC_ACTION_FROM_THIS_AUDIT		CURRENT_STAGE90M_STAGE90I_RECOVERY_CONTINUATION_EXECUTION_V001.txt	5	INVENTORY_ONLY_NO_TERMINAL_STATUS
12_transition_tube/v090n_r1_stage90m_partial_continuation_execution_independent_recovery_review_ast_order_repair_v001	12_transition_tube	${PROJECT_ROOT}/12_transition_tube/versions/v090n_r1_stage90m_partial_continuation_execution_independent_recovery_review_ast_order_repair_v001/attempt_20260914T193627Z	AUTHORITATIVE	${PROJECT_ROOT}/12_transition_tube/versions/v090n_r1_stage90m_partial_continuation_execution_independent_recovery_review_ast_order_repair_v001/attempt_20260914T193627Z/STAGE90N_REVIEW_VERDICT.json	09f535c0ba059a734f1428bd61c289e20a2fb3aa179c5f4bfeac6086def02f7a	UNKNOWN	0	0	0	Not established by the available top-level records; not an exhaustive physics/code audit.		PROTOCOL_SPECIFIC; Replay228 development; Challenge4 non-IID; Blind12 not accessed	Use only within recorded terminal outcome and source-specific caveats.	No promotion from a PASS marker alone; no gamma-as-error or unsupported deployment/IID claim.	"""SEPARATE_STAGE90O_STAGE90M_PARTIAL_CONTINUATION_EXECUTION_INTERPRETATION_CLOSURE_BEFORE_ANY_FURTHER_SCIENTIFIC_CALL"""	status=PASS_STAGE90N_R1_STAGE90M_PARTIAL_CONTINUATION_EXECUTION_INDEPENDENT_RECOVERY_REVIEW_AST_ORDER_REPAIR	CURRENT_STAGE90N_R1_STAGE90M_PARTIAL_CONTINUATION_EXECUTION_INDEPENDENT_RECOVERY_REVIEW_AST_ORDER_REPAIR_V001.txt	6	SOURCE_DOCUMENTS_HASHED_NOT_RERUN
12_transition_tube/v090o_stage90m_partial_continuation_execution_interpretation_closure_v001	12_transition_tube	${PROJECT_ROOT}/12_transition_tube/versions/v090o_stage90m_partial_continuation_execution_interpretation_closure_v001/attempt_20260914T194850Z	AUTHORITATIVE_WITH_CAVEAT	${PROJECT_ROOT}/12_transition_tube/versions/v090o_stage90m_partial_continuation_execution_interpretation_closure_v001/attempt_20260914T194850Z/STAGE90O_TERMINAL_DECISION.json	b763df5c96d990d3a5aad3d1a26cf50ba2c40ca5d0668203f9592e3e5dc184fb	false	0	0	0	Partial execution closed, Train115 eight Replay228 crossings.		PROTOCOL_SPECIFIC; Replay228 development; Challenge4 non-IID; Blind12 not accessed	Partial execution closed, Train115 eight Replay228 crossings.	No promotion from a PASS marker alone; no gamma-as-error or unsupported deployment/IID claim.	"""SEPARATE_STAGE90P_VALIDATION11_SINGLE_CALC_EFS_RECOVERY_PROTOCOL_FREEZE_ONLY"""	status=PASS_STAGE90O_STAGE90M_PARTIAL_CONTINUATION_EXECUTION_INTERPRETATION_CLOSURE	CURRENT_STAGE90O_STAGE90M_PARTIAL_CONTINUATION_EXECUTION_INTERPRETATION_CLOSURE_V001.txt	6	SOURCE_DOCUMENTS_HASHED_NOT_RERUN
12_transition_tube/v090p_validation11_single_calc_efs_recovery_protocol_freeze_v001	12_transition_tube	${PROJECT_ROOT}/12_transition_tube/versions/v090p_validation11_single_calc_efs_recovery_protocol_freeze_v001/attempt_20260914T200540Z	PROTOCOL_ONLY	${PROJECT_ROOT}/12_transition_tube/versions/v090p_validation11_single_calc_efs_recovery_protocol_freeze_v001/attempt_20260914T200540Z/STAGE90P_TERMINAL_DECISION.json	42212f10d5ee8f2c1d3c7d4f4e175619ef9184b7e075ba2dc2f1b5b11e836ef8	false	0	0	0	Not established by the available top-level records; not an exhaustive physics/code audit.		PROTOCOL_SPECIFIC; Replay228 development; Challenge4 non-IID; Blind12 not accessed	Frozen rules, not execution or model validation.	No promotion from a PASS marker alone; no gamma-as-error or unsupported deployment/IID claim.	"""SEPARATE_STAGE90Q_VALIDATION11_SINGLE_CALC_EFS_RECOVERY_EXECUTION_UNDER_FROZEN_STAGE90P_LOCK"""	status=PASS_STAGE90P_VALIDATION11_SINGLE_CALC_EFS_RECOVERY_PROTOCOL_FREEZE	CURRENT_STAGE90P_VALIDATION11_SINGLE_CALC_EFS_RECOVERY_PROTOCOL_FREEZE_V001.txt	7	SOURCE_DOCUMENTS_HASHED_NOT_RERUN
12_transition_tube/v090q_validation11_single_calc_efs_recovery_execution_v001	12_transition_tube	${PROJECT_ROOT}/12_transition_tube/versions/v090q_validation11_single_calc_efs_recovery_execution_v001/attempt_20260914T202151Z	EXPLORATORY	NO_TERMINAL_RECORD_LOCATED		UNKNOWN	0	0	0	No own terminal result located. Do not inherit a PASS from another attempt or version-level rule.	${PROJECT_ROOT}/12_transition_tube/versions/v090s_stage90q_single_calc_efs_execution_interpretation_closure_v001/attempt_20260914T214335Z	PROTOCOL_SPECIFIC; Replay228 development; Challenge4 non-IID; Blind12 not accessed	Incomplete historical run record; no terminal scientific success established.	No promotion from a PASS marker alone; no gamma-as-error or unsupported deployment/IID claim.	NO_AUTOMATIC_ACTION_FROM_THIS_AUDIT		CURRENT_STAGE90Q_VALIDATION11_SINGLE_CALC_EFS_RECOVERY_EXECUTION_V001.txt	5	INVENTORY_ONLY_NO_TERMINAL_STATUS
12_transition_tube/v090r_stage90q_single_calc_efs_execution_independent_recovery_review_v001	12_transition_tube	${PROJECT_ROOT}/12_transition_tube/versions/v090r_stage90q_single_calc_efs_execution_independent_recovery_review_v001/attempt_20260914T211848Z	AUTHORITATIVE	${PROJECT_ROOT}/12_transition_tube/versions/v090r_stage90q_single_calc_efs_execution_independent_recovery_review_v001/attempt_20260914T211848Z/STAGE90R_REVIEW_VERDICT.json	4894a0628e99eb3b0251ee7bbb105830d1bc54887a8639082d144bcb6204437b	UNKNOWN	0	0	0	Not established by the available top-level records; not an exhaustive physics/code audit.		PROTOCOL_SPECIFIC; Replay228 development; Challenge4 non-IID; Blind12 not accessed	Use only within recorded terminal outcome and source-specific caveats.	No promotion from a PASS marker alone; no gamma-as-error or unsupported deployment/IID claim.	"""SEPARATE_STAGE90S_STAGE90Q_SINGLE_CALC_EFS_EXECUTION_INTERPRETATION_CLOSURE_BEFORE_ANY_FURTHER_REMEDIATION"""	status=PASS_STAGE90R_STAGE90Q_SINGLE_CALC_EFS_EXECUTION_INDEPENDENT_RECOVERY_REVIEW	CURRENT_STAGE90R_STAGE90Q_SINGLE_CALC_EFS_EXECUTION_INDEPENDENT_RECOVERY_REVIEW_V001.txt	8	SOURCE_DOCUMENTS_HASHED_NOT_RERUN
12_transition_tube/v090s_stage90q_single_calc_efs_execution_interpretation_closure_v001	12_transition_tube	${PROJECT_ROOT}/12_transition_tube/versions/v090s_stage90q_single_calc_efs_execution_interpretation_closure_v001/attempt_20260914T214335Z	AUTHORITATIVE_WITH_CAVEAT	${PROJECT_ROOT}/12_transition_tube/versions/v090s_stage90q_single_calc_efs_execution_interpretation_closure_v001/attempt_20260914T214335Z/STAGE90S_TERMINAL_DECISION.json	22d24d5f4d71fa3678457e42f58cc5733c66044ac9d5c7b8630aeaae9feebf87	false	0	0	0	11/11 A2 passed from saved payload; serialization nonconformance remains.		PROTOCOL_SPECIFIC; Replay228 development; Challenge4 non-IID; Blind12 not accessed	11/11 A2 passed from saved payload; serialization nonconformance remains.	No promotion from a PASS marker alone; no gamma-as-error or unsupported deployment/IID claim.	"""SEPARATE_STAGE90T_REPLAY228_EIGHT_CROSSING_LOCALIZATION_AND_APPLICABILITY_REMEDIATION_PROTOCOL_FREEZE_BEFORE_ANY_NEW_DFT_TRAINING_OR_SELECTOR_SWITCH"""	status=PASS_STAGE90S_STAGE90Q_SINGLE_CALC_EFS_EXECUTION_INTERPRETATION_CLOSURE	CURRENT_STAGE90S_STAGE90Q_SINGLE_CALC_EFS_EXECUTION_INTERPRETATION_CLOSURE_V001.txt	7	SOURCE_DOCUMENTS_HASHED_NOT_RERUN
12_transition_tube/v090t_r1_replay228_eight_crossing_localization_and_applicability_remediation_protocol_freeze_authority_split_repair_v001	12_transition_tube	${PROJECT_ROOT}/12_transition_tube/versions/v090t_r1_replay228_eight_crossing_localization_and_applicability_remediation_protocol_freeze_authority_split_repair_v001/attempt_20260914T215513Z	PROTOCOL_ONLY	${PROJECT_ROOT}/12_transition_tube/versions/v090t_r1_replay228_eight_crossing_localization_and_applicability_remediation_protocol_freeze_authority_split_repair_v001/attempt_20260914T215513Z/STAGE90T_TERMINAL_DECISION.json	5bce25a90750f6deab3eb0775436c76d16913dc3661079d167ed7dd17df20999	false	0	0	0	Not established by the available top-level records; not an exhaustive physics/code audit.		PROTOCOL_SPECIFIC; Replay228 development; Challenge4 non-IID; Blind12 not accessed	Frozen rules, not execution or model validation.	No promotion from a PASS marker alone; no gamma-as-error or unsupported deployment/IID claim.	"""SEPARATE_STAGE90U_STAGE90T_R1_REPLAY228_EIGHT_CROSSING_LOCALIZATION_AND_REMEDIATION_SPLIT_INDEPENDENT_REVIEW_BEFORE_ANY_NEW_DFT_OR_TRAINING"""	status=PASS_STAGE90T_R1_REPLAY228_EIGHT_CROSSING_LOCALIZATION_AND_APPLICABILITY_REMEDIATION_PROTOCOL_FREEZE_AUTHORITY_SPLIT_REPAIR	CURRENT_STAGE90T_R1_REPLAY228_EIGHT_CROSSING_LOCALIZATION_AND_APPLICABILITY_REMEDIATION_PROTOCOL_FREEZE_AUTHORITY_SPLIT_REPAIR_V001.txt	6	SOURCE_DOCUMENTS_HASHED_NOT_RERUN
12_transition_tube/v090u_r3_stage90t_r1_replay228_eight_crossing_localization_and_remediation_split_independent_review_geometry_exact_block_repair_v001	12_transition_tube	${PROJECT_ROOT}/12_transition_tube/versions/v090u_r3_stage90t_r1_replay228_eight_crossing_localization_and_remediation_split_independent_review_geometry_exact_block_repair_v001/attempt_20260914T225909Z	AUTHORITATIVE	${PROJECT_ROOT}/12_transition_tube/versions/v090u_r3_stage90t_r1_replay228_eight_crossing_localization_and_remediation_split_independent_review_geometry_exact_block_repair_v001/attempt_20260914T225909Z/STAGE90U_REVIEW_VERDICT.json	6616239c34f105064307c0fb170d8242a3f4b727e49f9ef392b3450cd5108b06	UNKNOWN	UNKNOWN	UNKNOWN	UNKNOWN	Not established by the available top-level records; not an exhaustive physics/code audit.		PROTOCOL_SPECIFIC; Replay228 development; Challenge4 non-IID; Blind12 not accessed	Use only within recorded terminal outcome and source-specific caveats.	No promotion from a PASS marker alone; no gamma-as-error or unsupported deployment/IID claim.	"""SEPARATE_STAGE90V_STAGE90T_R1_EIGHT_CROSSING_LOCALIZATION_AND_REMEDIATION_SPLIT_INTERPRETATION_CLOSURE_BEFORE_ANY_DFT_OR_TRAINING"""	status=PASS_STAGE90U_R3_STAGE90T_R1_REPLAY228_EIGHT_CROSSING_LOCALIZATION_AND_REMEDIATION_SPLIT_INDEPENDENT_REVIEW_GEOMETRY_EXACT_BLOCK_REPAIR	CURRENT_STAGE90U_R3_STAGE90T_R1_REPLAY228_EIGHT_CROSSING_LOCALIZATION_AND_REMEDIATION_SPLIT_INDEPENDENT_REVIEW_GEOMETRY_EXACT_BLOCK_REPAIR_V001.txt	7	SOURCE_DOCUMENTS_HASHED_NOT_RERUN
12_transition_tube/v090v_stage90t_r1_eight_crossing_localization_and_remediation_split_interpretation_closure_v001	12_transition_tube	${PROJECT_ROOT}/12_transition_tube/versions/v090v_stage90t_r1_eight_crossing_localization_and_remediation_split_interpretation_closure_v001/attempt_20260914T232507Z	AUTHORITATIVE	${PROJECT_ROOT}/12_transition_tube/versions/v090v_stage90t_r1_eight_crossing_localization_and_remediation_split_interpretation_closure_v001/attempt_20260914T232507Z/STAGE90V_TERMINAL_DECISION.json	105f6162e9612d6dcfb9b76fda72faf670944e2977b3ce650664571e74b46eda	false	UNKNOWN	UNKNOWN	UNKNOWN	Not established by the available top-level records; not an exhaustive physics/code audit.		PROTOCOL_SPECIFIC; Replay228 development; Challenge4 non-IID; Blind12 not accessed	Use only within recorded terminal outcome and source-specific caveats.	No promotion from a PASS marker alone; no gamma-as-error or unsupported deployment/IID claim.	"""SEPARATE_STAGE90W_REPLAY93_100_PBE8_REFERENCE_LABEL_PROTOCOL_FREEZE_ONLY"""	status=PASS_STAGE90V_STAGE90T_R1_EIGHT_CROSSING_LOCALIZATION_AND_REMEDIATION_SPLIT_INTERPRETATION_CLOSURE	CURRENT_STAGE90V_STAGE90T_R1_EIGHT_CROSSING_LOCALIZATION_AND_REMEDIATION_SPLIT_INTERPRETATION_CLOSURE_V001.txt	8	SOURCE_DOCUMENTS_HASHED_NOT_RERUN
12_transition_tube/v090w_r2_replay93_100_pbe8_reference_label_protocol_freeze_per_frame_canonical_block_repair_v001	12_transition_tube	${PROJECT_ROOT}/12_transition_tube/versions/v090w_r2_replay93_100_pbe8_reference_label_protocol_freeze_per_frame_canonical_block_repair_v001/attempt_20260915T073631Z	PROTOCOL_ONLY	${PROJECT_ROOT}/12_transition_tube/versions/v090w_r2_replay93_100_pbe8_reference_label_protocol_freeze_per_frame_canonical_block_repair_v001/attempt_20260915T073631Z/STAGE90W_TERMINAL_DECISION.json	d02df1ed5925dc387e1347e5c92ba886ca1b193b007864d22c8400b40c5779ad	false	0	0	UNKNOWN	Not established by the available top-level records; not an exhaustive physics/code audit.		PROTOCOL_SPECIFIC; Replay228 development; Challenge4 non-IID; Blind12 not accessed	Frozen rules, not execution or model validation.	No promotion from a PASS marker alone; no gamma-as-error or unsupported deployment/IID claim.	"""SEPARATE_STAGE90X_REPLAY93_100_PBE8_REFERENCE_LABEL_EXECUTION_UNDER_FROZEN_STAGE90W_LOCK"""	status=PASS_STAGE90W_R2_REPLAY93_100_PBE8_REFERENCE_LABEL_PROTOCOL_FREEZE_PER_FRAME_CANONICAL_BLOCK_REPAIR	CURRENT_STAGE90W_R2_REPLAY93_100_PBE8_REFERENCE_LABEL_PROTOCOL_FREEZE_PER_FRAME_CANONICAL_BLOCK_REPAIR_V001.txt	7	SOURCE_DOCUMENTS_HASHED_NOT_RERUN
12_transition_tube/v090x_replay93_100_pbe8_reference_label_execution_v001	12_transition_tube	${PROJECT_ROOT}/12_transition_tube/versions/v090x_replay93_100_pbe8_reference_label_execution_v001/attempt_20260915T075033Z	AUTHORITATIVE	${PROJECT_ROOT}/12_transition_tube/versions/v090x_replay93_100_pbe8_reference_label_execution_v001/attempt_20260915T075033Z/STAGE90X_TERMINAL_DECISION.json	f6d54aab31741e7bf2f93b2b36a800d052da7e46d7989ad2df133aed3bb03fe7	true	8	0	0	Not established by the available top-level records; not an exhaustive physics/code audit.		PROTOCOL_SPECIFIC; Replay228 development; Challenge4 non-IID; Blind12 not accessed	Use only within recorded terminal outcome and source-specific caveats.	No promotion from a PASS marker alone; no gamma-as-error or unsupported deployment/IID claim.	"""SEPARATE_STAGE90Y_STAGE90X_REPLAY93_100_PBE8_REFERENCE_EXECUTION_INDEPENDENT_REVIEW_BEFORE_ANY_TRAIN119_PROTOCOL_FREEZE"""	status=PASS_STAGE90X_REPLAY93_100_PBE8_REFERENCE_LABEL_EXECUTION	CURRENT_STAGE90X_REPLAY93_100_PBE8_REFERENCE_LABEL_EXECUTION_V001.txt	7	SOURCE_DOCUMENTS_HASHED_NOT_RERUN
12_transition_tube/v090y_stage90x_replay93_100_pbe8_reference_execution_independent_review_v001	12_transition_tube	${PROJECT_ROOT}/12_transition_tube/versions/v090y_stage90x_replay93_100_pbe8_reference_execution_independent_review_v001/attempt_20260915T203403Z	AUTHORITATIVE	${PROJECT_ROOT}/12_transition_tube/versions/v090y_stage90x_replay93_100_pbe8_reference_execution_independent_review_v001/attempt_20260915T203403Z/STAGE90Y_REVIEW_VERDICT.json	10fbd8d9f1c14a22b34949f84f9fb7ab7b65feb6d6ac8fc1ff79a894f43dbda7	UNKNOWN	UNKNOWN	UNKNOWN	UNKNOWN	Not established by the available top-level records; not an exhaustive physics/code audit.		PROTOCOL_SPECIFIC; Replay228 development; Challenge4 non-IID; Blind12 not accessed	Use only within recorded terminal outcome and source-specific caveats.	No promotion from a PASS marker alone; no gamma-as-error or unsupported deployment/IID claim.	"""SEPARATE_STAGE90Z_STAGE90X_PBE8_REFERENCE_EXECUTION_INTERPRETATION_CLOSURE_BEFORE_ANY_TRAIN119_PROTOCOL_FREEZE"""	status=PASS_STAGE90Y_STAGE90X_REPLAY93_100_PBE8_REFERENCE_EXECUTION_INDEPENDENT_REVIEW	CURRENT_STAGE90Y_STAGE90X_REPLAY93_100_PBE8_REFERENCE_EXECUTION_INDEPENDENT_REVIEW_V001.txt	6	SOURCE_DOCUMENTS_HASHED_NOT_RERUN
12_transition_tube/v090z_stage90x_pbe8_reference_execution_interpretation_closure_v001	12_transition_tube	${PROJECT_ROOT}/12_transition_tube/versions/v090z_stage90x_pbe8_reference_execution_interpretation_closure_v001/attempt_20260915T205245Z	AUTHORITATIVE	${PROJECT_ROOT}/12_transition_tube/versions/v090z_stage90x_pbe8_reference_execution_interpretation_closure_v001/attempt_20260915T205245Z/STAGE90Z_TERMINAL_DECISION.json	8fd31b769af326b6fb0333dcb92f8923a7526ea8c2054f8c6bcbebc790618721	false	UNKNOWN	UNKNOWN	UNKNOWN	Not established by the available top-level records; not an exhaustive physics/code audit.		PROTOCOL_SPECIFIC; Replay228 development; Challenge4 non-IID; Blind12 not accessed	Use only within recorded terminal outcome and source-specific caveats.	No promotion from a PASS marker alone; no gamma-as-error or unsupported deployment/IID claim.	"""SEPARATE_STAGE91A_TRAIN119_DATASET_PROTOCOL_FREEZE_ONLY"""	status=PASS_STAGE90Z_STAGE90X_PBE8_REFERENCE_EXECUTION_INTERPRETATION_CLOSURE	CURRENT_STAGE90Z_STAGE90X_PBE8_REFERENCE_EXECUTION_INTERPRETATION_CLOSURE_V001.txt	9	SOURCE_DOCUMENTS_HASHED_NOT_RERUN
12_transition_tube/v091a_train119_dataset_protocol_freeze_v001	12_transition_tube	${PROJECT_ROOT}/12_transition_tube/versions/v091a_train119_dataset_protocol_freeze_v001/attempt_20260915T205746Z	PROTOCOL_ONLY	${PROJECT_ROOT}/12_transition_tube/versions/v091a_train119_dataset_protocol_freeze_v001/attempt_20260915T205746Z/STAGE91A_TERMINAL_DECISION.json	bc53aff4391931b4d09ce430ac78a9a0399b66320961dd35bd13d2fa8d1ecb28	false	UNKNOWN	UNKNOWN	UNKNOWN	Not established by the available top-level records; not an exhaustive physics/code audit.		PROTOCOL_SPECIFIC; Replay228 development; Challenge4 non-IID; Blind12 not accessed	Frozen rules, not execution or model validation.	No promotion from a PASS marker alone; no gamma-as-error or unsupported deployment/IID claim.	"""SEPARATE_STAGE91B_TRAIN119_DATASET_CONSTRUCTION_EXECUTION_UNDER_FROZEN_STAGE91A_LOCK"""	status=PASS_STAGE91A_TRAIN119_DATASET_PROTOCOL_FREEZE	CURRENT_STAGE91A_TRAIN119_DATASET_PROTOCOL_FREEZE_V001.txt	10	SOURCE_DOCUMENTS_HASHED_NOT_RERUN
12_transition_tube/v091b_train119_dataset_construction_execution_v001	12_transition_tube	${PROJECT_ROOT}/12_transition_tube/versions/v091b_train119_dataset_construction_execution_v001/attempt_20260915T210014Z	AUTHORITATIVE_WITH_CAVEAT	${PROJECT_ROOT}/12_transition_tube/versions/v091b_train119_dataset_construction_execution_v001/attempt_20260915T210014Z/STAGE91B_TERMINAL_DECISION.json	5f86c0c8abacfd378e4d6603a2c2049937c6215908e524dfb835942252e9ae33	false	0	0	UNKNOWN	Train119 dataset/training/review authority, not fresh validation.		PROTOCOL_SPECIFIC; Replay228 development; Challenge4 non-IID; Blind12 not accessed	Train119 dataset/training/review authority, not fresh validation.	No promotion from a PASS marker alone; no gamma-as-error or unsupported deployment/IID claim.	"""SEPARATE_STAGE91C_STAGE91B_TRAIN119_DATASET_CONSTRUCTION_INDEPENDENT_REVIEW_BEFORE_ANY_TRAINING_FREEZE"""	status=PASS_STAGE91B_TRAIN119_DATASET_CONSTRUCTION_EXECUTION	CURRENT_STAGE91B_TRAIN119_DATASET_CONSTRUCTION_EXECUTION_V001.txt	6	SOURCE_DOCUMENTS_HASHED_NOT_RERUN
12_transition_tube/v091c_r1_stage91b_train119_dataset_construction_independent_review_v001	12_transition_tube	${PROJECT_ROOT}/12_transition_tube/versions/v091c_r1_stage91b_train119_dataset_construction_independent_review_v001/attempt_20260915T210520Z	AUTHORITATIVE	${PROJECT_ROOT}/12_transition_tube/versions/v091c_r1_stage91b_train119_dataset_construction_independent_review_v001/attempt_20260915T210520Z/STAGE91C_REVIEW_VERDICT.json	b938813dcf179734af8106f41fa7a41d13d51cefbcb25cc07f5ac0a30b7aa10c	UNKNOWN	UNKNOWN	UNKNOWN	UNKNOWN	Not established by the available top-level records; not an exhaustive physics/code audit.		PROTOCOL_SPECIFIC; Replay228 development; Challenge4 non-IID; Blind12 not accessed	Use only within recorded terminal outcome and source-specific caveats.	No promotion from a PASS marker alone; no gamma-as-error or unsupported deployment/IID claim.	"""SEPARATE_STAGE91D_STAGE91B_TRAIN119_DATASET_CONSTRUCTION_INTERPRETATION_CLOSURE_BEFORE_ANY_TRAIN119_TRAINING_PROTOCOL_FREEZE"""	status=PASS_STAGE91C_STAGE91B_TRAIN119_DATASET_CONSTRUCTION_INDEPENDENT_REVIEW	CURRENT_STAGE91C_R1_STAGE91B_TRAIN119_DATASET_CONSTRUCTION_INDEPENDENT_REVIEW_V001.txt	6	SOURCE_DOCUMENTS_HASHED_NOT_RERUN
12_transition_tube/v091d_train119_dataset_construction_interpretation_closure_v001	12_transition_tube	${PROJECT_ROOT}/12_transition_tube/versions/v091d_train119_dataset_construction_interpretation_closure_v001/attempt_20260915T211021Z	AUTHORITATIVE	${PROJECT_ROOT}/12_transition_tube/versions/v091d_train119_dataset_construction_interpretation_closure_v001/attempt_20260915T211021Z/STAGE91D_TERMINAL_DECISION.json	441726f3792feb976498dd645f7b5ca3512bbd3d5f154c6e14da0aff91b06422	false	0	0	UNKNOWN	Not established by the available top-level records; not an exhaustive physics/code audit.		PROTOCOL_SPECIFIC; Replay228 development; Challenge4 non-IID; Blind12 not accessed	Use only within recorded terminal outcome and source-specific caveats.	No promotion from a PASS marker alone; no gamma-as-error or unsupported deployment/IID claim.	"""SEPARATE_STAGE91E_TRAIN119_DETERMINISTIC_TRAINING_PROTOCOL_FREEZE_ONLY"""	status=PASS_STAGE91D_TRAIN119_DATASET_CONSTRUCTION_INTERPRETATION_CLOSURE	CURRENT_STAGE91D_TRAIN119_DATASET_CONSTRUCTION_INTERPRETATION_CLOSURE_V001.txt	10	SOURCE_DOCUMENTS_HASHED_NOT_RERUN
12_transition_tube/v091e_train119_deterministic_training_protocol_freeze_v001	12_transition_tube	${PROJECT_ROOT}/12_transition_tube/versions/v091e_train119_deterministic_training_protocol_freeze_v001/attempt_20260915T211330Z	PROTOCOL_ONLY	${PROJECT_ROOT}/12_transition_tube/versions/v091e_train119_deterministic_training_protocol_freeze_v001/attempt_20260915T211330Z/STAGE91E_TERMINAL_DECISION.json	437319321082f937919c29c95168986de0b2b44eec0758bca4dc19e6af705bbd	false	0	0	UNKNOWN	Not established by the available top-level records; not an exhaustive physics/code audit.		PROTOCOL_SPECIFIC; Replay228 development; Challenge4 non-IID; Blind12 not accessed	Frozen rules, not execution or model validation.	No promotion from a PASS marker alone; no gamma-as-error or unsupported deployment/IID claim.	"""SEPARATE_STAGE91F_TRAIN119_DETERMINISTIC_TRAINING_EXECUTION_UNDER_FROZEN_STAGE91E_LOCK"""	status=PASS_STAGE91E_TRAIN119_DETERMINISTIC_TRAINING_PROTOCOL_FREEZE	CURRENT_STAGE91E_TRAIN119_DETERMINISTIC_TRAINING_PROTOCOL_FREEZE_V001.txt	9	SOURCE_DOCUMENTS_HASHED_NOT_RERUN
12_transition_tube/v091f_train119_deterministic_training_execution_v001	12_transition_tube	${PROJECT_ROOT}/12_transition_tube/versions/v091f_train119_deterministic_training_execution_v001/attempt_20260915T214939Z	AUTHORITATIVE_WITH_CAVEAT	${PROJECT_ROOT}/12_transition_tube/versions/v091f_train119_deterministic_training_execution_v001/attempt_20260915T214939Z/STAGE91F_TERMINAL_DECISION.json	1ba66f8513dbd3058b4cb676b2b83af1272e8bf1c5eb2b4bea9aec5cbd89e9b5	UNKNOWN	0	2	0	Train119 dataset/training/review authority, not fresh validation.		PROTOCOL_SPECIFIC; Replay228 development; Challenge4 non-IID; Blind12 not accessed	Train119 dataset/training/review authority, not fresh validation.	No promotion from a PASS marker alone; no gamma-as-error or unsupported deployment/IID claim.	"""SEPARATE_STAGE91G_STAGE91F_TRAIN119_DETERMINISTIC_TRAINING_EXECUTION_INDEPENDENT_REVIEW_BEFORE_ANY_SELECTOR_OR_VALIDATION_PROTOCOL_FREEZE"""	status=PASS_STAGE91F_TRAIN119_DETERMINISTIC_TRAINING_EXECUTION	CURRENT_STAGE91F_TRAIN119_DETERMINISTIC_TRAINING_EXECUTION_V001.txt	6	SOURCE_DOCUMENTS_HASHED_NOT_RERUN
12_transition_tube/v091g_r1_stage91f_train119_deterministic_training_execution_independent_review_v001	12_transition_tube	${PROJECT_ROOT}/12_transition_tube/versions/v091g_r1_stage91f_train119_deterministic_training_execution_independent_review_v001/attempt_20260915T220258Z	AUTHORITATIVE_WITH_CAVEAT	${PROJECT_ROOT}/12_transition_tube/versions/v091g_r1_stage91f_train119_deterministic_training_execution_independent_review_v001/attempt_20260915T220258Z/STAGE91G_REVIEW_VERDICT.json	49f890a35e673b535ad8aed969023f11cfb24536724b4b7cb3229bc2a89f79b8	UNKNOWN	0	UNKNOWN	UNKNOWN	Train119 dataset/training/review authority, not fresh validation.		PROTOCOL_SPECIFIC; Replay228 development; Challenge4 non-IID; Blind12 not accessed	Train119 dataset/training/review authority, not fresh validation.	No promotion from a PASS marker alone; no gamma-as-error or unsupported deployment/IID claim.	"""SEPARATE_STAGE91H_STAGE91F_TRAIN119_DETERMINISTIC_TRAINING_EXECUTION_INTERPRETATION_CLOSURE_BEFORE_ANY_SELECTOR_OR_VALIDATION_PROTOCOL_FREEZE"""	status=PASS_STAGE91G_R1_STAGE91F_TRAIN119_DETERMINISTIC_TRAINING_EXECUTION_INDEPENDENT_REVIEW	CURRENT_STAGE91G_R1_STAGE91F_TRAIN119_DETERMINISTIC_TRAINING_EXECUTION_INDEPENDENT_REVIEW_V001.txt	6	SOURCE_DOCUMENTS_HASHED_NOT_RERUN
12_transition_tube/v091h_stage91f_train119_deterministic_training_execution_interpretation_closure_v001	12_transition_tube	${PROJECT_ROOT}/12_transition_tube/versions/v091h_stage91f_train119_deterministic_training_execution_interpretation_closure_v001/attempt_20260915T220700Z	AUTHORITATIVE_WITH_CAVEAT	${PROJECT_ROOT}/12_transition_tube/versions/v091h_stage91f_train119_deterministic_training_execution_interpretation_closure_v001/attempt_20260915T220700Z/STAGE91H_TERMINAL_DECISION.json	0a4e9e9c69a474ddf5356b542087124f82e19742e680d3002875923842a82702	false	0	0	UNKNOWN	Train119 dataset/training/review authority, not fresh validation.		PROTOCOL_SPECIFIC; Replay228 development; Challenge4 non-IID; Blind12 not accessed	Train119 dataset/training/review authority, not fresh validation.	No promotion from a PASS marker alone; no gamma-as-error or unsupported deployment/IID claim.	"""SEPARATE_STAGE91I_TRAIN119_POST_TRAINING_VALIDATION_AND_APPLICABILITY_PROTOCOL_FREEZE_ONLY"""	status=PASS_STAGE91H_STAGE91F_TRAIN119_DETERMINISTIC_TRAINING_EXECUTION_INTERPRETATION_CLOSURE	CURRENT_STAGE91H_STAGE91F_TRAIN119_DETERMINISTIC_TRAINING_EXECUTION_INTERPRETATION_CLOSURE_V001.txt	8	SOURCE_DOCUMENTS_HASHED_NOT_RERUN
12_transition_tube/v091i_r1_train119_post_training_validation_and_applicability_protocol_freeze_v001	12_transition_tube	${PROJECT_ROOT}/12_transition_tube/versions/v091i_r1_train119_post_training_validation_and_applicability_protocol_freeze_v001/attempt_20260915T231617Z	PROTOCOL_ONLY	${PROJECT_ROOT}/12_transition_tube/versions/v091i_r1_train119_post_training_validation_and_applicability_protocol_freeze_v001/attempt_20260915T231617Z/STAGE91I_TERMINAL_DECISION.json	d14dc78dc9758d4470758bc41410c8a0f4f422db8ba110b043c7b1bffff37317	false	0	0	UNKNOWN	Reauthenticated freeze. Challenge4 uses Replay228 indices plus frozen PBE8 labels; no standalone file is required by this contract.		PROTOCOL_SPECIFIC; Replay228 development; Challenge4 non-IID; Blind12 not accessed	Reauthenticated freeze. Challenge4 uses Replay228 indices plus frozen PBE8 labels; no standalone file is required by this contract.	No promotion from a PASS marker alone; no gamma-as-error or unsupported deployment/IID claim.	"""SEPARATE_STAGE91J_TRAIN119_POST_TRAINING_VALIDATION_AND_APPLICABILITY_EXECUTION_UNDER_FROZEN_STAGE91I_LOCK"""	status=PASS_STAGE91I_R1_TRAIN119_POST_TRAINING_VALIDATION_AND_APPLICABILITY_PROTOCOL_FREEZE	CURRENT_STAGE91I_R1_TRAIN119_POST_TRAINING_VALIDATION_AND_APPLICABILITY_PROTOCOL_FREEZE_V001.txt	10	SOURCE_DOCUMENTS_HASHED_NOT_RERUN
logs/v000	logs	${PROJECT_ROOT}/logs/iterations/v000	EXPLORATORY	NO_TERMINAL_RECORD_LOCATED		UNKNOWN	UNKNOWN	UNKNOWN	UNKNOWN	Not established by the available top-level records; not an exhaustive physics/code audit.		NOT_ESTABLISHED	Inventory record, scientific success not inferred from directory name.	No promotion from a PASS marker alone; no gamma-as-error or unsupported deployment/IID claim.	NO_AUTOMATIC_ACTION_FROM_THIS_AUDIT			1	INVENTORY_ONLY_NO_TERMINAL_STATUS
stages/v030r_repair_20260722T213924Z	stages	${PROJECT_ROOT}/stages/v030r_repair_20260722T213924Z	EXPLORATORY	NO_TERMINAL_RECORD_LOCATED		UNKNOWN	UNKNOWN	UNKNOWN	UNKNOWN	Not established by the available top-level records; not an exhaustive physics/code audit.		NOT_ESTABLISHED	Inventory record, scientific success not inferred from directory name.	No promotion from a PASS marker alone; no gamma-as-error or unsupported deployment/IID claim.	NO_AUTOMATIC_ACTION_FROM_THIS_AUDIT			0	INVENTORY_ONLY_NO_TERMINAL_STATUS
stages/v031r_recovery_20260722T224417Z	stages	${PROJECT_ROOT}/stages/v031r_recovery_20260722T224417Z	EXPLORATORY	NO_TERMINAL_RECORD_LOCATED		UNKNOWN	UNKNOWN	UNKNOWN	UNKNOWN	Not established by the available top-level records; not an exhaustive physics/code audit.		NOT_ESTABLISHED	Inventory record, scientific success not inferred from directory name.	No promotion from a PASS marker alone; no gamma-as-error or unsupported deployment/IID claim.	NO_AUTOMATIC_ACTION_FROM_THIS_AUDIT			0	INVENTORY_ONLY_NO_TERMINAL_STATUS
stages/v032d_selection_diagnostic_20260722T234844Z	stages	${PROJECT_ROOT}/stages/v032d_selection_diagnostic_20260722T234844Z	EXPLORATORY	NO_TERMINAL_RECORD_LOCATED		UNKNOWN	UNKNOWN	UNKNOWN	UNKNOWN	Not established by the available top-level records; not an exhaustive physics/code audit.		NOT_ESTABLISHED	Inventory record, scientific success not inferred from directory name.	No promotion from a PASS marker alone; no gamma-as-error or unsupported deployment/IID claim.	NO_AUTOMATIC_ACTION_FROM_THIS_AUDIT			0	INVENTORY_ONLY_NO_TERMINAL_STATUS
stages/v032d_v002_fix_20260722T235558Z	stages	${PROJECT_ROOT}/stages/v032d_v002_fix_20260722T235558Z	EXPLORATORY	NO_TERMINAL_RECORD_LOCATED		UNKNOWN	UNKNOWN	UNKNOWN	UNKNOWN	Not established by the available top-level records; not an exhaustive physics/code audit.		NOT_ESTABLISHED	Inventory record, scientific success not inferred from directory name.	No promotion from a PASS marker alone; no gamma-as-error or unsupported deployment/IID claim.	NO_AUTOMATIC_ACTION_FROM_THIS_AUDIT			0	INVENTORY_ONLY_NO_TERMINAL_STATUS
stages/v032r_recovery_20260722T231217Z	stages	${PROJECT_ROOT}/stages/v032r_recovery_20260722T231217Z	EXPLORATORY	NO_TERMINAL_RECORD_LOCATED		UNKNOWN	UNKNOWN	UNKNOWN	UNKNOWN	Not established by the available top-level records; not an exhaustive physics/code audit.		NOT_ESTABLISHED	Inventory record, scientific success not inferred from directory name.	No promotion from a PASS marker alone; no gamma-as-error or unsupported deployment/IID claim.	NO_AUTOMATIC_ACTION_FROM_THIS_AUDIT			0	INVENTORY_ONLY_NO_TERMINAL_STATUS
AUDIT_20261002/VALIDATION11_GEOMETRY	AUDIT_20261002	${PROJECT_ROOT}/13_completion_20261002	AUTHORITATIVE_WITH_CAVEAT	${PROJECT_ROOT}/13_completion_20261002/00_PREFLIGHT/NEW_VALIDATION11_GEOMETRY_FINDING.json	01f84ddca8b5d7465d891bd85f6899f269e418799bf4b772f711d5495e0e3d36	false	0	0	0	One validation endpoint is rigid-translation-equivalent to Train119 index9; two additional near cases at serialization scale.		Validation11 is not a fully independent holdout.	Exact-to-input-precision endpoint overlap; the other two pairs are near-duplicates, not proven exact.	Do not describe Validation11 as eleven independent held-out geometries; do not change a frozen split silently.	READ_ONLY_INTERPRETATION_REVIEW_BEFORE_AUTOMATIC_PROMPT2_EXECUTION	NEW_GEOMETRIC_LIMITATION_CONFIRMED		1	INDEPENDENT_CFG_GEOMETRY_RECOMPUTATION
12_transition_tube/v091ia_validation11_independence_adjudication_v001	12_transition_tube	${PROJECT_ROOT}/12_transition_tube/versions/v091ia_validation11_independence_adjudication_v001/attempt_20261002T062955Z	AUTHORITATIVE_WITH_CAVEAT	POST_COMPLETION_AUTHORITY		see source				Validation11 contains one exact training geometry overlap and two serialization-scale near-duplicates; membership and A2 unchanged.		Validation11 NOT independent holdout	Frozen Validation11 diagnostic interpretation boundary	11 independent holdout/generalization pass	Stage91J under unchanged lock
12_transition_tube/v091ib_selector_calibration_cardinality_guard_repair_v001	12_transition_tube	${PROJECT_ROOT}/12_transition_tube/versions/v091ib_selector_calibration_cardinality_guard_repair_v001/attempt_20261002T063437Z	AUTHORITATIVE	POST_COMPLETION_AUTHORITY		see source				Removed obsolete hardcoded Train92 calibration cardinality guard only.		N/A	Technical tooling repair; equations unchanged	New scientific result	Stage91J
12_transition_tube/v091j_train119_post_training_validation_and_applicability_execution_v001	12_transition_tube	${PROJECT_ROOT}/12_transition_tube/versions/v091j_train119_post_training_validation_and_applicability_execution_v001/attempt_20261002T063825Z	TECHNICAL_FAIL	POST_COMPLETION_AUTHORITY		see source				Formal Validation11 pair-distance serialization guard nonconformance after four successful scientific processes; saved payload complete.		Validation11 not independent; Replay228 development benchmark	Fresh Train119 selector/stop, Replay228 crossings, saved Validation11 A2 diagnostic	Full Stage91J terminal PASS or independent Validation11 pass	Stage91K review
12_transition_tube/v091k_stage91j_independent_recovery_review_v001	12_transition_tube	${PROJECT_ROOT}/12_transition_tube/versions/v091k_stage91j_independent_recovery_review_v001/attempt_20261002T063936Z	AUTHORITATIVE	POST_COMPLETION_AUTHORITY		see source				Review preserves Stage91J serialization nonconformance.		Review recomputation only, no new scientific calls	Confirms five Replay228 crossings and 11/11 raw A2 pass on saved payload	Tolerance relaxation	Stage91L closure
12_transition_tube/v091l_stage91j_interpretation_closure_v001	12_transition_tube	${PROJECT_ROOT}/12_transition_tube/versions/v091l_stage91j_interpretation_closure_v001/attempt_20261002T064004Z	SCIENTIFIC_FAIL	POST_COMPLETION_AUTHORITY		see source				None beyond preserved serialization caveat; primary outcome is static applicability fail.		Replay228 adaptive development benchmark	Train119 STATIC_APPLICABILITY_FAIL; force-accuracy failure not established	Deployment-ready Train119 or Gate1 pass	No further Train119 science in this workflow
completion/v028_rng_robustness_v001	13_completion_20261002	${PROJECT_ROOT}/13_completion_20261002/03_SCIENCE_COMPLETION/v028_rng_robustness/v002_execution	AUTHORITATIVE_WITH_CAVEAT	POST_COMPLETION_AUTHORITY		see source				Five-seed post-publication robustness audit; small deterministic sample, not original preregistered experiment.		Uses frozen Audit21 with known endpoint overlaps; no new DFT	Original v028 basin-vs-targeted ordering is SEED_SENSITIVE; targeted wins both primary metrics 3/5 pairs	Seed-robust causal superiority of targeted allocation	GitHub correction/documentation
