record_identity	source_path	source_sha256	reading_level	hash_level	saved_output_arithmetic	real_scientific_rerun	limitation
01_environment/v000|${PROJECT_ROOT}/01_environment/v000	NO_TERMINAL_RECORD_LOCATED		INVENTORY_ONLY_NO_TERMINAL_SOURCE	NOT_APPLICABLE_NO_TERMINAL_SOURCE	SEE_SEPARATE_SAVED_OUTPUT_REVIEW	NOT_PERFORMED	No independent physics rerun; early incomplete attempts are not promoted from directory names.
01_environment/v001|${PROJECT_ROOT}/01_environment/v001	NO_TERMINAL_RECORD_LOCATED		INVENTORY_ONLY_NO_TERMINAL_SOURCE	NOT_APPLICABLE_NO_TERMINAL_SOURCE	SEE_SEPARATE_SAVED_OUTPUT_REVIEW	NOT_PERFORMED	No independent physics rerun; early incomplete attempts are not promoted from directory names.
01_environment/v002|${PROJECT_ROOT}/01_environment/v002	NO_TERMINAL_RECORD_LOCATED		INVENTORY_ONLY_NO_TERMINAL_SOURCE	NOT_APPLICABLE_NO_TERMINAL_SOURCE	SEE_SEPARATE_SAVED_OUTPUT_REVIEW	NOT_PERFORMED	No independent physics rerun; early incomplete attempts are not promoted from directory names.
01_environment/v003|${PROJECT_ROOT}/01_environment/v003	NO_TERMINAL_RECORD_LOCATED		INVENTORY_ONLY_NO_TERMINAL_SOURCE	NOT_APPLICABLE_NO_TERMINAL_SOURCE	SEE_SEPARATE_SAVED_OUTPUT_REVIEW	NOT_PERFORMED	No independent physics rerun; early incomplete attempts are not promoted from directory names.
01_environment/v004|${PROJECT_ROOT}/01_environment/v004	NO_TERMINAL_RECORD_LOCATED		INVENTORY_ONLY_NO_TERMINAL_SOURCE	NOT_APPLICABLE_NO_TERMINAL_SOURCE	SEE_SEPARATE_SAVED_OUTPUT_REVIEW	NOT_PERFORMED	No independent physics rerun; early incomplete attempts are not promoted from directory names.
01_environment/v005|${PROJECT_ROOT}/01_environment/v005	NO_TERMINAL_RECORD_LOCATED		INVENTORY_ONLY_NO_TERMINAL_SOURCE	NOT_APPLICABLE_NO_TERMINAL_SOURCE	SEE_SEPARATE_SAVED_OUTPUT_REVIEW	NOT_PERFORMED	No independent physics rerun; early incomplete attempts are not promoted from directory names.
02_dft_convergence/v002|${PROJECT_ROOT}/02_dft_convergence/v002	NO_TERMINAL_RECORD_LOCATED		INVENTORY_ONLY_NO_TERMINAL_SOURCE	NOT_APPLICABLE_NO_TERMINAL_SOURCE	SEE_SEPARATE_SAVED_OUTPUT_REVIEW	NOT_PERFORMED	No independent physics rerun; early incomplete attempts are not promoted from directory names.
02_dft_convergence/v003|${PROJECT_ROOT}/02_dft_convergence/v003	${PROJECT_ROOT}/02_dft_convergence/v003/dft_convergence_summary_v003.json	7d4b329a147236b3600f2bbb83b2d981920fc22ad72c4f6db9f9a56658e17d23	SOURCE_VERDICT_REVIEW_NO_SCIENTIFIC_RERUN	VERIFIED	SEE_SEPARATE_SAVED_OUTPUT_REVIEW	NOT_PERFORMED	No independent physics rerun; early incomplete attempts are not promoted from directory names.
02_dft_convergence/v004_cutoff_extension|${PROJECT_ROOT}/02_dft_convergence/v004_cutoff_extension	NO_TERMINAL_RECORD_LOCATED		INVENTORY_ONLY_NO_TERMINAL_SOURCE	NOT_APPLICABLE_NO_TERMINAL_SOURCE	SEE_SEPARATE_SAVED_OUTPUT_REVIEW	NOT_PERFORMED	No independent physics rerun; early incomplete attempts are not promoted from directory names.
02_dft_convergence/v005|${PROJECT_ROOT}/02_dft_convergence/v005	${PROJECT_ROOT}/02_dft_convergence/v005/dft_convergence_summary_v005.json	2c0019b5109ac12df24937d7f898fcaf74188c716532a8bb2db2f13adc97a8a1	SOURCE_VERDICT_REVIEW_NO_SCIENTIFIC_RERUN	VERIFIED	SEE_SEPARATE_SAVED_OUTPUT_REVIEW	NOT_PERFORMED	No independent physics rerun; early incomplete attempts are not promoted from directory names.
03_endpoints/v000_initial_geometry|${PROJECT_ROOT}/03_endpoints/v000_initial_geometry	NO_TERMINAL_RECORD_LOCATED		INVENTORY_ONLY_NO_TERMINAL_SOURCE	NOT_APPLICABLE_NO_TERMINAL_SOURCE	SEE_SEPARATE_SAVED_OUTPUT_REVIEW	NOT_PERFORMED	No independent physics rerun; early incomplete attempts are not promoted from directory names.
03_endpoints/v001_dft_relaxation|${PROJECT_ROOT}/03_endpoints/v001_dft_relaxation	NO_TERMINAL_RECORD_LOCATED		INVENTORY_ONLY_NO_TERMINAL_SOURCE	NOT_APPLICABLE_NO_TERMINAL_SOURCE	SEE_SEPARATE_SAVED_OUTPUT_REVIEW	NOT_PERFORMED	No independent physics rerun; early incomplete attempts are not promoted from directory names.
03_endpoints/v002_dft_relaxation|${PROJECT_ROOT}/03_endpoints/v002_dft_relaxation	NO_TERMINAL_RECORD_LOCATED		INVENTORY_ONLY_NO_TERMINAL_SOURCE	NOT_APPLICABLE_NO_TERMINAL_SOURCE	SEE_SEPARATE_SAVED_OUTPUT_REVIEW	NOT_PERFORMED	No independent physics rerun; early incomplete attempts are not promoted from directory names.
03_endpoints/v003_dft_relaxation|${PROJECT_ROOT}/03_endpoints/v003_dft_relaxation	${PROJECT_ROOT}/03_endpoints/v003_dft_relaxation/endpoint_relaxation_summary_v003.json	133529adbea5dfdf71201bd218dfea1398c08f49ef2ec8c02b1f19b073a941d0	SOURCE_VERDICT_REVIEW_NO_SCIENTIFIC_RERUN	VERIFIED	SEE_SEPARATE_SAVED_OUTPUT_REVIEW	NOT_PERFORMED	No independent physics rerun; early incomplete attempts are not promoted from directory names.
04_audit/v001_frozen_ci_neb_path|${PROJECT_ROOT}/04_audit/v001_frozen_ci_neb_path	${PROJECT_ROOT}/04_audit/v001_frozen_ci_neb_path/frozen_audit_summary_v001.json	a6c7fb7fc8fd4cbba93eb4c4f7aff16ac61ef103efbc490e1c6d6495928fe82a	SOURCE_VERDICT_REVIEW_NO_SCIENTIFIC_RERUN	VERIFIED	SEE_SEPARATE_SAVED_OUTPUT_REVIEW	NOT_PERFORMED	No independent physics rerun; early incomplete attempts are not promoted from directory names.
04_neb/v001_no_ci_7images|${PROJECT_ROOT}/04_neb/v001_no_ci_7images	${PROJECT_ROOT}/04_neb/v001_no_ci_7images/neb_summary_v001.json	e04ca2a19da2b1a87b1092b99c5184f57b3648a0e0d8d7a02cd6c72580681a61	SOURCE_VERDICT_REVIEW_NO_SCIENTIFIC_RERUN	VERIFIED	SEE_SEPARATE_SAVED_OUTPUT_REVIEW	NOT_PERFORMED	No independent physics rerun; early incomplete attempts are not promoted from directory names.
04_neb/v002_ci_manual_image4_7images|${PROJECT_ROOT}/04_neb/v002_ci_manual_image4_7images	${PROJECT_ROOT}/04_neb/v002_ci_manual_image4_7images/ci_neb_summary_v002.json	fb432142b0553a05a9db674b6e211c23895521ffd194cbea4f6e23b493ce42e5	SOURCE_VERDICT_REVIEW_NO_SCIENTIFIC_RERUN	VERIFIED	SEE_SEPARATE_SAVED_OUTPUT_REVIEW	NOT_PERFORMED	No independent physics rerun; early incomplete attempts are not promoted from directory names.
05_seed_dataset/v000|${PROJECT_ROOT}/05_seed_dataset/versions/v000	NO_TERMINAL_RECORD_LOCATED		INVENTORY_ONLY_NO_TERMINAL_SOURCE	NOT_APPLICABLE_NO_TERMINAL_SOURCE	SEE_SEPARATE_SAVED_OUTPUT_REVIEW	NOT_PERFORMED	No independent physics rerun; early incomplete attempts are not promoted from directory names.
05_seed_dataset/v001_dft_seed_near_basin_and_transition|${PROJECT_ROOT}/05_seed_dataset/versions/v001_dft_seed_near_basin_and_transition	${PROJECT_ROOT}/05_seed_dataset/versions/v001_dft_seed_near_basin_and_transition/seed_dataset_summary_v001.json	a1be8746632c119fb9d88481cfeaad85d3ec3f2f8524397433e9bdc7493b07e9	SOURCE_VERDICT_REVIEW_NO_SCIENTIFIC_RERUN	VERIFIED	SEE_SEPARATE_SAVED_OUTPUT_REVIEW	NOT_PERFORMED	No independent physics rerun; early incomplete attempts are not promoted from directory names.
05_seed_dataset/v002_dft_seed_forcefix_from_v001_outputs|${PROJECT_ROOT}/05_seed_dataset/versions/v002_dft_seed_forcefix_from_v001_outputs	${PROJECT_ROOT}/05_seed_dataset/versions/v002_dft_seed_forcefix_from_v001_outputs/seed_dataset_forcefix_summary_v002.json	3555f210164c61fcf92ebdf9e4496cfa59871015a21afdd9f67cd87269dbc1eb	SOURCE_VERDICT_REVIEW_NO_SCIENTIFIC_RERUN	VERIFIED	SEE_SEPARATE_SAVED_OUTPUT_REVIEW	NOT_PERFORMED	No independent physics rerun; early incomplete attempts are not promoted from directory names.
06_tube_candidates/v000|${PROJECT_ROOT}/06_tube_candidates/iterations/v000	NO_TERMINAL_RECORD_LOCATED		INVENTORY_ONLY_NO_TERMINAL_SOURCE	NOT_APPLICABLE_NO_TERMINAL_SOURCE	SEE_SEPARATE_SAVED_OUTPUT_REVIEW	NOT_PERFORMED	No independent physics rerun; early incomplete attempts are not promoted from directory names.
07_models/v000|${PROJECT_ROOT}/07_models/versions/v000	NO_TERMINAL_RECORD_LOCATED		INVENTORY_ONLY_NO_TERMINAL_SOURCE	NOT_APPLICABLE_NO_TERMINAL_SOURCE	SEE_SEPARATE_SAVED_OUTPUT_REVIEW	NOT_PERFORMED	No independent physics rerun; early incomplete attempts are not promoted from directory names.
07_models/v001_seed_mtp_forcefixed|${PROJECT_ROOT}/07_models/versions/v001_seed_mtp_forcefixed	${PROJECT_ROOT}/07_models/versions/v001_seed_mtp_forcefixed/model_summary_v001.json	5e012b53c86a0b7ad4380a762e234d15cd3feb337bd2b32bd25cb6f3e0df9a89	SOURCE_VERDICT_REVIEW_NO_SCIENTIFIC_RERUN	VERIFIED	SEE_SEPARATE_SAVED_OUTPUT_REVIEW	NOT_PERFORMED	No independent physics rerun; early incomplete attempts are not promoted from directory names.
07_models/v002_seed_template_forceweight_sweep|${PROJECT_ROOT}/07_models/versions/v002_seed_template_forceweight_sweep	${PROJECT_ROOT}/07_models/versions/v002_seed_template_forceweight_sweep/template_forceweight_sweep_summary_v002.json	a798d2dfb98828d1a07451ec0be3441ca5082425ebe1449c6ee714205fdd7485	SOURCE_VERDICT_REVIEW_NO_SCIENTIFIC_RERUN	VERIFIED	SEE_SEPARATE_SAVED_OUTPUT_REVIEW	NOT_PERFORMED	No independent physics rerun; early incomplete attempts are not promoted from directory names.
07_models/v003_selected_mtp_technical_checks|${PROJECT_ROOT}/07_models/versions/v003_selected_mtp_technical_checks	NO_TERMINAL_RECORD_LOCATED		INVENTORY_ONLY_NO_TERMINAL_SOURCE	NOT_APPLICABLE_NO_TERMINAL_SOURCE	SEE_SEPARATE_SAVED_OUTPUT_REVIEW	NOT_PERFORMED	No independent physics rerun; early incomplete attempts are not promoted from directory names.
07_models/v004_selected_mtp_technical_checks|${PROJECT_ROOT}/07_models/versions/v004_selected_mtp_technical_checks	NO_TERMINAL_RECORD_LOCATED		INVENTORY_ONLY_NO_TERMINAL_SOURCE	NOT_APPLICABLE_NO_TERMINAL_SOURCE	SEE_SEPARATE_SAVED_OUTPUT_REVIEW	NOT_PERFORMED	No independent physics rerun; early incomplete attempts are not promoted from directory names.
07_models/v005_mlip2_lammps_interface_preflight|${PROJECT_ROOT}/07_models/versions/v005_mlip2_lammps_interface_preflight/attempt_20260714T000222Z	NO_TERMINAL_RECORD_LOCATED		INVENTORY_ONLY_NO_TERMINAL_SOURCE	NOT_APPLICABLE_NO_TERMINAL_SOURCE	SEE_SEPARATE_SAVED_OUTPUT_REVIEW	NOT_PERFORMED	No independent physics rerun; early incomplete attempts are not promoted from directory names.
07_models/v006_selected_mtp_full_technical_checks|${PROJECT_ROOT}/07_models/versions/v006_selected_mtp_full_technical_checks/attempt_20260714T001035Z	${PROJECT_ROOT}/07_models/versions/v006_selected_mtp_full_technical_checks/attempt_20260714T001035Z/technical_check_summary.json	e1a8e37b62b5a9218f40497392e8e41c08380faa147f0d02da904f09725c968c	SOURCE_VERDICT_REVIEW_NO_SCIENTIFIC_RERUN	VERIFIED	SEE_SEPARATE_SAVED_OUTPUT_REVIEW	NOT_PERFORMED	No independent physics rerun; early incomplete attempts are not promoted from directory names.
07_models/v007_no_update_mindist_retrain_and_checks|${PROJECT_ROOT}/07_models/versions/v007_no_update_mindist_retrain_and_checks/attempt_20260714T002542Z	${PROJECT_ROOT}/07_models/versions/v007_no_update_mindist_retrain_and_checks/attempt_20260714T002542Z/summary.json	aa43d91a6b6f7e1f0edb900d1ee424d33b14270cefddac731f312159beade2cb	SOURCE_VERDICT_REVIEW_NO_SCIENTIFIC_RERUN	VERIFIED	SEE_SEPARATE_SAVED_OUTPUT_REVIEW	NOT_PERFORMED	No independent physics rerun; early incomplete attempts are not promoted from directory names.
07_models/v011_train42_cv_guarded_dynamics|${PROJECT_ROOT}/07_models/versions/v011_train42_cv_guarded_dynamics/attempt_20260714T173125Z	${PROJECT_ROOT}/07_models/versions/v011_train42_cv_guarded_dynamics/attempt_20260714T173125Z/summary_v011.json	7131466ca72c7f0d1d90380ec92fb63eccf03919a440609077c6247d9579e45e	SOURCE_VERDICT_REVIEW_NO_SCIENTIFIC_RERUN	VERIFIED	SEE_SEPARATE_SAVED_OUTPUT_REVIEW	NOT_PERFORMED	No independent physics rerun; early incomplete attempts are not promoted from directory names.
07_models/v012_validation_only_common_velocities|${PROJECT_ROOT}/07_models/versions/v012_validation_only_common_velocities/attempt_20260714T184259Z	${PROJECT_ROOT}/07_models/versions/v012_validation_only_common_velocities/attempt_20260714T184259Z/summary_v012.json	ebf8205c4b015b885e50f56f411c197263d789d5ab6c363645c82a888ad7b223	SOURCE_VERDICT_REVIEW_NO_SCIENTIFIC_RERUN	VERIFIED	SEE_SEPARATE_SAVED_OUTPUT_REVIEW	NOT_PERFORMED	No independent physics rerun; early incomplete attempts are not promoted from directory names.
08_active_learning/v000|${PROJECT_ROOT}/08_active_learning/iterations/v000	NO_TERMINAL_RECORD_LOCATED		INVENTORY_ONLY_NO_TERMINAL_SOURCE	NOT_APPLICABLE_NO_TERMINAL_SOURCE	SEE_SEPARATE_SAVED_OUTPUT_REVIEW	NOT_PERFORMED	No independent physics rerun; early incomplete attempts are not promoted from directory names.
08_active_learning/v008_bootstrap_l14_safe_nve|${PROJECT_ROOT}/08_active_learning/versions/v008_bootstrap_l14_safe_nve/attempt_20260714T005040Z	${PROJECT_ROOT}/08_active_learning/versions/v008_bootstrap_l14_safe_nve/attempt_20260714T005040Z/bootstrap_al_summary_v008.json	b64a8f3b947a71d2e3d47738f68955590b08481b6fa0db267ee5c093e55fdbd3	SOURCE_VERDICT_REVIEW_NO_SCIENTIFIC_RERUN	VERIFIED	SEE_SEPARATE_SAVED_OUTPUT_REVIEW	NOT_PERFORMED	No independent physics rerun; early incomplete attempts are not promoted from directory names.
08_active_learning/v009_remap_selectadd_dftqueue_from_v008|${PROJECT_ROOT}/08_active_learning/versions/v009_remap_selectadd_dftqueue_from_v008/attempt_20260714T012918Z	NO_TERMINAL_RECORD_LOCATED		INVENTORY_ONLY_NO_TERMINAL_SOURCE	NOT_APPLICABLE_NO_TERMINAL_SOURCE	SEE_SEPARATE_SAVED_OUTPUT_REVIEW	NOT_PERFORMED	No independent physics rerun; early incomplete attempts are not promoted from directory names.
08_active_learning/v009_remap_selectadd_dftqueue_from_v008|${PROJECT_ROOT}/08_active_learning/versions/v009_remap_selectadd_dftqueue_from_v008/attempt_20260714T013329Z	${PROJECT_ROOT}/08_active_learning/versions/v009_remap_selectadd_dftqueue_from_v008/attempt_20260714T013329Z/summary_v009.json	766f5a3f43be53ce2986bc7ea5f63174c22a34abef6f5d28f60cbfb5731f8daf	SOURCE_VERDICT_REVIEW_NO_SCIENTIFIC_RERUN	VERIFIED	SEE_SEPARATE_SAVED_OUTPUT_REVIEW	NOT_PERFORMED	No independent physics rerun; early incomplete attempts are not promoted from directory names.
08_active_learning/v010_dft_labels_al_queue_v009|${PROJECT_ROOT}/08_active_learning/versions/v010_dft_labels_al_queue_v009/attempt_20260714T015711Z	${PROJECT_ROOT}/08_active_learning/versions/v010_dft_labels_al_queue_v009/attempt_20260714T015711Z/summary_v010.json	cbeaa82db298774176833462ae1c6b526f4192b6a0bb2eb1140f36610f042749	SOURCE_VERDICT_REVIEW_NO_SCIENTIFIC_RERUN	VERIFIED	SEE_SEPARATE_SAVED_OUTPUT_REVIEW	NOT_PERFORMED	No independent physics rerun; early incomplete attempts are not promoted from directory names.
08_active_learning/v013_second_batch_from_remaining56|${PROJECT_ROOT}/08_active_learning/versions/v013_second_batch_from_remaining56/attempt_20260714T193210Z	${PROJECT_ROOT}/08_active_learning/versions/v013_second_batch_from_remaining56/attempt_20260714T193210Z/summary_v013.json	ebb9846b9fbf26679e9d11f76bdcb44eb664c06fa0f7d9c20c9f5cc9fda02da9	SOURCE_VERDICT_REVIEW_NO_SCIENTIFIC_RERUN	VERIFIED	SEE_SEPARATE_SAVED_OUTPUT_REVIEW	NOT_PERFORMED	No independent physics rerun; early incomplete attempts are not promoted from directory names.
09_strict_comparison/v014_recovery_inventory|${PROJECT_ROOT}/09_strict_comparison/versions/v014_recovery_inventory/attempt_20260714T200427Z	${PROJECT_ROOT}/09_strict_comparison/versions/v014_recovery_inventory/attempt_20260714T200427Z/summary_v014.json	66b716a11fca8901a2d9b7bc83fdcf26f6712938d3b2939d19a762e91d268989	SOURCE_VERDICT_REVIEW_NO_SCIENTIFIC_RERUN	VERIFIED	SEE_SEPARATE_SAVED_OUTPUT_REVIEW	NOT_PERFORMED	No independent physics rerun; early incomplete attempts are not promoted from directory names.
09_strict_comparison/v015_common_seed_candidate_design|${PROJECT_ROOT}/09_strict_comparison/versions/v015_common_seed_candidate_design/attempt_20260714T205434Z	${PROJECT_ROOT}/09_strict_comparison/versions/v015_common_seed_candidate_design/attempt_20260714T205434Z/summary_v015.json	822ca184bd5227bd4efc7d65a5934f23641ec7c62a1764f209514ac635df9915	SOURCE_VERDICT_REVIEW_NO_SCIENTIFIC_RERUN	VERIFIED	SEE_SEPARATE_SAVED_OUTPUT_REVIEW	NOT_PERFORMED	No independent physics rerun; early incomplete attempts are not promoted from directory names.
09_strict_comparison/v016_common_seed_dft_labels|${PROJECT_ROOT}/09_strict_comparison/versions/v016_common_seed_dft_labels/attempt_20260714T212858Z	NO_TERMINAL_RECORD_LOCATED		INVENTORY_ONLY_NO_TERMINAL_SOURCE	NOT_APPLICABLE_NO_TERMINAL_SOURCE	SEE_SEPARATE_SAVED_OUTPUT_REVIEW	NOT_PERFORMED	No independent physics rerun; early incomplete attempts are not promoted from directory names.
09_strict_comparison/v016_common_seed_dft_labels|${PROJECT_ROOT}/09_strict_comparison/versions/v016_common_seed_dft_labels/attempt_20260714T213818Z	NO_TERMINAL_RECORD_LOCATED		INVENTORY_ONLY_NO_TERMINAL_SOURCE	NOT_APPLICABLE_NO_TERMINAL_SOURCE	SEE_SEPARATE_SAVED_OUTPUT_REVIEW	NOT_PERFORMED	No independent physics rerun; early incomplete attempts are not promoted from directory names.
09_strict_comparison/v016_common_seed_dft_labels|${PROJECT_ROOT}/09_strict_comparison/versions/v016_common_seed_dft_labels/attempt_20260715T093212Z	${PROJECT_ROOT}/09_strict_comparison/versions/v016_common_seed_dft_labels/attempt_20260715T093212Z/summary_v016.json	b253edbc24231b7a2ffae0916e3cbe0fc1a1d75c57730617da3aa7223e6a447c	SOURCE_VERDICT_REVIEW_NO_SCIENTIFIC_RERUN	VERIFIED	SEE_SEPARATE_SAVED_OUTPUT_REVIEW	NOT_PERFORMED	No independent physics rerun; early incomplete attempts are not promoted from directory names.
09_strict_comparison/v017_common36_l14_training|${PROJECT_ROOT}/09_strict_comparison/versions/v017_common36_l14_training/attempt_20260716T004845Z	NO_TERMINAL_RECORD_LOCATED		INVENTORY_ONLY_NO_TERMINAL_SOURCE	NOT_APPLICABLE_NO_TERMINAL_SOURCE	SEE_SEPARATE_SAVED_OUTPUT_REVIEW	NOT_PERFORMED	No independent physics rerun; early incomplete attempts are not promoted from directory names.
09_strict_comparison/v017_common36_l14_training|${PROJECT_ROOT}/09_strict_comparison/versions/v017_common36_l14_training/attempt_20260716T010106Z	NO_TERMINAL_RECORD_LOCATED		INVENTORY_ONLY_NO_TERMINAL_SOURCE	NOT_APPLICABLE_NO_TERMINAL_SOURCE	SEE_SEPARATE_SAVED_OUTPUT_REVIEW	NOT_PERFORMED	No independent physics rerun; early incomplete attempts are not promoted from directory names.
09_strict_comparison/v017_common36_l14_training|${PROJECT_ROOT}/09_strict_comparison/versions/v017_common36_l14_training/attempt_20260716T011448Z	${PROJECT_ROOT}/09_strict_comparison/versions/v017_common36_l14_training/attempt_20260716T011448Z/summary_v017.json	c7131d8a1b7ad4d4ac7f4f245d584bdc695e4bb202e32d788a4d26c36ae8d4f7	SOURCE_VERDICT_REVIEW_NO_SCIENTIFIC_RERUN	VERIFIED	SEE_SEPARATE_SAVED_OUTPUT_REVIEW	NOT_PERFORMED	No independent physics rerun; early incomplete attempts are not promoted from directory names.
09_strict_comparison/v018_common36_l12_protocol_recovery|${PROJECT_ROOT}/09_strict_comparison/versions/v018_common36_l12_protocol_recovery/attempt_20260716T092100Z	NO_TERMINAL_RECORD_LOCATED		INVENTORY_ONLY_NO_TERMINAL_SOURCE	NOT_APPLICABLE_NO_TERMINAL_SOURCE	SEE_SEPARATE_SAVED_OUTPUT_REVIEW	NOT_PERFORMED	No independent physics rerun; early incomplete attempts are not promoted from directory names.
09_strict_comparison/v018_common36_l12_protocol_recovery|${PROJECT_ROOT}/09_strict_comparison/versions/v018_common36_l12_protocol_recovery/attempt_20260716T092559Z	${PROJECT_ROOT}/09_strict_comparison/versions/v018_common36_l12_protocol_recovery/attempt_20260716T092559Z/summary_v018.json	1c951631347258fd7de039d3939f251a97f6ea5953c17bd287c0ac560d54642e	SOURCE_VERDICT_REVIEW_NO_SCIENTIFIC_RERUN	VERIFIED	SEE_SEPARATE_SAVED_OUTPUT_REVIEW	NOT_PERFORMED	No independent physics rerun; early incomplete attempts are not promoted from directory names.
09_strict_comparison/v019_independent_audit_design|${PROJECT_ROOT}/09_strict_comparison/versions/v019_independent_audit_design/attempt_20260716T103912Z	${PROJECT_ROOT}/09_strict_comparison/versions/v019_independent_audit_design/attempt_20260716T103912Z/summary_v019.json	fca6ad35b5771a392c4d0b105c077168acb1a6fe77b997b21a10c02da0338241	SOURCE_VERDICT_REVIEW_NO_SCIENTIFIC_RERUN	VERIFIED	SEE_SEPARATE_SAVED_OUTPUT_REVIEW	NOT_PERFORMED	No independent physics rerun; early incomplete attempts are not promoted from directory names.
09_strict_comparison/v020_pre_audit_protocol_lock|${PROJECT_ROOT}/09_strict_comparison/versions/v020_pre_audit_protocol_lock/attempt_20260716T115535Z	${PROJECT_ROOT}/09_strict_comparison/versions/v020_pre_audit_protocol_lock/attempt_20260716T115535Z/summary_v020.json	33b87dd4364f0b7f2d8e5624a9357c937e700ad13c6bc8dc0162fc56d27f7f1d	SOURCE_VERDICT_REVIEW_NO_SCIENTIFIC_RERUN	VERIFIED	SEE_SEPARATE_SAVED_OUTPUT_REVIEW	NOT_PERFORMED	No independent physics rerun; early incomplete attempts are not promoted from directory names.
09_strict_comparison/v021_basin_audit_dft12|${PROJECT_ROOT}/09_strict_comparison/versions/v021_basin_audit_dft12/attempt_20260716T131439Z	${PROJECT_ROOT}/09_strict_comparison/versions/v021_basin_audit_dft12/attempt_20260716T131439Z/summary_v021.json	62421d85daf342eea61a4b6ccb47874a7fdad1b0f717c730672ae0f7e428e2f8	SOURCE_VERDICT_REVIEW_NO_SCIENTIFIC_RERUN	VERIFIED	SEE_SEPARATE_SAVED_OUTPUT_REVIEW	NOT_PERFORMED	No independent physics rerun; early incomplete attempts are not promoted from directory names.
09_strict_comparison/v022_basin_audit_force_restart_recovery|${PROJECT_ROOT}/09_strict_comparison/versions/v022_basin_audit_force_restart_recovery/attempt_20260716T223336Z	NO_TERMINAL_RECORD_LOCATED		INVENTORY_ONLY_NO_TERMINAL_SOURCE	NOT_APPLICABLE_NO_TERMINAL_SOURCE	SEE_SEPARATE_SAVED_OUTPUT_REVIEW	NOT_PERFORMED	No independent physics rerun; early incomplete attempts are not promoted from directory names.
09_strict_comparison/v022_basin_audit_force_restart_recovery|${PROJECT_ROOT}/09_strict_comparison/versions/v022_basin_audit_force_restart_recovery/attempt_20260716T224840Z	${PROJECT_ROOT}/09_strict_comparison/versions/v022_basin_audit_force_restart_recovery/attempt_20260716T224840Z/summary_v022.json	3d62c91a8e01e7bc28131187c4b3855477733870b2831997fbef8e31461ac7e7	SOURCE_VERDICT_REVIEW_NO_SCIENTIFIC_RERUN	VERIFIED	SEE_SEPARATE_SAVED_OUTPUT_REVIEW	NOT_PERFORMED	No independent physics rerun; early incomplete attempts are not promoted from directory names.
09_strict_comparison/v023_basin_audit_force_block_reparse|${PROJECT_ROOT}/09_strict_comparison/versions/v023_basin_audit_force_block_reparse/attempt_20260718T132812Z	${PROJECT_ROOT}/09_strict_comparison/versions/v023_basin_audit_force_block_reparse/attempt_20260718T132812Z/summary_v023.json	10f71fef1618fcbc0f52e227d145c6f25dc5ee3d1ef1cb88ba55000ba9385d5b	SOURCE_VERDICT_REVIEW_NO_SCIENTIFIC_RERUN	VERIFIED	SEE_SEPARATE_SAVED_OUTPUT_REVIEW	NOT_PERFORMED	No independent physics rerun; early incomplete attempts are not promoted from directory names.
09_strict_comparison/v024_independent_neb_dft|${PROJECT_ROOT}/09_strict_comparison/versions/v024_independent_neb_dft/attempt_20260718T135904Z	NO_TERMINAL_RECORD_LOCATED		INVENTORY_ONLY_NO_TERMINAL_SOURCE	NOT_APPLICABLE_NO_TERMINAL_SOURCE	SEE_SEPARATE_SAVED_OUTPUT_REVIEW	NOT_PERFORMED	No independent physics rerun; early incomplete attempts are not promoted from directory names.
09_strict_comparison/v024_independent_neb_dft|${PROJECT_ROOT}/09_strict_comparison/versions/v024_independent_neb_dft/attempt_20260718T174537Z	NO_TERMINAL_RECORD_LOCATED		INVENTORY_ONLY_NO_TERMINAL_SOURCE	NOT_APPLICABLE_NO_TERMINAL_SOURCE	SEE_SEPARATE_SAVED_OUTPUT_REVIEW	NOT_PERFORMED	No independent physics rerun; early incomplete attempts are not promoted from directory names.
09_strict_comparison/v024_independent_neb_dft|${PROJECT_ROOT}/09_strict_comparison/versions/v024_independent_neb_dft/attempt_20260718T184944Z	NO_TERMINAL_RECORD_LOCATED		INVENTORY_ONLY_NO_TERMINAL_SOURCE	NOT_APPLICABLE_NO_TERMINAL_SOURCE	SEE_SEPARATE_SAVED_OUTPUT_REVIEW	NOT_PERFORMED	No independent physics rerun; early incomplete attempts are not promoted from directory names.
09_strict_comparison/v024_independent_neb_dft|${PROJECT_ROOT}/09_strict_comparison/versions/v024_independent_neb_dft/attempt_20260718T190948Z	${PROJECT_ROOT}/09_strict_comparison/versions/v024_independent_neb_dft/attempt_20260718T190948Z/summary_v024.json	5e0ef356864d26b13d7ceee0c80c23cfebec7ce5d6abbeef087a55d623cc4ba1	SOURCE_VERDICT_REVIEW_NO_SCIENTIFIC_RERUN	VERIFIED	SEE_SEPARATE_SAVED_OUTPUT_REVIEW	NOT_PERFORMED	No independent physics rerun; early incomplete attempts are not promoted from directory names.
09_strict_comparison/v024_independent_neb_dft|${PROJECT_ROOT}/09_strict_comparison/versions/v024_independent_neb_dft/attempt_20260718T192335Z	${PROJECT_ROOT}/09_strict_comparison/versions/v024_independent_neb_dft/attempt_20260718T192335Z/summary_v024.json	51e41e90e4956f2fa9bf668068fd446356c37ca964f61015d1c82542c0d9c54b	SOURCE_VERDICT_REVIEW_NO_SCIENTIFIC_RERUN	VERIFIED	SEE_SEPARATE_SAVED_OUTPUT_REVIEW	NOT_PERFORMED	No independent physics rerun; early incomplete attempts are not promoted from directory names.
09_strict_comparison/v025_independent_neb_single_points|${PROJECT_ROOT}/09_strict_comparison/versions/v025_independent_neb_single_points/attempt_20260719T121231Z	${PROJECT_ROOT}/09_strict_comparison/versions/v025_independent_neb_single_points/attempt_20260719T121231Z/summary_v025.json	5c62dd33caf7ae845c8a87a9395c87ba6780d6184523a0a3fbd25276dda78961	SOURCE_VERDICT_REVIEW_NO_SCIENTIFIC_RERUN	VERIFIED	SEE_SEPARATE_SAVED_OUTPUT_REVIEW	NOT_PERFORMED	No independent physics rerun; early incomplete attempts are not promoted from directory names.
09_strict_comparison/v026_fresh_tube_active_selection|${PROJECT_ROOT}/09_strict_comparison/versions/v026_fresh_tube_active_selection/attempt_20260720T141824Z	NO_TERMINAL_RECORD_LOCATED		INVENTORY_ONLY_NO_TERMINAL_SOURCE	NOT_APPLICABLE_NO_TERMINAL_SOURCE	SEE_SEPARATE_SAVED_OUTPUT_REVIEW	NOT_PERFORMED	No independent physics rerun; early incomplete attempts are not promoted from directory names.
09_strict_comparison/v026_fresh_tube_active_selection|${PROJECT_ROOT}/09_strict_comparison/versions/v026_fresh_tube_active_selection/attempt_20260720T142653Z	${PROJECT_ROOT}/09_strict_comparison/versions/v026_fresh_tube_active_selection/attempt_20260720T142653Z/summary_v026.json	dbd5814696499b659d8de7f32dc5d5eaa90a60f2df6a844fec7d45b88bdb386f	SOURCE_VERDICT_REVIEW_NO_SCIENTIFIC_RERUN	VERIFIED	SEE_SEPARATE_SAVED_OUTPUT_REVIEW	NOT_PERFORMED	No independent physics rerun; early incomplete attempts are not promoted from directory names.
09_strict_comparison/v027_equal_budget_dft_labels48|${PROJECT_ROOT}/09_strict_comparison/versions/v027_equal_budget_dft_labels48/attempt_20260720T170323Z	${PROJECT_ROOT}/09_strict_comparison/versions/v027_equal_budget_dft_labels48/attempt_20260720T170323Z/summary_v027.json	925f83f971e9c4d1ee3d9c17d7a1feefab0ec94a645c10139ded32761596fcd1	SOURCE_VERDICT_REVIEW_NO_SCIENTIFIC_RERUN	VERIFIED	SEE_SEPARATE_SAVED_OUTPUT_REVIEW	NOT_PERFORMED	No independent physics rerun; early incomplete attempts are not promoted from directory names.
09_strict_comparison/v028_equal_budget_l12_training|${PROJECT_ROOT}/09_strict_comparison/versions/v028_equal_budget_l12_training/attempt_20260722T183142Z	${PROJECT_ROOT}/09_strict_comparison/versions/v028_equal_budget_l12_training/attempt_20260722T183142Z/summary_v028.json	4208c23e15a7ac469cedc650012a8f92bb40279f7b98c4a2f828240408cbe74e	SOURCE_VERDICT_REVIEW_NO_SCIENTIFIC_RERUN	VERIFIED	SEE_SEPARATE_SAVED_OUTPUT_REVIEW	NOT_PERFORMED	No independent physics rerun; early incomplete attempts are not promoted from directory names.
09_strict_comparison/v029_frozen_audit21_evaluation|${PROJECT_ROOT}/09_strict_comparison/versions/v029_frozen_audit21_evaluation/attempt_20260722T193925Z	${PROJECT_ROOT}/09_strict_comparison/versions/v029_frozen_audit21_evaluation/attempt_20260722T193925Z/summary_v029.json	5b9fddc956a40aed44e468a51fb38243a9ec29d52de22b4fcababb12ee403e29	SOURCE_VERDICT_REVIEW_NO_SCIENTIFIC_RERUN	VERIFIED	SEE_SEPARATE_SAVED_OUTPUT_REVIEW	NOT_PERFORMED	No independent physics rerun; early incomplete attempts are not promoted from directory names.
09_strict_comparison/v030_final_primary_analysis|${PROJECT_ROOT}/09_strict_comparison/versions/v030_final_primary_analysis/attempt_20260722T211121Z	${PROJECT_ROOT}/09_strict_comparison/versions/v030_final_primary_analysis/attempt_20260722T211121Z/summary_v030.json	51a1cca58a4839ec54e66014ac4a52120c0b4ab6632717ed7cd25830122f3630	SOURCE_VERDICT_REVIEW_NO_SCIENTIFIC_RERUN	VERIFIED	SEE_SEPARATE_SAVED_OUTPUT_REVIEW	NOT_PERFORMED	No independent physics rerun; early incomplete attempts are not promoted from directory names.
09_strict_comparison/v030_protocol_metric_recovery|${PROJECT_ROOT}/09_strict_comparison/versions/v030_protocol_metric_recovery/attempt_20260722T214034Z	${PROJECT_ROOT}/09_strict_comparison/versions/v030_protocol_metric_recovery/attempt_20260722T214034Z/summary_v030r.json	5ded6dd4af0ca969aa163479a8a14cba6419dee990454051d1b491843b70b73a	SOURCE_VERDICT_REVIEW_NO_SCIENTIFIC_RERUN	VERIFIED	SEE_SEPARATE_SAVED_OUTPUT_REVIEW	NOT_PERFORMED	No independent physics rerun; early incomplete attempts are not promoted from directory names.
09_strict_comparison/v031_secondary_mtp_neb|${PROJECT_ROOT}/09_strict_comparison/versions/v031_secondary_mtp_neb/attempt_20260722T220236Z	${PROJECT_ROOT}/09_strict_comparison/versions/v031_secondary_mtp_neb/attempt_20260722T220236Z/summary_v031.json	78518646f7ff3f4673940b543e735e5eff1a4882b12b84c1823b2b2489197314	SOURCE_VERDICT_REVIEW_NO_SCIENTIFIC_RERUN	VERIFIED	SEE_SEPARATE_SAVED_OUTPUT_REVIEW	NOT_PERFORMED	No independent physics rerun; early incomplete attempts are not promoted from directory names.
09_strict_comparison/v031_secondary_mtp_neb_interpretation_recovery|${PROJECT_ROOT}/09_strict_comparison/versions/v031_secondary_mtp_neb_interpretation_recovery/attempt_20260722T225318Z	${PROJECT_ROOT}/09_strict_comparison/versions/v031_secondary_mtp_neb_interpretation_recovery/attempt_20260722T225318Z/summary_v031r.json	61af63f4edbcf3c99fd2a231609cbf3b2e42e5861f7b5b1b9f5519c9e021903f	SOURCE_VERDICT_REVIEW_NO_SCIENTIFIC_RERUN	VERIFIED	SEE_SEPARATE_SAVED_OUTPUT_REVIEW	NOT_PERFORMED	No independent physics rerun; early incomplete attempts are not promoted from directory names.
09_strict_comparison/v032_selection_interface_diagnostic|${PROJECT_ROOT}/09_strict_comparison/versions/v032_selection_interface_diagnostic/attempt_20260723T001022Z	${PROJECT_ROOT}/09_strict_comparison/versions/v032_selection_interface_diagnostic/attempt_20260723T001022Z/summary_v032d.json	2ccc270875738b63b382db4ad2b89d63c6d773aa6cc91e25564276da5fee2b66	SOURCE_VERDICT_REVIEW_NO_SCIENTIFIC_RERUN	VERIFIED	SEE_SEPARATE_SAVED_OUTPUT_REVIEW	NOT_PERFORMED	No independent physics rerun; early incomplete attempts are not promoted from directory names.
09_strict_comparison/v032_targeted_md_diagnostics|${PROJECT_ROOT}/09_strict_comparison/versions/v032_targeted_md_diagnostics/attempt_20260722T230306Z	${PROJECT_ROOT}/09_strict_comparison/versions/v032_targeted_md_diagnostics/attempt_20260722T230306Z/summary_v032.json	7873670aae0278713e484eb90efddc8aa03fdd888f5b2689f2e6535d3dde45af	SOURCE_VERDICT_REVIEW_NO_SCIENTIFIC_RERUN	VERIFIED	SEE_SEPARATE_SAVED_OUTPUT_REVIEW	NOT_PERFORMED	No independent physics rerun; early incomplete attempts are not promoted from directory names.
09_strict_comparison/v032_targeted_md_interpretation_recovery|${PROJECT_ROOT}/09_strict_comparison/versions/v032_targeted_md_interpretation_recovery/attempt_20260722T231626Z	${PROJECT_ROOT}/09_strict_comparison/versions/v032_targeted_md_interpretation_recovery/attempt_20260722T231626Z/summary_v032r.json	f1b9d70ed3edcf0ea9ef3290fad657eb06b97cb254b88a2ffe4a1105a3aec2b2	SOURCE_VERDICT_REVIEW_NO_SCIENTIFIC_RERUN	VERIFIED	SEE_SEPARATE_SAVED_OUTPUT_REVIEW	NOT_PERFORMED	No independent physics rerun; early incomplete attempts are not promoted from directory names.
09_strict_comparison/v032e_geometry_provenance_forensic_audit|${PROJECT_ROOT}/09_strict_comparison/versions/v032e_geometry_provenance_forensic_audit/attempt_20260724T121024Z	NO_TERMINAL_RECORD_LOCATED		INVENTORY_ONLY_NO_TERMINAL_SOURCE	NOT_APPLICABLE_NO_TERMINAL_SOURCE	SEE_SEPARATE_SAVED_OUTPUT_REVIEW	NOT_PERFORMED	No independent physics rerun; early incomplete attempts are not promoted from directory names.
09_strict_comparison/v032e_geometry_provenance_forensic_audit|${PROJECT_ROOT}/09_strict_comparison/versions/v032e_geometry_provenance_forensic_audit/attempt_20260724T134944Z	${PROJECT_ROOT}/09_strict_comparison/versions/v032e_geometry_provenance_forensic_audit/attempt_20260724T134944Z/summary_v001.json	8d588f676051377284bcb35833f6a7a3ecd7e4a490f3587502d2fcd9bf7e1f44	SOURCE_VERDICT_REVIEW_NO_SCIENTIFIC_RERUN	VERIFIED	SEE_SEPARATE_SAVED_OUTPUT_REVIEW	NOT_PERFORMED	No independent physics rerun; early incomplete attempts are not promoted from directory names.
09_strict_comparison/v032g_v032d_source_trace_recovery|${PROJECT_ROOT}/09_strict_comparison/versions/v032g_v032d_source_trace_recovery/attempt_20260724T230848Z	${PROJECT_ROOT}/09_strict_comparison/versions/v032g_v032d_source_trace_recovery/attempt_20260724T230848Z/summary_v001.json	a3e08132a96f2b762567b9fa6439f37808d040327c8ba5519252533ad4937f29	SOURCE_VERDICT_REVIEW_NO_SCIENTIFIC_RERUN	VERIFIED	SEE_SEPARATE_SAVED_OUTPUT_REVIEW	NOT_PERFORMED	No independent physics rerun; early incomplete attempts are not promoted from directory names.
09_strict_comparison/v032j_v032d_minimal_closure_source_oracle_replay|${PROJECT_ROOT}/09_strict_comparison/versions/v032j_v032d_minimal_closure_source_oracle_replay/attempt_20260726T143349Z	${PROJECT_ROOT}/09_strict_comparison/versions/v032j_v032d_minimal_closure_source_oracle_replay/attempt_20260726T143349Z/summary_v003.json	3704c6723ce948f83b8ac6fef4a3d118959420ec0836f3a91576527f2bc275dc	SOURCE_VERDICT_REVIEW_NO_SCIENTIFIC_RERUN	VERIFIED	SEE_SEPARATE_SAVED_OUTPUT_REVIEW	NOT_PERFORMED	No independent physics rerun; early incomplete attempts are not promoted from directory names.
09_strict_comparison/v032k_v032d_cfgblock_source_oracle_replay|${PROJECT_ROOT}/09_strict_comparison/versions/v032k_v032d_cfgblock_source_oracle_replay/attempt_20260726T145013Z	${PROJECT_ROOT}/09_strict_comparison/versions/v032k_v032d_cfgblock_source_oracle_replay/attempt_20260726T145013Z/summary_v004.json	ccde540dd58ad26ff7e6483a124c3c562f08353b2691ef1ff965d36319c5a1a0	SOURCE_VERDICT_REVIEW_NO_SCIENTIFIC_RERUN	VERIFIED	SEE_SEPARATE_SAVED_OUTPUT_REVIEW	NOT_PERFORMED	No independent physics rerun; early incomplete attempts are not promoted from directory names.
09_validation/v000|${PROJECT_ROOT}/09_validation/versions/v000	NO_TERMINAL_RECORD_LOCATED		INVENTORY_ONLY_NO_TERMINAL_SOURCE	NOT_APPLICABLE_NO_TERMINAL_SOURCE	SEE_SEPARATE_SAVED_OUTPUT_REVIEW	NOT_PERFORMED	No independent physics rerun; early incomplete attempts are not promoted from directory names.
10_visualization/final_media_bundle_v001|${PROJECT_ROOT}/10_visualization/final_media_bundle_v001/attempt_20260801T175808Z	NO_TERMINAL_RECORD_LOCATED		INVENTORY_ONLY_NO_TERMINAL_SOURCE	NOT_APPLICABLE_NO_TERMINAL_SOURCE	SEE_SEPARATE_SAVED_OUTPUT_REVIEW	NOT_PERFORMED	No independent physics rerun; early incomplete attempts are not promoted from directory names.
10_visualization/v000|${PROJECT_ROOT}/10_visualization/versions/v000	NO_TERMINAL_RECORD_LOCATED		INVENTORY_ONLY_NO_TERMINAL_SOURCE	NOT_APPLICABLE_NO_TERMINAL_SOURCE	SEE_SEPARATE_SAVED_OUTPUT_REVIEW	NOT_PERFORMED	No independent physics rerun; early incomplete attempts are not promoted from directory names.
10_visualization/v001_q1_dataviz|${PROJECT_ROOT}/10_visualization/versions/v001_q1_dataviz/attempt_20260724T102525Z	NO_TERMINAL_RECORD_LOCATED		INVENTORY_ONLY_NO_TERMINAL_SOURCE	NOT_APPLICABLE_NO_TERMINAL_SOURCE	SEE_SEPARATE_SAVED_OUTPUT_REVIEW	NOT_PERFORMED	No independent physics rerun; early incomplete attempts are not promoted from directory names.
10_visualization/v002_q1_dataviz_source_audit_recovery|${PROJECT_ROOT}/10_visualization/versions/v002_q1_dataviz_source_audit_recovery	NO_TERMINAL_RECORD_LOCATED		INVENTORY_ONLY_NO_TERMINAL_SOURCE	NOT_APPLICABLE_NO_TERMINAL_SOURCE	SEE_SEPARATE_SAVED_OUTPUT_REVIEW	NOT_PERFORMED	No independent physics rerun; early incomplete attempts are not promoted from directory names.
10_visualization/v003_q1_dataviz_source_audit_frame_recovery|${PROJECT_ROOT}/10_visualization/versions/v003_q1_dataviz_source_audit_frame_recovery	NO_TERMINAL_RECORD_LOCATED		INVENTORY_ONLY_NO_TERMINAL_SOURCE	NOT_APPLICABLE_NO_TERMINAL_SOURCE	SEE_SEPARATE_SAVED_OUTPUT_REVIEW	NOT_PERFORMED	No independent physics rerun; early incomplete attempts are not promoted from directory names.
10_visualization/v004_q1_dataviz_source_audit_source_oracle_recovery|${PROJECT_ROOT}/10_visualization/versions/v004_q1_dataviz_source_audit_source_oracle_recovery/attempt_20260726T152644Z	NO_TERMINAL_RECORD_LOCATED		INVENTORY_ONLY_NO_TERMINAL_SOURCE	NOT_APPLICABLE_NO_TERMINAL_SOURCE	SEE_SEPARATE_SAVED_OUTPUT_REVIEW	NOT_PERFORMED	No independent physics rerun; early incomplete attempts are not promoted from directory names.
10_visualization/v005_q1_dataviz_source_audit_source_oracle_recovery|${PROJECT_ROOT}/10_visualization/versions/v005_q1_dataviz_source_audit_source_oracle_recovery/attempt_20260727T153023Z	${PROJECT_ROOT}/10_visualization/versions/v005_q1_dataviz_source_audit_source_oracle_recovery/attempt_20260727T153023Z/summary_v005.json	359a7d7df0a76e3190b5fa507bd974984cdb8336dd12bdedaf004cd7a570976f	SOURCE_VERDICT_REVIEW_NO_SCIENTIFIC_RERUN	VERIFIED	SEE_SEPARATE_SAVED_OUTPUT_REVIEW	NOT_PERFORMED	No independent physics rerun; early incomplete attempts are not promoted from directory names.
10_visualization/v006_figure02_primary_frozen_audit|${PROJECT_ROOT}/10_visualization/versions/v006_figure02_primary_frozen_audit/attempt_20260727T165856Z	${PROJECT_ROOT}/10_visualization/versions/v006_figure02_primary_frozen_audit/attempt_20260727T165856Z/summary_v006.json	f72362d074fa5a975d4a9746e57775d5392aae6fb464b577944ee42969d121d4	SOURCE_VERDICT_REVIEW_NO_SCIENTIFIC_RERUN	VERIFIED	SEE_SEPARATE_SAVED_OUTPUT_REVIEW	NOT_PERFORMED	No independent physics rerun; early incomplete attempts are not promoted from directory names.
10_visualization/v007_figure02_primary_frozen_audit_redesign|${PROJECT_ROOT}/10_visualization/versions/v007_figure02_primary_frozen_audit_redesign/attempt_20260727T172821Z	${PROJECT_ROOT}/10_visualization/versions/v007_figure02_primary_frozen_audit_redesign/attempt_20260727T172821Z/summary_v007.json	0e900ad464c0a43242aa1abb517d494a2eea3f12b2e99834a0e40d51d3e2a156	SOURCE_VERDICT_REVIEW_NO_SCIENTIFIC_RERUN	VERIFIED	SEE_SEPARATE_SAVED_OUTPUT_REVIEW	NOT_PERFORMED	No independent physics rerun; early incomplete attempts are not promoted from directory names.
10_visualization/v008_figure02_primary_frozen_audit_polish|${PROJECT_ROOT}/10_visualization/versions/v008_figure02_primary_frozen_audit_polish/attempt_20260727T174721Z	${PROJECT_ROOT}/10_visualization/versions/v008_figure02_primary_frozen_audit_polish/attempt_20260727T174721Z/summary_v008.json	881af654d6b51e5536e0244be795e278abde471eaa0ea995522ff5bcb31dc2fe	SOURCE_VERDICT_REVIEW_NO_SCIENTIFIC_RERUN	VERIFIED	SEE_SEPARATE_SAVED_OUTPUT_REVIEW	NOT_PERFORMED	No independent physics rerun; early incomplete attempts are not promoted from directory names.
10_visualization/v009_figure02_primary_frozen_audit_spacious|${PROJECT_ROOT}/10_visualization/versions/v009_figure02_primary_frozen_audit_spacious/attempt_20260727T175450Z	${PROJECT_ROOT}/10_visualization/versions/v009_figure02_primary_frozen_audit_spacious/attempt_20260727T175450Z/summary_v009.json	f758bf6277dce0d613b3dbb01b68c49b1938ecd402770870400d3c59c2f24d9f	SOURCE_VERDICT_REVIEW_NO_SCIENTIFIC_RERUN	VERIFIED	SEE_SEPARATE_SAVED_OUTPUT_REVIEW	NOT_PERFORMED	No independent physics rerun; early incomplete attempts are not promoted from directory names.
10_visualization/v010_figure03_deployment_applicability|${PROJECT_ROOT}/10_visualization/versions/v010_figure03_deployment_applicability/attempt_20260727T181812Z	${PROJECT_ROOT}/10_visualization/versions/v010_figure03_deployment_applicability/attempt_20260727T181812Z/summary_v010.json	26cba0c8a7dbc68d49ef92adcee3c9b92b5459a4ae8e1f737376f2f368e98c81	SOURCE_VERDICT_REVIEW_NO_SCIENTIFIC_RERUN	VERIFIED	SEE_SEPARATE_SAVED_OUTPUT_REVIEW	NOT_PERFORMED	No independent physics rerun; early incomplete attempts are not promoted from directory names.
10_visualization/v011_figure03_deployment_applicability_minimal|${PROJECT_ROOT}/10_visualization/versions/v011_figure03_deployment_applicability_minimal/attempt_20260727T185025Z	${PROJECT_ROOT}/10_visualization/versions/v011_figure03_deployment_applicability_minimal/attempt_20260727T185025Z/summary_v011.json	0e3936e8e1329dad5efef591f7470305b7e07eb313d93f96ab1808fc28cbf8f1	SOURCE_VERDICT_REVIEW_NO_SCIENTIFIC_RERUN	VERIFIED	SEE_SEPARATE_SAVED_OUTPUT_REVIEW	NOT_PERFORMED	No independent physics rerun; early incomplete attempts are not promoted from directory names.
10_visualization/v012_figure03_deployment_applicability_spacious_palette|${PROJECT_ROOT}/10_visualization/versions/v012_figure03_deployment_applicability_spacious_palette/attempt_20260727T185704Z	${PROJECT_ROOT}/10_visualization/versions/v012_figure03_deployment_applicability_spacious_palette/attempt_20260727T185704Z/summary_v012.json	8b06a53e7178be6532bbe82c2e45923ad6f137005b522d48f38e06c659215e2b	SOURCE_VERDICT_REVIEW_NO_SCIENTIFIC_RERUN	VERIFIED	SEE_SEPARATE_SAVED_OUTPUT_REVIEW	NOT_PERFORMED	No independent physics rerun; early incomplete attempts are not promoted from directory names.
10_visualization/v013_figure03_deployment_applicability_text_clear|${PROJECT_ROOT}/10_visualization/versions/v013_figure03_deployment_applicability_text_clear/attempt_20260727T192803Z	${PROJECT_ROOT}/10_visualization/versions/v013_figure03_deployment_applicability_text_clear/attempt_20260727T192803Z/summary_v013.json	9a090587ce2a3cc265a083ae846fa76fb03e7184429d22240f04e5aee37446ac	SOURCE_VERDICT_REVIEW_NO_SCIENTIFIC_RERUN	VERIFIED	SEE_SEPARATE_SAVED_OUTPUT_REVIEW	NOT_PERFORMED	No independent physics rerun; early incomplete attempts are not promoted from directory names.
10_visualization/v014_figure04_secondary_mtp_neb|${PROJECT_ROOT}/10_visualization/versions/v014_figure04_secondary_mtp_neb/attempt_20260727T195019Z	${PROJECT_ROOT}/10_visualization/versions/v014_figure04_secondary_mtp_neb/attempt_20260727T195019Z/summary_v014.json	5b2104bc4b40e6eaed1c75cd7e31cebe4ef1b523e0769099b2fdcef5376f5ebb	SOURCE_VERDICT_REVIEW_NO_SCIENTIFIC_RERUN	VERIFIED	SEE_SEPARATE_SAVED_OUTPUT_REVIEW	NOT_PERFORMED	No independent physics rerun; early incomplete attempts are not promoted from directory names.
10_visualization/v015_figure01_equal_budget_design|${PROJECT_ROOT}/10_visualization/versions/v015_figure01_equal_budget_design/attempt_20260727T201255Z	${PROJECT_ROOT}/10_visualization/versions/v015_figure01_equal_budget_design/attempt_20260727T201255Z/summary_v015.json	2cca47d87e4b7e1afceb45cfcce4e63961fe4732e9a73dcaa27a0d5faf938613	SOURCE_VERDICT_REVIEW_NO_SCIENTIFIC_RERUN	VERIFIED	SEE_SEPARATE_SAVED_OUTPUT_REVIEW	NOT_PERFORMED	No independent physics rerun; early incomplete attempts are not promoted from directory names.
10_visualization/v017_figure01_equal_budget_design_text_clear|${PROJECT_ROOT}/10_visualization/versions/v017_figure01_equal_budget_design_text_clear/attempt_20260727T215649Z	${PROJECT_ROOT}/10_visualization/versions/v017_figure01_equal_budget_design_text_clear/attempt_20260727T215649Z/summary_v017.json	4bb6cde88094b3d714daef73a14c282390d5ad23107a4d595d75abc9289222b0	SOURCE_VERDICT_REVIEW_NO_SCIENTIFIC_RERUN	VERIFIED	SEE_SEPARATE_SAVED_OUTPUT_REVIEW	NOT_PERFORMED	No independent physics rerun; early incomplete attempts are not promoted from directory names.
10_visualization/v018_figure01_equal_budget_design_spacious|${PROJECT_ROOT}/10_visualization/versions/v018_figure01_equal_budget_design_spacious/attempt_20260727T221009Z	${PROJECT_ROOT}/10_visualization/versions/v018_figure01_equal_budget_design_spacious/attempt_20260727T221009Z/summary_v018.json	7712186384080d691899a9b1b797ed011925a7000a1b1ed14104bcf663842c79	SOURCE_VERDICT_REVIEW_NO_SCIENTIFIC_RERUN	VERIFIED	SEE_SEPARATE_SAVED_OUTPUT_REVIEW	NOT_PERFORMED	No independent physics rerun; early incomplete attempts are not promoted from directory names.
10_visualization/v019_figure01_equal_budget_design_focus_v019|${PROJECT_ROOT}/10_visualization/versions/v019_figure01_equal_budget_design_focus_v019/attempt_20260727T222309Z	${PROJECT_ROOT}/10_visualization/versions/v019_figure01_equal_budget_design_focus_v019/attempt_20260727T222309Z/summary_v019.json	e3e71986f76a1f62f8afa9ddd747b14639786e82bc18d3aa3908d3ce92f49bf6	SOURCE_VERDICT_REVIEW_NO_SCIENTIFIC_RERUN	VERIFIED	SEE_SEPARATE_SAVED_OUTPUT_REVIEW	NOT_PERFORMED	No independent physics rerun; early incomplete attempts are not promoted from directory names.
10_visualization/v020_supplementary_figure_s1_selection_interface_consistency|${PROJECT_ROOT}/10_visualization/versions/v020_supplementary_figure_s1_selection_interface_consistency/attempt_20260727T225317Z	${PROJECT_ROOT}/10_visualization/versions/v020_supplementary_figure_s1_selection_interface_consistency/attempt_20260727T225317Z/summary_v020.json	bc938712f1ff1fe4db8a236644aace7b7fb9b7828972718fd7f3d945b43de528	SOURCE_VERDICT_REVIEW_NO_SCIENTIFIC_RERUN	VERIFIED	SEE_SEPARATE_SAVED_OUTPUT_REVIEW	NOT_PERFORMED	No independent physics rerun; early incomplete attempts are not promoted from directory names.
10_visualization/v021_supplementary_figure_s2_applicability_grades|${PROJECT_ROOT}/10_visualization/versions/v021_supplementary_figure_s2_applicability_grades/attempt_20260727T232923Z	${PROJECT_ROOT}/10_visualization/versions/v021_supplementary_figure_s2_applicability_grades/attempt_20260727T232923Z/summary_v021.json	896cd38159c90aac63a3ffb5b2a516b366efb3a34204103319575c1f7d51b553	SOURCE_VERDICT_REVIEW_NO_SCIENTIFIC_RERUN	VERIFIED	SEE_SEPARATE_SAVED_OUTPUT_REVIEW	NOT_PERFORMED	No independent physics rerun; early incomplete attempts are not promoted from directory names.
10_visualization/v022_supplementary_figure_s2_applicability_grades_spacious|${PROJECT_ROOT}/10_visualization/versions/v022_supplementary_figure_s2_applicability_grades_spacious/attempt_20260727T233544Z	${PROJECT_ROOT}/10_visualization/versions/v022_supplementary_figure_s2_applicability_grades_spacious/attempt_20260727T233544Z/summary_v022.json	2ebd79fc58738ff5d621b831b57a7472d06ad46509582bfc6224e3a526cd960d	SOURCE_VERDICT_REVIEW_NO_SCIENTIFIC_RERUN	VERIFIED	SEE_SEPARATE_SAVED_OUTPUT_REVIEW	NOT_PERFORMED	No independent physics rerun; early incomplete attempts are not promoted from directory names.
10_visualization/v022_supplementary_figure_s2_applicability_grades_spacious|${PROJECT_ROOT}/10_visualization/versions/v022_supplementary_figure_s2_applicability_grades_spacious/attempt_20260728T095149Z	${PROJECT_ROOT}/10_visualization/versions/v022_supplementary_figure_s2_applicability_grades_spacious/attempt_20260728T095149Z/summary_v022.json	19ea3efddc42bd1e74c27c13bf9024d3b2e7eb9379be27bf08b1cbca29b23483	SOURCE_VERDICT_REVIEW_NO_SCIENTIFIC_RERUN	VERIFIED	SEE_SEPARATE_SAVED_OUTPUT_REVIEW	NOT_PERFORMED	No independent physics rerun; early incomplete attempts are not promoted from directory names.
10_visualization/v023_supplementary_table_s1_complete_numerical_audit|${PROJECT_ROOT}/10_visualization/versions/v023_supplementary_table_s1_complete_numerical_audit/attempt_20260728T102752Z	${PROJECT_ROOT}/10_visualization/versions/v023_supplementary_table_s1_complete_numerical_audit/attempt_20260728T102752Z/summary_v023.json	bcd18c51b373769b52ba2ef00379b90f07e39143e23f78229f98ba9401a489cb	SOURCE_VERDICT_REVIEW_NO_SCIENTIFIC_RERUN	VERIFIED	SEE_SEPARATE_SAVED_OUTPUT_REVIEW	NOT_PERFORMED	No independent physics rerun; early incomplete attempts are not promoted from directory names.
10_visualization/v024_video01_frozen_pbe_neb9_reference|${PROJECT_ROOT}/10_visualization/versions/v024_video01_frozen_pbe_neb9_reference/attempt_20260728T105734Z	${PROJECT_ROOT}/10_visualization/versions/v024_video01_frozen_pbe_neb9_reference/attempt_20260728T105734Z/summary_v024.json	a331eba54eeaaa95368303b80eb4234d2aa271c92a5abf396f13675d4f10090d	SOURCE_VERDICT_REVIEW_NO_SCIENTIFIC_RERUN	VERIFIED	SEE_SEPARATE_SAVED_OUTPUT_REVIEW	NOT_PERFORMED	No independent physics rerun; early incomplete attempts are not promoted from directory names.
10_visualization/v025_video01_explanatory_pbe_neb9_reference|${PROJECT_ROOT}/10_visualization/versions/v025_video01_explanatory_pbe_neb9_reference/attempt_20260728T113342Z	${PROJECT_ROOT}/10_visualization/versions/v025_video01_explanatory_pbe_neb9_reference/attempt_20260728T113342Z/summary_v025.json	9d02b78402f1eeaf7229fb4afea1a20c603f480f3857ddee0d461c66f2ac10f4	SOURCE_VERDICT_REVIEW_NO_SCIENTIFIC_RERUN	VERIFIED	SEE_SEPARATE_SAVED_OUTPUT_REVIEW	NOT_PERFORMED	No independent physics rerun; early incomplete attempts are not promoted from directory names.
10_visualization/v026_video01_relaxed_path_storyboard|${PROJECT_ROOT}/10_visualization/versions/v026_video01_relaxed_path_storyboard/attempt_20260728T130952Z	${PROJECT_ROOT}/10_visualization/versions/v026_video01_relaxed_path_storyboard/attempt_20260728T130952Z/summary_v026.json	566c9af1069658ae0922d68982d26c7c072af015243eb74f350ad2938a97e238	SOURCE_VERDICT_REVIEW_NO_SCIENTIFIC_RERUN	VERIFIED	SEE_SEPARATE_SAVED_OUTPUT_REVIEW	NOT_PERFORMED	No independent physics rerun; early incomplete attempts are not promoted from directory names.
10_visualization/v027_video01_relaxed_path_storyboard_polished|${PROJECT_ROOT}/10_visualization/versions/v027_video01_relaxed_path_storyboard_polished/attempt_n265socu	${PROJECT_ROOT}/10_visualization/versions/v027_video01_relaxed_path_storyboard_polished/attempt_n265socu/summary_v027.json	cef932c3e8c9e812d2b1c39a4f970574eadf4ed8636f51c74a4e171987ef3086	SOURCE_VERDICT_REVIEW_NO_SCIENTIFIC_RERUN	VERIFIED	SEE_SEPARATE_SAVED_OUTPUT_REVIEW	NOT_PERFORMED	No independent physics rerun; early incomplete attempts are not promoted from directory names.
10_visualization/v028_video01_relaxed_path_storyboard_checksum_locked|${PROJECT_ROOT}/10_visualization/versions/v028_video01_relaxed_path_storyboard_checksum_locked/attempt_bsi7d4k9	${PROJECT_ROOT}/10_visualization/versions/v028_video01_relaxed_path_storyboard_checksum_locked/attempt_bsi7d4k9/summary_v028.json	59033e47acbc1e40109c02547b5c8393d5bc352850d2c314bc83c9dc76f710a6	SOURCE_VERDICT_REVIEW_NO_SCIENTIFIC_RERUN	VERIFIED	SEE_SEPARATE_SAVED_OUTPUT_REVIEW	NOT_PERFORMED	No independent physics rerun; early incomplete attempts are not promoted from directory names.
10_visualization/v029_video01_relaxed_path_full_video|${PROJECT_ROOT}/10_visualization/versions/v029_video01_relaxed_path_full_video/attempt_s7sdnfqq	${PROJECT_ROOT}/10_visualization/versions/v029_video01_relaxed_path_full_video/attempt_s7sdnfqq/summary_v029.json	58bf6bfbe4f62dda5d85b358304d343a8f3998d3aaed83b42e97d8fe920353c3	SOURCE_VERDICT_REVIEW_NO_SCIENTIFIC_RERUN	VERIFIED	SEE_SEPARATE_SAVED_OUTPUT_REVIEW	NOT_PERFORMED	No independent physics rerun; early incomplete attempts are not promoted from directory names.
10_visualization/v030_video01_relaxed_path_clean_video|${PROJECT_ROOT}/10_visualization/versions/v030_video01_relaxed_path_clean_video/attempt_nd6t2864	${PROJECT_ROOT}/10_visualization/versions/v030_video01_relaxed_path_clean_video/attempt_nd6t2864/summary_v030.json	c797d54ab743905361ca33cb36ebd2d35bfc007fffa2c9712a78d93325f3f5d6	SOURCE_VERDICT_REVIEW_NO_SCIENTIFIC_RERUN	VERIFIED	SEE_SEPARATE_SAVED_OUTPUT_REVIEW	NOT_PERFORMED	No independent physics rerun; early incomplete attempts are not promoted from directory names.
10_visualization/v031_supplementary_video_s1_first_update_rejection|${PROJECT_ROOT}/10_visualization/versions/v031_supplementary_video_s1_first_update_rejection/attempt_bwk0by4k	${PROJECT_ROOT}/10_visualization/versions/v031_supplementary_video_s1_first_update_rejection/attempt_bwk0by4k/summary_v031.json	0973d751b7f04a51e0b8b61480f04959a8b170a0aad8474961144d3146412e11	SOURCE_VERDICT_REVIEW_NO_SCIENTIFIC_RERUN	VERIFIED	SEE_SEPARATE_SAVED_OUTPUT_REVIEW	NOT_PERFORMED	No independent physics rerun; early incomplete attempts are not promoted from directory names.
10_visualization/v032_video02_proton_transfer_pbe_mep|${PROJECT_ROOT}/10_visualization/versions/v032_video02_proton_transfer_pbe_mep/attempt_6mpxoq7n	${PROJECT_ROOT}/10_visualization/versions/v032_video02_proton_transfer_pbe_mep/attempt_6mpxoq7n/summary_v032.json	d733ed5ca647a3f1896ab78872b646d95ea46205d52753ff85ae2273b3864897	SOURCE_VERDICT_REVIEW_NO_SCIENTIFIC_RERUN	VERIFIED	SEE_SEPARATE_SAVED_OUTPUT_REVIEW	NOT_PERFORMED	No independent physics rerun; early incomplete attempts are not promoted from directory names.
10_visualization/v033_video02_proton_transfer_pbe_mep_clean|${PROJECT_ROOT}/10_visualization/versions/v033_video02_proton_transfer_pbe_mep_clean/attempt_vmjlm5dk	${PROJECT_ROOT}/10_visualization/versions/v033_video02_proton_transfer_pbe_mep_clean/attempt_vmjlm5dk/summary_v033.json	4831da3668297789bcbf20077d7bc125bb0bbda23c794d21dfb6b0a80d4af151	SOURCE_VERDICT_REVIEW_NO_SCIENTIFIC_RERUN	VERIFIED	SEE_SEPARATE_SAVED_OUTPUT_REVIEW	NOT_PERFORMED	No independent physics rerun; early incomplete attempts are not promoted from directory names.
10_visualization/v034_video02_proton_transfer_pbe_mep_clean|${PROJECT_ROOT}/10_visualization/versions/v034_video02_proton_transfer_pbe_mep_clean/attempt_zc83dxxl	${PROJECT_ROOT}/10_visualization/versions/v034_video02_proton_transfer_pbe_mep_clean/attempt_zc83dxxl/summary_v034.json	15f70a04e235e7d9bc32e5022307f499222c465474db1517ad02b0784037b524	SOURCE_VERDICT_REVIEW_NO_SCIENTIFIC_RERUN	VERIFIED	SEE_SEPARATE_SAVED_OUTPUT_REVIEW	NOT_PERFORMED	No independent physics rerun; early incomplete attempts are not promoted from directory names.
10_visualization/v035_graphical_abstract|${PROJECT_ROOT}/10_visualization/versions/v035_graphical_abstract/attempt_20260729T134213Z	${PROJECT_ROOT}/10_visualization/versions/v035_graphical_abstract/attempt_20260729T134213Z/summary_v035.json	38a7366ecc74931880a73d540b355ee14deb71784663d2cefc5c259844ff506e	SOURCE_VERDICT_REVIEW_NO_SCIENTIFIC_RERUN	VERIFIED	SEE_SEPARATE_SAVED_OUTPUT_REVIEW	NOT_PERFORMED	No independent physics rerun; early incomplete attempts are not promoted from directory names.
10_visualization/v036_graphical_abstract_simplified|${PROJECT_ROOT}/10_visualization/versions/v036_graphical_abstract_simplified/attempt_20260730T112308Z	NO_TERMINAL_RECORD_LOCATED		INVENTORY_ONLY_NO_TERMINAL_SOURCE	NOT_APPLICABLE_NO_TERMINAL_SOURCE	SEE_SEPARATE_SAVED_OUTPUT_REVIEW	NOT_PERFORMED	No independent physics rerun; early incomplete attempts are not promoted from directory names.
10_visualization/v039_frozen_path_1d_tunneling_audit|${PROJECT_ROOT}/10_visualization/versions/v039_frozen_path_1d_tunneling_audit/attempt_20260730T224427Z	${PROJECT_ROOT}/10_visualization/versions/v039_frozen_path_1d_tunneling_audit/attempt_20260730T224427Z/summary_v039.json	9bfbbbb92676330ce5c5f96ea7db973574519e2c5a235e1eb70b30d8cff640c4	SOURCE_VERDICT_REVIEW_NO_SCIENTIFIC_RERUN	VERIFIED	SEE_SEPARATE_SAVED_OUTPUT_REVIEW	NOT_PERFORMED	No independent physics rerun; early incomplete attempts are not promoted from directory names.
10_visualization/v040_supplementary_figure_s3_quantum_audit_final|${PROJECT_ROOT}/10_visualization/versions/v040_supplementary_figure_s3_quantum_audit_final/attempt_20260730T233602Z	${PROJECT_ROOT}/10_visualization/versions/v040_supplementary_figure_s3_quantum_audit_final/attempt_20260730T233602Z/summary_v040.json	c9d05916e9cad52c4cb50807ea937d9a0ce6d43b346c52e7995ba2f937671966	SOURCE_VERDICT_REVIEW_NO_SCIENTIFIC_RERUN	VERIFIED	SEE_SEPARATE_SAVED_OUTPUT_REVIEW	NOT_PERFORMED	No independent physics rerun; early incomplete attempts are not promoted from directory names.
10_visualization/v041_supplementary_figure_s3_quantum_audit_spacious|${PROJECT_ROOT}/10_visualization/versions/v041_supplementary_figure_s3_quantum_audit_spacious/attempt_20260731T081617Z	${PROJECT_ROOT}/10_visualization/versions/v041_supplementary_figure_s3_quantum_audit_spacious/attempt_20260731T081617Z/summary_v041.json	457c65a3f8c3452075de15cfc883b1a2bcc93dcad6f97803aff6214f9a5d663c	SOURCE_VERDICT_REVIEW_NO_SCIENTIFIC_RERUN	VERIFIED	SEE_SEPARATE_SAVED_OUTPUT_REVIEW	NOT_PERFORMED	No independent physics rerun; early incomplete attempts are not promoted from directory names.
10_visualization/v042_supplementary_figure_s3_quantum_audit_relaxed_top|${PROJECT_ROOT}/10_visualization/versions/v042_supplementary_figure_s3_quantum_audit_relaxed_top/attempt_20260731T082311Z	${PROJECT_ROOT}/10_visualization/versions/v042_supplementary_figure_s3_quantum_audit_relaxed_top/attempt_20260731T082311Z/summary_v042.json	06552c1108f236683873342787b6cbc3b76ce5c96e4492585c19a9d90d87d791	SOURCE_VERDICT_REVIEW_NO_SCIENTIFIC_RERUN	VERIFIED	SEE_SEPARATE_SAVED_OUTPUT_REVIEW	NOT_PERFORMED	No independent physics rerun; early incomplete attempts are not promoted from directory names.
10_visualization/v043_supplementary_figure_s3_quantum_audit_relaxed_labels|${PROJECT_ROOT}/10_visualization/versions/v043_supplementary_figure_s3_quantum_audit_relaxed_labels/attempt_20260731T082752Z	${PROJECT_ROOT}/10_visualization/versions/v043_supplementary_figure_s3_quantum_audit_relaxed_labels/attempt_20260731T082752Z/summary_v043.json	d18df31704440e523fdea269b7920c2dd760523b7da26fb317993c8b45a6a436	SOURCE_VERDICT_REVIEW_NO_SCIENTIFIC_RERUN	VERIFIED	SEE_SEPARATE_SAVED_OUTPUT_REVIEW	NOT_PERFORMED	No independent physics rerun; early incomplete attempts are not promoted from directory names.
10_visualization/v044_supplementary_figure_s3_quantum_audit_relaxed_annotations|${PROJECT_ROOT}/10_visualization/versions/v044_supplementary_figure_s3_quantum_audit_relaxed_annotations/attempt_20260731T083108Z	${PROJECT_ROOT}/10_visualization/versions/v044_supplementary_figure_s3_quantum_audit_relaxed_annotations/attempt_20260731T083108Z/summary_v044.json	ba0ea6c6f630288e3b4f6e3cb2bf67299b8120169044af0243d39c25e6821ab6	SOURCE_VERDICT_REVIEW_NO_SCIENTIFIC_RERUN	VERIFIED	SEE_SEPARATE_SAVED_OUTPUT_REVIEW	NOT_PERFORMED	No independent physics rerun; early incomplete attempts are not promoted from directory names.
11_release/github_public_repo_v001|${PROJECT_ROOT}/11_release/github_public_repo_v001/attempt_20260801T202834Z	${PROJECT_ROOT}/11_release/github_public_repo_v001/attempt_20260801T202834Z/summary_v001.json	543ba29c105e4725612eb62c4045b5dcf9e86cfb6f2ef1148593fd6e73f11a1c	SOURCE_VERDICT_REVIEW_NO_SCIENTIFIC_RERUN	VERIFIED	SEE_SEPARATE_SAVED_OUTPUT_REVIEW	NOT_PERFORMED	No independent physics rerun; early incomplete attempts are not promoted from directory names.
12_transition_tube/v069_freeze_preregistration_source_audit|${PROJECT_ROOT}/12_transition_tube/versions/v069_freeze_preregistration_source_audit/attempt_20260802T234514Z	${PROJECT_ROOT}/12_transition_tube/versions/v069_freeze_preregistration_source_audit/attempt_20260802T234514Z/STAGE69_TEST_REPORT.json	82af50d2c9dc90f6b09c9fa1c2b1fa3017c325be16e99ff6f8ea4a61705d70c0	SOURCE_VERDICT_REVIEW_NO_SCIENTIFIC_RERUN	VERIFIED	SEE_SEPARATE_SAVED_OUTPUT_REVIEW	NOT_PERFORMED	No independent physics rerun; early incomplete attempts are not promoted from directory names.
12_transition_tube/v070_neb9_parameterization_raw_filtered_pool_v003|${PROJECT_ROOT}/12_transition_tube/versions/v070_neb9_parameterization_raw_filtered_pool_v003/attempt_20260803T170120Z	${PROJECT_ROOT}/12_transition_tube/versions/v070_neb9_parameterization_raw_filtered_pool_v003/attempt_20260803T170120Z/STAGE70_CONTRACT.json	e832c4bcaca05a58caf063481d70aed7591ed1ee1e7f6cb7e3ffb0c433afde6c	SOURCE_VERDICT_REVIEW_NO_SCIENTIFIC_RERUN	VERIFIED	SEE_SEPARATE_SAVED_OUTPUT_REVIEW	NOT_PERFORMED	No independent physics rerun; early incomplete attempts are not promoted from directory names.
12_transition_tube/v071_path60_grade_batch01_pbe_tube68_v003|${PROJECT_ROOT}/12_transition_tube/versions/v071_path60_grade_batch01_pbe_tube68_v003/work_20260803T213424Z	NO_TERMINAL_RECORD_LOCATED		INVENTORY_ONLY_NO_TERMINAL_SOURCE	NOT_APPLICABLE_NO_TERMINAL_SOURCE	SEE_SEPARATE_SAVED_OUTPUT_REVIEW	NOT_PERFORMED	No independent physics rerun; early incomplete attempts are not promoted from directory names.
12_transition_tube/v071_path60_grade_batch01_pbe_tube68_v004|${PROJECT_ROOT}/12_transition_tube/versions/v071_path60_grade_batch01_pbe_tube68_v004/work_20260804T123407Z	NO_TERMINAL_RECORD_LOCATED		INVENTORY_ONLY_NO_TERMINAL_SOURCE	NOT_APPLICABLE_NO_TERMINAL_SOURCE	SEE_SEPARATE_SAVED_OUTPUT_REVIEW	NOT_PERFORMED	No independent physics rerun; early incomplete attempts are not promoted from directory names.
12_transition_tube/v071_path60_grade_batch01_pbe_tube68_v005|${PROJECT_ROOT}/12_transition_tube/versions/v071_path60_grade_batch01_pbe_tube68_v005/attempt_20260804T155354Z	${PROJECT_ROOT}/12_transition_tube/versions/v071_path60_grade_batch01_pbe_tube68_v005/attempt_20260804T155354Z/STAGE71_CONTRACT.json	20dcc10db9f2b9c4ec252dfcb4737e611cf08555e47d0bb2aac9de21e21b4d58	SOURCE_VERDICT_REVIEW_NO_SCIENTIFIC_RERUN	VERIFIED	SEE_SEPARATE_SAVED_OUTPUT_REVIEW	NOT_PERFORMED	No independent physics rerun; early incomplete attempts are not promoted from directory names.
12_transition_tube/v071a_static_gate_a_tube68_v001|${PROJECT_ROOT}/12_transition_tube/versions/v071a_static_gate_a_tube68_v001/work_20260804T164432Z	NO_TERMINAL_RECORD_LOCATED		INVENTORY_ONLY_NO_TERMINAL_SOURCE	NOT_APPLICABLE_NO_TERMINAL_SOURCE	SEE_SEPARATE_SAVED_OUTPUT_REVIEW	NOT_PERFORMED	No independent physics rerun; early incomplete attempts are not promoted from directory names.
12_transition_tube/v071a_static_gate_a_tube68_v002|${PROJECT_ROOT}/12_transition_tube/versions/v071a_static_gate_a_tube68_v002/work_20260804T183527Z	NO_TERMINAL_RECORD_LOCATED		INVENTORY_ONLY_NO_TERMINAL_SOURCE	NOT_APPLICABLE_NO_TERMINAL_SOURCE	SEE_SEPARATE_SAVED_OUTPUT_REVIEW	NOT_PERFORMED	No independent physics rerun; early incomplete attempts are not promoted from directory names.
12_transition_tube/v071a_static_gate_a_tube68_v003|${PROJECT_ROOT}/12_transition_tube/versions/v071a_static_gate_a_tube68_v003/work_20260804T192951Z	NO_TERMINAL_RECORD_LOCATED		INVENTORY_ONLY_NO_TERMINAL_SOURCE	NOT_APPLICABLE_NO_TERMINAL_SOURCE	SEE_SEPARATE_SAVED_OUTPUT_REVIEW	NOT_PERFORMED	No independent physics rerun; early incomplete attempts are not promoted from directory names.
12_transition_tube/v071a_static_gate_a_tube68_v003|${PROJECT_ROOT}/12_transition_tube/versions/v071a_static_gate_a_tube68_v003/work_20260804T201822Z	NO_TERMINAL_RECORD_LOCATED		INVENTORY_ONLY_NO_TERMINAL_SOURCE	NOT_APPLICABLE_NO_TERMINAL_SOURCE	SEE_SEPARATE_SAVED_OUTPUT_REVIEW	NOT_PERFORMED	No independent physics rerun; early incomplete attempts are not promoted from directory names.
12_transition_tube/v071a_static_gate_a_tube68_v004|${PROJECT_ROOT}/12_transition_tube/versions/v071a_static_gate_a_tube68_v004/attempt_20260805T182313Z	${PROJECT_ROOT}/12_transition_tube/versions/v071a_static_gate_a_tube68_v004/attempt_20260805T182313Z/BUILD_COMPLETION.json	f6fcf39f153cb58c6beed8c04e3d3f349ed166e47feec01b9070013c7776c12e	SOURCE_VERDICT_REVIEW_NO_SCIENTIFIC_RERUN	VERIFIED	SEE_SEPARATE_SAVED_OUTPUT_REVIEW	NOT_PERFORMED	No independent physics rerun; early incomplete attempts are not promoted from directory names.
12_transition_tube/v071b_post_gate_validity_audit_tube68_v003|${PROJECT_ROOT}/12_transition_tube/versions/v071b_post_gate_validity_audit_tube68_v003/attempt_20260805T230307Z	${PROJECT_ROOT}/12_transition_tube/versions/v071b_post_gate_validity_audit_tube68_v003/attempt_20260805T230307Z/STAGE71B_SCIENTIFIC_CLASSIFICATION.json	1480feebc913f0fb934065f0769542ca510bd50936c68be06d24ead9244a895b	SOURCE_VERDICT_REVIEW_NO_SCIENTIFIC_RERUN	VERIFIED	SEE_SEPARATE_SAVED_OUTPUT_REVIEW	NOT_PERFORMED	No independent physics rerun; early incomplete attempts are not promoted from directory names.
12_transition_tube/v071c_batch01_force_parser_repair_tube68_v001|${PROJECT_ROOT}/12_transition_tube/versions/v071c_batch01_force_parser_repair_tube68_v001/attempt_20260806T140724Z	${PROJECT_ROOT}/12_transition_tube/versions/v071c_batch01_force_parser_repair_tube68_v001/attempt_20260806T140724Z/STAGE71C_SCIENTIFIC_CLASSIFICATION.json	98c5e01859b931ac0d98f2298c29f17138795f892294fd0a73e91923a6144bb8	SOURCE_VERDICT_REVIEW_NO_SCIENTIFIC_RERUN	VERIFIED	SEE_SEPARATE_SAVED_OUTPUT_REVIEW	NOT_PERFORMED	No independent physics rerun; early incomplete attempts are not promoted from directory names.
12_transition_tube/v071d_seeded_random_training_amendment_v002|${PROJECT_ROOT}/12_transition_tube/versions/v071d_seeded_random_training_amendment_v002/work_20260807T132400Z	NO_TERMINAL_RECORD_LOCATED		INVENTORY_ONLY_NO_TERMINAL_SOURCE	NOT_APPLICABLE_NO_TERMINAL_SOURCE	SEE_SEPARATE_SAVED_OUTPUT_REVIEW	NOT_PERFORMED	No independent physics rerun; early incomplete attempts are not promoted from directory names.
12_transition_tube/v071d_seeded_random_training_amendment_v003|${PROJECT_ROOT}/12_transition_tube/versions/v071d_seeded_random_training_amendment_v003/work_20260808T144524Z	NO_TERMINAL_RECORD_LOCATED		INVENTORY_ONLY_NO_TERMINAL_SOURCE	NOT_APPLICABLE_NO_TERMINAL_SOURCE	SEE_SEPARATE_SAVED_OUTPUT_REVIEW	NOT_PERFORMED	No independent physics rerun; early incomplete attempts are not promoted from directory names.
12_transition_tube/v071d_seeded_random_training_amendment_v004|${PROJECT_ROOT}/12_transition_tube/versions/v071d_seeded_random_training_amendment_v004/work_20260808T155418Z	NO_TERMINAL_RECORD_LOCATED		INVENTORY_ONLY_NO_TERMINAL_SOURCE	NOT_APPLICABLE_NO_TERMINAL_SOURCE	SEE_SEPARATE_SAVED_OUTPUT_REVIEW	NOT_PERFORMED	No independent physics rerun; early incomplete attempts are not promoted from directory names.
12_transition_tube/v071d_seeded_random_training_amendment_v007|${PROJECT_ROOT}/12_transition_tube/versions/v071d_seeded_random_training_amendment_v007/work_20260809T130830Z	${PROJECT_ROOT}/12_transition_tube/versions/v071d_seeded_random_training_amendment_v007/work_20260809T130830Z/STAGE71D_SCIENTIFIC_CLASSIFICATION.json	fd135268f6f2add4be5ca10e9e6de530eaef29167d29058222f837fab6b5a681	SOURCE_VERDICT_REVIEW_NO_SCIENTIFIC_RERUN	VERIFIED	SEE_SEPARATE_SAVED_OUTPUT_REVIEW	NOT_PERFORMED	No independent physics rerun; early incomplete attempts are not promoted from directory names.
12_transition_tube/v071d_seeded_random_training_amendment_v010|${PROJECT_ROOT}/12_transition_tube/versions/v071d_seeded_random_training_amendment_v010/attempt_20260809T143200Z	${PROJECT_ROOT}/12_transition_tube/versions/v071d_seeded_random_training_amendment_v010/attempt_20260809T143200Z/STAGE71D_SCIENTIFIC_CLASSIFICATION.json	fd135268f6f2add4be5ca10e9e6de530eaef29167d29058222f837fab6b5a681	SOURCE_VERDICT_REVIEW_NO_SCIENTIFIC_RERUN	VERIFIED	SEE_SEPARATE_SAVED_OUTPUT_REVIEW	NOT_PERFORMED	No independent physics rerun; early incomplete attempts are not promoted from directory names.
12_transition_tube/v072_batch02_pbe_tube76_v001|${PROJECT_ROOT}/12_transition_tube/versions/v072_batch02_pbe_tube76_v001/attempt_20260809T182214Z	${PROJECT_ROOT}/12_transition_tube/versions/v072_batch02_pbe_tube76_v001/attempt_20260809T182214Z/STAGE72_DECISION.json	c60558cd2012930f17150a3087fa5429b538a79d3f7d80c61736b26984beb963	SOURCE_VERDICT_REVIEW_NO_SCIENTIFIC_RERUN	VERIFIED	SEE_SEPARATE_SAVED_OUTPUT_REVIEW	NOT_PERFORMED	No independent physics rerun; early incomplete attempts are not promoted from directory names.
12_transition_tube/v072_batch02_pbe_tube76_v001|${PROJECT_ROOT}/12_transition_tube/versions/v072_batch02_pbe_tube76_v001/work_20260809T152147Z	NO_TERMINAL_RECORD_LOCATED		INVENTORY_ONLY_NO_TERMINAL_SOURCE	NOT_APPLICABLE_NO_TERMINAL_SOURCE	SEE_SEPARATE_SAVED_OUTPUT_REVIEW	NOT_PERFORMED	No independent physics rerun; early incomplete attempts are not promoted from directory names.
12_transition_tube/v072a_l1_audit21_overlap_adjudication_v001|${PROJECT_ROOT}/12_transition_tube/versions/v072a_l1_audit21_overlap_adjudication_v001/attempt_20260809T234139Z	${PROJECT_ROOT}/12_transition_tube/versions/v072a_l1_audit21_overlap_adjudication_v001/attempt_20260809T234139Z/STAGE72A_L1_ADJUDICATION_CONTRACT.json	d9c5a55c7e4879c2d02d7ea1818f19daffbb4fedc9b5d47149d0a684ecd3d7e3	SOURCE_VERDICT_REVIEW_NO_SCIENTIFIC_RERUN	VERIFIED	SEE_SEPARATE_SAVED_OUTPUT_REVIEW	NOT_PERFORMED	No independent physics rerun; early incomplete attempts are not promoted from directory names.
12_transition_tube/v072a_l2_forensic_closure_v002|${PROJECT_ROOT}/12_transition_tube/versions/v072a_l2_forensic_closure_v002/attempt_20260810T002941Z	${PROJECT_ROOT}/12_transition_tube/versions/v072a_l2_forensic_closure_v002/attempt_20260810T002941Z/STAGE72A_L2_FORENSIC_CLOSURE_CONTRACT.json	a8653b37e89b5085278b47232b74c722e3bcb31f551f8197be457ac3918a3198	SOURCE_VERDICT_REVIEW_NO_SCIENTIFIC_RERUN	VERIFIED	SEE_SEPARATE_SAVED_OUTPUT_REVIEW	NOT_PERFORMED	No independent physics rerun; early incomplete attempts are not promoted from directory names.
12_transition_tube/v072a_static_gate_b_tube76_v001|${PROJECT_ROOT}/12_transition_tube/versions/v072a_static_gate_b_tube76_v001/work_20260809T231213Z	${PROJECT_ROOT}/12_transition_tube/versions/v072a_static_gate_b_tube76_v001/work_20260809T231213Z/PHASE_STATE.json	4cebda982d74516bcf87748a524776fc8a07b795d1669ff0f75ca844ce04db36	SOURCE_VERDICT_REVIEW_NO_SCIENTIFIC_RERUN	VERIFIED	SEE_SEPARATE_SAVED_OUTPUT_REVIEW	NOT_PERFORMED	No independent physics rerun; early incomplete attempts are not promoted from directory names.
12_transition_tube/v073_batch03_pbe_tube84_v001|${PROJECT_ROOT}/12_transition_tube/versions/v073_batch03_pbe_tube84_v001/attempt_20260810T140440Z	${PROJECT_ROOT}/12_transition_tube/versions/v073_batch03_pbe_tube84_v001/attempt_20260810T140440Z/STAGE73_DECISION.json	45d1256385acb5467dcfc468d860d9c50f294cea661f896f633a41b2c3a095af	SOURCE_VERDICT_REVIEW_NO_SCIENTIFIC_RERUN	VERIFIED	SEE_SEPARATE_SAVED_OUTPUT_REVIEW	NOT_PERFORMED	No independent physics rerun; early incomplete attempts are not promoted from directory names.
12_transition_tube/v074_static_gate_c_first_update_tube84_v001|${PROJECT_ROOT}/12_transition_tube/versions/v074_static_gate_c_first_update_tube84_v001/attempt_20260905T084542Z	${PROJECT_ROOT}/12_transition_tube/versions/v074_static_gate_c_first_update_tube84_v001/attempt_20260905T084542Z/STAGE74_DECISION.json	55fbb710bb8e0b936a24acca42b99fd60a62372e493d7cc77d265eeb485c0b9b	SOURCE_VERDICT_REVIEW_NO_SCIENTIFIC_RERUN	VERIFIED	SEE_SEPARATE_SAVED_OUTPUT_REVIEW	NOT_PERFORMED	No independent physics rerun; early incomplete attempts are not promoted from directory names.
12_transition_tube/v074b_gate0_repaired_branch_v001|${PROJECT_ROOT}/12_transition_tube/versions/v074b_gate0_repaired_branch_v001/attempt_20260905T133134Z	${PROJECT_ROOT}/12_transition_tube/versions/v074b_gate0_repaired_branch_v001/attempt_20260905T133134Z/STAGE74B_DECISION.json	6de03c09bee36bfd4246d85a7cb874ff058139f718074ac9100bfad02ab34652	SOURCE_VERDICT_REVIEW_NO_SCIENTIFIC_RERUN	VERIFIED	SEE_SEPARATE_SAVED_OUTPUT_REVIEW	NOT_PERFORMED	No independent physics rerun; early incomplete attempts are not promoted from directory names.
12_transition_tube/v075_tube92_rescue_pbe8_train92_v001|${PROJECT_ROOT}/12_transition_tube/versions/v075_tube92_rescue_pbe8_train92_v001/attempt_20260905T163659Z	${PROJECT_ROOT}/12_transition_tube/versions/v075_tube92_rescue_pbe8_train92_v001/attempt_20260905T163659Z/STAGE74F_R2_EXECUTION_RESULT.json	4bf63465d3e17a863f46b612d4ad0b070117df31a57c90b3f6aa2bb232e02a36	SOURCE_VERDICT_REVIEW_NO_SCIENTIFIC_RERUN	VERIFIED	SEE_SEPARATE_SAVED_OUTPUT_REVIEW	NOT_PERFORMED	No independent physics rerun; early incomplete attempts are not promoted from directory names.
12_transition_tube/v075a_tube92_static_preservation_gate0_freeze_v001|${PROJECT_ROOT}/12_transition_tube/versions/v075a_tube92_static_preservation_gate0_freeze_v001/attempt_20260905T211746Z	${PROJECT_ROOT}/12_transition_tube/versions/v075a_tube92_static_preservation_gate0_freeze_v001/attempt_20260905T211746Z/STAGE75A_PROTOCOL_CONTRACT.json	c8b18020cf7782aed02649a9681156842151403c6bed85d46128b4c98a486a18	SOURCE_VERDICT_REVIEW_NO_SCIENTIFIC_RERUN	VERIFIED	SEE_SEPARATE_SAVED_OUTPUT_REVIEW	NOT_PERFORMED	No independent physics rerun; early incomplete attempts are not promoted from directory names.
12_transition_tube/v075b_tube92_static_preservation_gate0_execution_v001|${PROJECT_ROOT}/12_transition_tube/versions/v075b_tube92_static_preservation_gate0_execution_v001/attempt_20260906T003945Z	${PROJECT_ROOT}/12_transition_tube/versions/v075b_tube92_static_preservation_gate0_execution_v001/attempt_20260906T003945Z/STAGE75B_EXECUTION_EXCEPTION.json	ca741486cde3ee91caf2189beaeba707cae6e568e718a94f866d6762df66d015	SOURCE_VERDICT_REVIEW_NO_SCIENTIFIC_RERUN	VERIFIED	SEE_SEPARATE_SAVED_OUTPUT_REVIEW	NOT_PERFORMED	No independent physics rerun; early incomplete attempts are not promoted from directory names.
12_transition_tube/v075b_tube92_static_preservation_gate0_execution_v001r1|${PROJECT_ROOT}/12_transition_tube/versions/v075b_tube92_static_preservation_gate0_execution_v001r1/attempt_20260906T004506Z	${PROJECT_ROOT}/12_transition_tube/versions/v075b_tube92_static_preservation_gate0_execution_v001r1/attempt_20260906T004506Z/STAGE75B_EXECUTION_EXCEPTION.json	ba77329eb7d32f59c17ae536a10fa18380f86f3f474ebd942eb4e26bcce07037	SOURCE_VERDICT_REVIEW_NO_SCIENTIFIC_RERUN	VERIFIED	SEE_SEPARATE_SAVED_OUTPUT_REVIEW	NOT_PERFORMED	No independent physics rerun; early incomplete attempts are not promoted from directory names.
12_transition_tube/v075b_tube92_static_preservation_gate0_execution_v001r2|${PROJECT_ROOT}/12_transition_tube/versions/v075b_tube92_static_preservation_gate0_execution_v001r2/attempt_20260906T005331Z	${PROJECT_ROOT}/12_transition_tube/versions/v075b_tube92_static_preservation_gate0_execution_v001r2/attempt_20260906T005331Z/STAGE75B_TERMINAL_DECISION.json	3b2455116964d230107aab654a17719d42ab736c02c1b1c4e029bc0db778a208	SOURCE_VERDICT_REVIEW_NO_SCIENTIFIC_RERUN	VERIFIED	SEE_SEPARATE_SAVED_OUTPUT_REVIEW	NOT_PERFORMED	No independent physics rerun; early incomplete attempts are not promoted from directory names.
12_transition_tube/v076a_gate1_six_100_step_runs_protocol_freeze_v001|${PROJECT_ROOT}/12_transition_tube/versions/v076a_gate1_six_100_step_runs_protocol_freeze_v001/attempt_20260906T011331Z	${PROJECT_ROOT}/12_transition_tube/versions/v076a_gate1_six_100_step_runs_protocol_freeze_v001/attempt_20260906T011331Z/STAGE76A_GATE1_PROTOCOL_CONTRACT.json	35529f1a07cdbb60d058d6e3b7b55e0051fb6e0cc20722a610e332c8ab72a58f	SOURCE_VERDICT_REVIEW_NO_SCIENTIFIC_RERUN	VERIFIED	SEE_SEPARATE_SAVED_OUTPUT_REVIEW	NOT_PERFORMED	No independent physics rerun; early incomplete attempts are not promoted from directory names.
12_transition_tube/v076b_gate1_six_100_step_runs_execution_v001|${PROJECT_ROOT}/12_transition_tube/versions/v076b_gate1_six_100_step_runs_execution_v001/attempt_20260906T012807Z	${PROJECT_ROOT}/12_transition_tube/versions/v076b_gate1_six_100_step_runs_execution_v001/attempt_20260906T012807Z/STAGE76B_TERMINAL_DECISION.json	b9ba4f9d3c09e646ac052b3fe22805986ce0f82d15a710a7bacfa436d95700da	SOURCE_VERDICT_REVIEW_NO_SCIENTIFIC_RERUN	VERIFIED	SEE_SEPARATE_SAVED_OUTPUT_REVIEW	NOT_PERFORMED	No independent physics rerun; early incomplete attempts are not promoted from directory names.
12_transition_tube/v076b_gate1_six_100_step_runs_execution_v001r1|${PROJECT_ROOT}/12_transition_tube/versions/v076b_gate1_six_100_step_runs_execution_v001r1/attempt_20260907T171136Z	${PROJECT_ROOT}/12_transition_tube/versions/v076b_gate1_six_100_step_runs_execution_v001r1/attempt_20260907T171136Z/STAGE76B_TERMINAL_DECISION.json	b1cfb7da04cba3711cf2f29cc1cb47d8ecbd2be56baf303229e584000ef2c327	SOURCE_VERDICT_REVIEW_NO_SCIENTIFIC_RERUN	VERIFIED	SEE_SEPARATE_SAVED_OUTPUT_REVIEW	NOT_PERFORMED	No independent physics rerun; early incomplete attempts are not promoted from directory names.
12_transition_tube/v076c_transition_tube_terminal_branch_closure_v001|${PROJECT_ROOT}/12_transition_tube/versions/v076c_transition_tube_terminal_branch_closure_v001/attempt_20260907T173340Z	${PROJECT_ROOT}/12_transition_tube/versions/v076c_transition_tube_terminal_branch_closure_v001/attempt_20260907T173340Z/STAGE76C_TERMINAL_BRANCH_CLOSURE.json	df1479a5c6cff58c575c6988e7bd009b45a53d5f0c3beb52fa6859ff2a0dbc39	SOURCE_VERDICT_REVIEW_NO_SCIENTIFIC_RERUN	VERIFIED	SEE_SEPARATE_SAVED_OUTPUT_REVIEW	NOT_PERFORMED	No independent physics rerun; early incomplete attempts are not promoted from directory names.
12_transition_tube/v076d_gate1_failure_postmortem_protocol_freeze_v001|${PROJECT_ROOT}/12_transition_tube/versions/v076d_gate1_failure_postmortem_protocol_freeze_v001/attempt_20260907T174818Z	${PROJECT_ROOT}/12_transition_tube/versions/v076d_gate1_failure_postmortem_protocol_freeze_v001/attempt_20260907T174818Z/STAGE76D_FREEZE_REPORT.json	69d96b0136827ecdabdd26b499850eb3b55938a02d66bd0ab21b6e92330faea5	SOURCE_VERDICT_REVIEW_NO_SCIENTIFIC_RERUN	VERIFIED	SEE_SEPARATE_SAVED_OUTPUT_REVIEW	NOT_PERFORMED	No independent physics rerun; early incomplete attempts are not promoted from directory names.
12_transition_tube/v076e_gate1_failure_postmortem_execution_v001|${PROJECT_ROOT}/12_transition_tube/versions/v076e_gate1_failure_postmortem_execution_v001/attempt_20260907T180456Z	${PROJECT_ROOT}/12_transition_tube/versions/v076e_gate1_failure_postmortem_execution_v001/attempt_20260907T180456Z/STAGE76E_TERMINAL_DECISION.json	35bba87c29f3993389db24d247ea2918b228857c1f6706f59cd015379a8099fb	SOURCE_VERDICT_REVIEW_NO_SCIENTIFIC_RERUN	VERIFIED	SEE_SEPARATE_SAVED_OUTPUT_REVIEW	NOT_PERFORMED	No independent physics rerun; early incomplete attempts are not promoted from directory names.
12_transition_tube/v077a_geometry_applicability_map_protocol_freeze_v001r1|${PROJECT_ROOT}/12_transition_tube/versions/v077a_geometry_applicability_map_protocol_freeze_v001r1/attempt_20260907T185855Z	${PROJECT_ROOT}/12_transition_tube/versions/v077a_geometry_applicability_map_protocol_freeze_v001r1/attempt_20260907T185855Z/STAGE77A_FREEZE_REPORT.json	8903c7f31a12f0dfd2f92ed1c4a27829d56f2d8186fea77ecda8fedef5652f05	SOURCE_VERDICT_REVIEW_NO_SCIENTIFIC_RERUN	VERIFIED	SEE_SEPARATE_SAVED_OUTPUT_REVIEW	NOT_PERFORMED	No independent physics rerun; early incomplete attempts are not promoted from directory names.
12_transition_tube/v077b_existing_pool_geometry_applicability_execution_v001|${PROJECT_ROOT}/12_transition_tube/versions/v077b_existing_pool_geometry_applicability_execution_v001/attempt_20260907T192431Z	${PROJECT_ROOT}/12_transition_tube/versions/v077b_existing_pool_geometry_applicability_execution_v001/attempt_20260907T192431Z/STAGE77B_TERMINAL_DECISION.json	30094cfea30cd63344edd488449b9d1d1ce6e7ca9671c20f0326e4341bb8f359	SOURCE_VERDICT_REVIEW_NO_SCIENTIFIC_RERUN	VERIFIED	SEE_SEPARATE_SAVED_OUTPUT_REVIEW	NOT_PERFORMED	No independent physics rerun; early incomplete attempts are not promoted from directory names.
12_transition_tube/v077c_existing_pool_result_interpretation_closure_v001|${PROJECT_ROOT}/12_transition_tube/versions/v077c_existing_pool_result_interpretation_closure_v001/attempt_20260907T193613Z	${PROJECT_ROOT}/12_transition_tube/versions/v077c_existing_pool_result_interpretation_closure_v001/attempt_20260907T193613Z/STAGE77C_INTERPRETATION.json	76afab0b347e73ba5ecb04fd8318b28ff3f95a6ca2560ef4f778fc29b78ab22a	SOURCE_VERDICT_REVIEW_NO_SCIENTIFIC_RERUN	VERIFIED	SEE_SEPARATE_SAVED_OUTPUT_REVIEW	NOT_PERFORMED	No independent physics rerun; early incomplete attempts are not promoted from directory names.
12_transition_tube/v077d_matched_distance_gate1_outlier_test_protocol_freeze_v001|${PROJECT_ROOT}/12_transition_tube/versions/v077d_matched_distance_gate1_outlier_test_protocol_freeze_v001/attempt_20260907T202308Z	${PROJECT_ROOT}/12_transition_tube/versions/v077d_matched_distance_gate1_outlier_test_protocol_freeze_v001/attempt_20260907T202308Z/STAGE77D_FREEZE_REPORT.json	59a218b4bf487429e227bbb54c377b6425d02f8342afa130b190716bae22b21e	SOURCE_VERDICT_REVIEW_NO_SCIENTIFIC_RERUN	VERIFIED	SEE_SEPARATE_SAVED_OUTPUT_REVIEW	NOT_PERFORMED	No independent physics rerun; early incomplete attempts are not promoted from directory names.
12_transition_tube/v077e_matched_distance_gate1_outlier_test_execution_v001r1|${PROJECT_ROOT}/12_transition_tube/versions/v077e_matched_distance_gate1_outlier_test_execution_v001r1/attempt_20260907T203400Z	${PROJECT_ROOT}/12_transition_tube/versions/v077e_matched_distance_gate1_outlier_test_execution_v001r1/attempt_20260907T203400Z/STAGE77E_TERMINAL_DECISION.json	cce6ec10760c99a538ccc102d1a4a26fe3486fb0e14c7d953890c8114b44a0d2	SOURCE_VERDICT_REVIEW_NO_SCIENTIFIC_RERUN	VERIFIED	SEE_SEPARATE_SAVED_OUTPUT_REVIEW	NOT_PERFORMED	No independent physics rerun; early incomplete attempts are not promoted from directory names.
12_transition_tube/v078a_submicro_directional_coverage_protocol_freeze_v001|${PROJECT_ROOT}/12_transition_tube/versions/v078a_submicro_directional_coverage_protocol_freeze_v001/attempt_20260907T204209Z	${PROJECT_ROOT}/12_transition_tube/versions/v078a_submicro_directional_coverage_protocol_freeze_v001/attempt_20260907T204209Z/STAGE78A_FREEZE_REPORT.json	d794a3044dd728ad344c13ef7597a3c4402231419abc31380f10f780622213c1	SOURCE_VERDICT_REVIEW_NO_SCIENTIFIC_RERUN	VERIFIED	SEE_SEPARATE_SAVED_OUTPUT_REVIEW	NOT_PERFORMED	No independent physics rerun; early incomplete attempts are not promoted from directory names.
12_transition_tube/v078b_read_only_submicro_directional_coverage_execution_v001r1|${PROJECT_ROOT}/12_transition_tube/versions/v078b_read_only_submicro_directional_coverage_execution_v001r1/attempt_20260907T205432Z	${PROJECT_ROOT}/12_transition_tube/versions/v078b_read_only_submicro_directional_coverage_execution_v001r1/attempt_20260907T205432Z/STAGE78B_TERMINAL_DECISION.json	ad2042e780b32430cbd95399e2b32e26acb6d48f3226b442a915efa92679fa23	SOURCE_VERDICT_REVIEW_NO_SCIENTIFIC_RERUN	VERIFIED	SEE_SEPARATE_SAVED_OUTPUT_REVIEW	NOT_PERFORMED	No independent physics rerun; early incomplete attempts are not promoted from directory names.
12_transition_tube/v079a_mtp_active_set_radial_response_protocol_freeze_v001|${PROJECT_ROOT}/12_transition_tube/versions/v079a_mtp_active_set_radial_response_protocol_freeze_v001/attempt_20260907T211422Z	${PROJECT_ROOT}/12_transition_tube/versions/v079a_mtp_active_set_radial_response_protocol_freeze_v001/attempt_20260907T211422Z/STAGE79A_FREEZE_REPORT.json	3306c53185a7f22421e05e115c5d3e09ed1499bdfc9ed89f03716914805504ac	SOURCE_VERDICT_REVIEW_NO_SCIENTIFIC_RERUN	VERIFIED	SEE_SEPARATE_SAVED_OUTPUT_REVIEW	NOT_PERFORMED	No independent physics rerun; early incomplete attempts are not promoted from directory names.
12_transition_tube/v079b_mtp_active_set_radial_response_execution_v001|${PROJECT_ROOT}/12_transition_tube/versions/v079b_mtp_active_set_radial_response_execution_v001/attempt_20260907T212639Z	NO_TERMINAL_RECORD_LOCATED		INVENTORY_ONLY_NO_TERMINAL_SOURCE	NOT_APPLICABLE_NO_TERMINAL_SOURCE	SEE_SEPARATE_SAVED_OUTPUT_REVIEW	NOT_PERFORMED	No independent physics rerun; early incomplete attempts are not promoted from directory names.
12_transition_tube/v079b_mtp_active_set_radial_response_execution_v001r1|${PROJECT_ROOT}/12_transition_tube/versions/v079b_mtp_active_set_radial_response_execution_v001r1/attempt_20260907T213217Z	${PROJECT_ROOT}/12_transition_tube/versions/v079b_mtp_active_set_radial_response_execution_v001r1/attempt_20260907T213217Z/STAGE79B_TERMINAL_DECISION.json	7b35094df805d064af814c19a3bf30f10febad60b17a5407fb094d9629129935	SOURCE_VERDICT_REVIEW_NO_SCIENTIFIC_RERUN	VERIFIED	SEE_SEPARATE_SAVED_OUTPUT_REVIEW	NOT_PERFORMED	No independent physics rerun; early incomplete attempts are not promoted from directory names.
12_transition_tube/v079c_radial_response_interpretation_closure_v001|${PROJECT_ROOT}/12_transition_tube/versions/v079c_radial_response_interpretation_closure_v001/attempt_20260907T215614Z	${PROJECT_ROOT}/12_transition_tube/versions/v079c_radial_response_interpretation_closure_v001/attempt_20260907T215614Z/STAGE79C_TERMINAL_DECISION.json	ee946ffa0ee1adff19dd25f911145614aa2d20725649193eb511cb0ec17c1bbb	SOURCE_VERDICT_REVIEW_NO_SCIENTIFIC_RERUN	VERIFIED	SEE_SEPARATE_SAVED_OUTPUT_REVIEW	NOT_PERFORMED	No independent physics rerun; early incomplete attempts are not promoted from directory names.
12_transition_tube/v080a1_mtp_active_set_coefficient_audit_identity_amendment_v001|${PROJECT_ROOT}/12_transition_tube/versions/v080a1_mtp_active_set_coefficient_audit_identity_amendment_v001/attempt_20260907T222602Z	${PROJECT_ROOT}/12_transition_tube/versions/v080a1_mtp_active_set_coefficient_audit_identity_amendment_v001/attempt_20260907T222602Z/STAGE80A1_TERMINAL_DECISION.json	f78f32cae33396a326442b65c59e57e332bbfe81817b113b0c455fb9eaf358ff	SOURCE_VERDICT_REVIEW_NO_SCIENTIFIC_RERUN	VERIFIED	SEE_SEPARATE_SAVED_OUTPUT_REVIEW	NOT_PERFORMED	No independent physics rerun; early incomplete attempts are not promoted from directory names.
12_transition_tube/v080a_mtp_active_set_coefficient_audit_protocol_freeze_v001|${PROJECT_ROOT}/12_transition_tube/versions/v080a_mtp_active_set_coefficient_audit_protocol_freeze_v001/attempt_20260907T221610Z	${PROJECT_ROOT}/12_transition_tube/versions/v080a_mtp_active_set_coefficient_audit_protocol_freeze_v001/attempt_20260907T221610Z/STAGE80A_TERMINAL_DECISION.json	f6d79d25a7e38a4d020b216422821673afc1f15721d428d56e714c6862a7dfa0	SOURCE_VERDICT_REVIEW_NO_SCIENTIFIC_RERUN	VERIFIED	SEE_SEPARATE_SAVED_OUTPUT_REVIEW	NOT_PERFORMED	No independent physics rerun; early incomplete attempts are not promoted from directory names.
12_transition_tube/v080b_diagnostically_instrumented_active_set_coefficient_execution_v001|${PROJECT_ROOT}/12_transition_tube/versions/v080b_diagnostically_instrumented_active_set_coefficient_execution_v001/attempt_20260907T224615Z	${PROJECT_ROOT}/12_transition_tube/versions/v080b_diagnostically_instrumented_active_set_coefficient_execution_v001/attempt_20260907T224615Z/STAGE80B_TERMINAL_DECISION.json	f1667f3960b3024c8c07b9e865a39632795cc5ec5123d136cfe7ae039118fc64	SOURCE_VERDICT_REVIEW_NO_SCIENTIFIC_RERUN	VERIFIED	SEE_SEPARATE_SAVED_OUTPUT_REVIEW	NOT_PERFORMED	No independent physics rerun; early incomplete attempts are not promoted from directory names.
12_transition_tube/v080b_diagnostically_instrumented_active_set_coefficient_execution_v001r1|${PROJECT_ROOT}/12_transition_tube/versions/v080b_diagnostically_instrumented_active_set_coefficient_execution_v001r1/attempt_20260907T225623Z	${PROJECT_ROOT}/12_transition_tube/versions/v080b_diagnostically_instrumented_active_set_coefficient_execution_v001r1/attempt_20260907T225623Z/STAGE80B_TERMINAL_DECISION.json	cef3f6cab362380381ced974b20db898f01f2a3bb3f4a060a903f4b5f87fddd7	SOURCE_VERDICT_REVIEW_NO_SCIENTIFIC_RERUN	VERIFIED	SEE_SEPARATE_SAVED_OUTPUT_REVIEW	NOT_PERFORMED	No independent physics rerun; early incomplete attempts are not promoted from directory names.
12_transition_tube/v080c_fixed_active_set_facet_switch_interpretation_closure_v001|${PROJECT_ROOT}/12_transition_tube/versions/v080c_fixed_active_set_facet_switch_interpretation_closure_v001/attempt_20260907T230501Z	${PROJECT_ROOT}/12_transition_tube/versions/v080c_fixed_active_set_facet_switch_interpretation_closure_v001/attempt_20260907T230501Z/STAGE80C_TERMINAL_DECISION.json	7ff07ab410a86e3da02fd9f37b5b1880b27a1b58c777f2e3a32081e4b06911d5	SOURCE_VERDICT_REVIEW_NO_SCIENTIFIC_RERUN	VERIFIED	SEE_SEPARATE_SAVED_OUTPUT_REVIEW	NOT_PERFORMED	No independent physics rerun; early incomplete attempts are not promoted from directory names.
12_transition_tube/v081a_active_set_winner_provenance_mapping_protocol_freeze_v001|${PROJECT_ROOT}/12_transition_tube/versions/v081a_active_set_winner_provenance_mapping_protocol_freeze_v001/attempt_20260907T231201Z	${PROJECT_ROOT}/12_transition_tube/versions/v081a_active_set_winner_provenance_mapping_protocol_freeze_v001/attempt_20260907T231201Z/STAGE81A_TERMINAL_DECISION.json	ef65dcc3342f7a9022662b4e13cc9412f96917205c1478847a1cdb4272865ce0	SOURCE_VERDICT_REVIEW_NO_SCIENTIFIC_RERUN	VERIFIED	SEE_SEPARATE_SAVED_OUTPUT_REVIEW	NOT_PERFORMED	No independent physics rerun; early incomplete attempts are not promoted from directory names.
12_transition_tube/v081b_active_set_winner_provenance_mapping_execution_v001|${PROJECT_ROOT}/12_transition_tube/versions/v081b_active_set_winner_provenance_mapping_execution_v001/attempt_20260908T002502Z	${PROJECT_ROOT}/12_transition_tube/versions/v081b_active_set_winner_provenance_mapping_execution_v001/attempt_20260908T002502Z/STAGE81B_TERMINAL_DECISION.json	fbeea521ec5cab30992ecb658b36e43ae3ac230c61b651766af6f5fc96b14797	SOURCE_VERDICT_REVIEW_NO_SCIENTIFIC_RERUN	VERIFIED	SEE_SEPARATE_SAVED_OUTPUT_REVIEW	NOT_PERFORMED	No independent physics rerun; early incomplete attempts are not promoted from directory names.
12_transition_tube/v081c_active_set_provenance_occupancy_interpretation_closure_v001|${PROJECT_ROOT}/12_transition_tube/versions/v081c_active_set_provenance_occupancy_interpretation_closure_v001/attempt_20260908T003250Z	${PROJECT_ROOT}/12_transition_tube/versions/v081c_active_set_provenance_occupancy_interpretation_closure_v001/attempt_20260908T003250Z/STAGE81C_TERMINAL_DECISION.json	b09900eee19f418e09ac56babec1b4fe47e9d6f95b0916e0c87fa86e8e63bc17	SOURCE_VERDICT_REVIEW_NO_SCIENTIFIC_RERUN	VERIFIED	SEE_SEPARATE_SAVED_OUTPUT_REVIEW	NOT_PERFORMED	No independent physics rerun; early incomplete attempts are not promoted from directory names.
12_transition_tube/v082a_identity_facet_basis_coordinate_audit_protocol_freeze_v001|${PROJECT_ROOT}/12_transition_tube/versions/v082a_identity_facet_basis_coordinate_audit_protocol_freeze_v001/attempt_20260908T004213Z	${PROJECT_ROOT}/12_transition_tube/versions/v082a_identity_facet_basis_coordinate_audit_protocol_freeze_v001/attempt_20260908T004213Z/STAGE82A_TERMINAL_DECISION.json	3dfb36bd222945484806c1a81e425e09dd50e8dc6c59311d472af98ae221d3d6	SOURCE_VERDICT_REVIEW_NO_SCIENTIFIC_RERUN	VERIFIED	SEE_SEPARATE_SAVED_OUTPUT_REVIEW	NOT_PERFORMED	No independent physics rerun; early incomplete attempts are not promoted from directory names.
12_transition_tube/v082b_identity_facet_parameter_direction_execution_v001r1|${PROJECT_ROOT}/12_transition_tube/versions/v082b_identity_facet_parameter_direction_execution_v001r1/attempt_20260908T005709Z	${PROJECT_ROOT}/12_transition_tube/versions/v082b_identity_facet_parameter_direction_execution_v001r1/attempt_20260908T005709Z/STAGE82B_TERMINAL_DECISION.json	28681179522cf88aa79d063c8f4df7237447b5c7643606542d444f6f6867d8c3	SOURCE_VERDICT_REVIEW_NO_SCIENTIFIC_RERUN	VERIFIED	SEE_SEPARATE_SAVED_OUTPUT_REVIEW	NOT_PERFORMED	No independent physics rerun; early incomplete attempts are not promoted from directory names.
12_transition_tube/v082c_identity_facet_dominance_interpretation_closure_v001|${PROJECT_ROOT}/12_transition_tube/versions/v082c_identity_facet_dominance_interpretation_closure_v001/attempt_20260908T010250Z	${PROJECT_ROOT}/12_transition_tube/versions/v082c_identity_facet_dominance_interpretation_closure_v001/attempt_20260908T010250Z/STAGE82C_TERMINAL_DECISION.json	a8bf38304609f29e384d57f1c04bfd4a4e815e92539421edc79168a4524edb7c	SOURCE_VERDICT_REVIEW_NO_SCIENTIFIC_RERUN	VERIFIED	SEE_SEPARATE_SAVED_OUTPUT_REVIEW	NOT_PERFORMED	No independent physics rerun; early incomplete attempts are not promoted from directory names.
12_transition_tube/v083a_active_matrix_column43_reconstruction_protocol_freeze_v001r1|${PROJECT_ROOT}/12_transition_tube/versions/v083a_active_matrix_column43_reconstruction_protocol_freeze_v001r1/attempt_20260908T130147Z	${PROJECT_ROOT}/12_transition_tube/versions/v083a_active_matrix_column43_reconstruction_protocol_freeze_v001r1/attempt_20260908T130147Z/STAGE83A_TERMINAL_DECISION.json	7be9712741c9404186235c5d8270cf4be9f1f413e8224e81bc1e834b558b8c48	SOURCE_VERDICT_REVIEW_NO_SCIENTIFIC_RERUN	VERIFIED	SEE_SEPARATE_SAVED_OUTPUT_REVIEW	NOT_PERFORMED	No independent physics rerun; early incomplete attempts are not promoted from directory names.
12_transition_tube/v083b_active_matrix_column43_reconstruction_execution_v001|${PROJECT_ROOT}/12_transition_tube/versions/v083b_active_matrix_column43_reconstruction_execution_v001/attempt_20260908T132549Z	${PROJECT_ROOT}/12_transition_tube/versions/v083b_active_matrix_column43_reconstruction_execution_v001/attempt_20260908T132549Z/STAGE83B_TERMINAL_DECISION.json	cccae1553c462e5da87bb00a572e0a27ed32953e0fa1de35093aef9401134426	SOURCE_VERDICT_REVIEW_NO_SCIENTIFIC_RERUN	VERIFIED	SEE_SEPARATE_SAVED_OUTPUT_REVIEW	NOT_PERFORMED	No independent physics rerun; early incomplete attempts are not promoted from directory names.
12_transition_tube/v083c_column43_cancellation_interpretation_closure_v001|${PROJECT_ROOT}/12_transition_tube/versions/v083c_column43_cancellation_interpretation_closure_v001/attempt_20260908T133916Z	${PROJECT_ROOT}/12_transition_tube/versions/v083c_column43_cancellation_interpretation_closure_v001/attempt_20260908T133916Z/STAGE83C_TERMINAL_DECISION.json	bf6ddd44fb3e9542b94a2622161fe09e5dda9ff9b01f17cb96ba2d14b74f8461	SOURCE_VERDICT_REVIEW_NO_SCIENTIFIC_RERUN	VERIFIED	SEE_SEPARATE_SAVED_OUTPUT_REVIEW	NOT_PERFORMED	No independent physics rerun; early incomplete attempts are not promoted from directory names.
12_transition_tube/v084a_inverse_active_matrix_column43_amplification_protocol_freeze_v001|${PROJECT_ROOT}/12_transition_tube/versions/v084a_inverse_active_matrix_column43_amplification_protocol_freeze_v001/attempt_20260908T135744Z	${PROJECT_ROOT}/12_transition_tube/versions/v084a_inverse_active_matrix_column43_amplification_protocol_freeze_v001/attempt_20260908T135744Z/STAGE84A_TERMINAL_DECISION.json	2a6cf71bd4966eff61e5088a175a64380e12e50fc2cb22cc27415f4982265147	SOURCE_VERDICT_REVIEW_NO_SCIENTIFIC_RERUN	VERIFIED	SEE_SEPARATE_SAVED_OUTPUT_REVIEW	NOT_PERFORMED	No independent physics rerun; early incomplete attempts are not promoted from directory names.
12_transition_tube/v084b_inverse_active_matrix_column43_amplification_execution_v001|${PROJECT_ROOT}/12_transition_tube/versions/v084b_inverse_active_matrix_column43_amplification_execution_v001/attempt_20260908T140708Z	${PROJECT_ROOT}/12_transition_tube/versions/v084b_inverse_active_matrix_column43_amplification_execution_v001/attempt_20260908T140708Z/STAGE84B_TERMINAL_DECISION.json	9040bf99bad2457c43e80d882953a055251b765c1b222e506d58b37bf14c30b9	SOURCE_VERDICT_REVIEW_NO_SCIENTIFIC_RERUN	VERIFIED	SEE_SEPARATE_SAVED_OUTPUT_REVIEW	NOT_PERFORMED	No independent physics rerun; early incomplete attempts are not promoted from directory names.
12_transition_tube/v084c_inverse_column43_interpretation_closure_v001|${PROJECT_ROOT}/12_transition_tube/versions/v084c_inverse_column43_interpretation_closure_v001/attempt_20260908T141714Z	${PROJECT_ROOT}/12_transition_tube/versions/v084c_inverse_column43_interpretation_closure_v001/attempt_20260908T141714Z/STAGE84C_TERMINAL_DECISION.json	1eef2337801cdd35f67ed73bc60c883102b2087b5bbe1be6072fd979d2e91cdd	SOURCE_VERDICT_REVIEW_NO_SCIENTIFIC_RERUN	VERIFIED	SEE_SEPARATE_SAVED_OUTPUT_REVIEW	NOT_PERFORMED	No independent physics rerun; early incomplete attempts are not promoted from directory names.
12_transition_tube/v085a1_selector_basis_query_decomposition_amendment_v001|${PROJECT_ROOT}/12_transition_tube/versions/v085a1_selector_basis_query_decomposition_amendment_v001/attempt_20260909T140301Z	${PROJECT_ROOT}/12_transition_tube/versions/v085a1_selector_basis_query_decomposition_amendment_v001/attempt_20260909T140301Z/STAGE85A1_TERMINAL_DECISION.json	380d50c2150af175e9503643e518f4f8a829165ac9ca16f09cbd6956e2b73b0c	SOURCE_VERDICT_REVIEW_NO_SCIENTIFIC_RERUN	VERIFIED	SEE_SEPARATE_SAVED_OUTPUT_REVIEW	NOT_PERFORMED	No independent physics rerun; early incomplete attempts are not promoted from directory names.
12_transition_tube/v085a_selector_equation_adequacy_protocol_freeze_v001|${PROJECT_ROOT}/12_transition_tube/versions/v085a_selector_equation_adequacy_protocol_freeze_v001/attempt_20260908T143319Z	${PROJECT_ROOT}/12_transition_tube/versions/v085a_selector_equation_adequacy_protocol_freeze_v001/attempt_20260908T143319Z/STAGE85A_TERMINAL_DECISION.json	4f5f3144315eed96d024aa40f201c8f39ad411040b97ad827558eecae6fa98ea	SOURCE_VERDICT_REVIEW_NO_SCIENTIFIC_RERUN	VERIFIED	SEE_SEPARATE_SAVED_OUTPUT_REVIEW	NOT_PERFORMED	No independent physics rerun; early incomplete attempts are not promoted from directory names.
12_transition_tube/v085b1_energy_row_implementation_repair_protocol_freeze_v001|${PROJECT_ROOT}/12_transition_tube/versions/v085b1_energy_row_implementation_repair_protocol_freeze_v001/attempt_20260909T212111Z	${PROJECT_ROOT}/12_transition_tube/versions/v085b1_energy_row_implementation_repair_protocol_freeze_v001/attempt_20260909T212111Z/STAGE85B_R1_TERMINAL_DECISION.json	e9bc3392c0998b9eaed5a3695bd25324b2035f68d6b0c1cc99768155a546f5ce	SOURCE_VERDICT_REVIEW_NO_SCIENTIFIC_RERUN	VERIFIED	SEE_SEPARATE_SAVED_OUTPUT_REVIEW	NOT_PERFORMED	No independent physics rerun; early incomplete attempts are not promoted from directory names.
12_transition_tube/v085b2_selector_equation_adequacy_execution_corrected_energy_row_v001|${PROJECT_ROOT}/12_transition_tube/versions/v085b2_selector_equation_adequacy_execution_corrected_energy_row_v001/attempt_20260909T214444Z	${PROJECT_ROOT}/12_transition_tube/versions/v085b2_selector_equation_adequacy_execution_corrected_energy_row_v001/attempt_20260909T214444Z/STAGE85B_R1_TERMINAL_DECISION.json	0c138b26d4ee86e994900b2c9ba5b697a1d428f63ac2926a8c84638c14745d6d	SOURCE_VERDICT_REVIEW_NO_SCIENTIFIC_RERUN	VERIFIED	SEE_SEPARATE_SAVED_OUTPUT_REVIEW	NOT_PERFORMED	No independent physics rerun; early incomplete attempts are not promoted from directory names.
12_transition_tube/v085b_selector_equation_adequacy_execution_v001|${PROJECT_ROOT}/12_transition_tube/versions/v085b_selector_equation_adequacy_execution_v001/attempt_20260909T163948Z	${PROJECT_ROOT}/12_transition_tube/versions/v085b_selector_equation_adequacy_execution_v001/attempt_20260909T163948Z/STAGE85B_TERMINAL_DECISION.json	d26ca0f39c817621407de948ff7bb0ef53b70ba15a8a67c51d514d25837b94b5	SOURCE_VERDICT_REVIEW_NO_SCIENTIFIC_RERUN	VERIFIED	SEE_SEPARATE_SAVED_OUTPUT_REVIEW	NOT_PERFORMED	No independent physics rerun; early incomplete attempts are not promoted from directory names.
12_transition_tube/v086a_gate1_pbe5_force_error_adjudication_protocol_freeze_v001|${PROJECT_ROOT}/12_transition_tube/versions/v086a_gate1_pbe5_force_error_adjudication_protocol_freeze_v001/attempt_20260909T223740Z	${PROJECT_ROOT}/12_transition_tube/versions/v086a_gate1_pbe5_force_error_adjudication_protocol_freeze_v001/attempt_20260909T223740Z/STAGE86A_TERMINAL_DECISION.json	4905ea7c52ada1e7786f1c36e6c12b5e9ab366909fe56749a6bb094e8c19d9fc	SOURCE_VERDICT_REVIEW_NO_SCIENTIFIC_RERUN	VERIFIED	SEE_SEPARATE_SAVED_OUTPUT_REVIEW	NOT_PERFORMED	No independent physics rerun; early incomplete attempts are not promoted from directory names.
12_transition_tube/v086b1_gate1_pbe5_force_error_adjudication_execution_parser_loader_repair_v001|${PROJECT_ROOT}/12_transition_tube/versions/v086b1_gate1_pbe5_force_error_adjudication_execution_parser_loader_repair_v001/attempt_20260909T224812Z	${PROJECT_ROOT}/12_transition_tube/versions/v086b1_gate1_pbe5_force_error_adjudication_execution_parser_loader_repair_v001/attempt_20260909T224812Z/UNEXPECTED_IMPLEMENTATION_STOP.json	2a65292bafc85422a45ef6237ba9c0287f3d980cffabc0dd35623f2149bbdbb5	SOURCE_VERDICT_REVIEW_NO_SCIENTIFIC_RERUN	VERIFIED	SEE_SEPARATE_SAVED_OUTPUT_REVIEW	NOT_PERFORMED	No independent physics rerun; early incomplete attempts are not promoted from directory names.
12_transition_tube/v086b2_gate1_pbe5_force_error_adjudication_execution_qe_input_audit_repair_v001|${PROJECT_ROOT}/12_transition_tube/versions/v086b2_gate1_pbe5_force_error_adjudication_execution_qe_input_audit_repair_v001/attempt_20260909T225326Z	${PROJECT_ROOT}/12_transition_tube/versions/v086b2_gate1_pbe5_force_error_adjudication_execution_qe_input_audit_repair_v001/attempt_20260909T225326Z/TECHNICAL_STOP.json	2e716e4c99b1ef11f5fba99c5a37616ac627a09410788083e965132a164e10cf	SOURCE_VERDICT_REVIEW_NO_SCIENTIFIC_RERUN	VERIFIED	SEE_SEPARATE_SAVED_OUTPUT_REVIEW	NOT_PERFORMED	No independent physics rerun; early incomplete attempts are not promoted from directory names.
12_transition_tube/v086b3_gate1_pbe5_force_error_adjudication_execution_namelist_path_repair_v001|${PROJECT_ROOT}/12_transition_tube/versions/v086b3_gate1_pbe5_force_error_adjudication_execution_namelist_path_repair_v001/attempt_20260910T000457Z	${PROJECT_ROOT}/12_transition_tube/versions/v086b3_gate1_pbe5_force_error_adjudication_execution_namelist_path_repair_v001/attempt_20260910T000457Z/TECHNICAL_STOP.json	8becbd5de0169461e5bd3bea29da2e44671e7d796155a5042a1cb677630682c5	SOURCE_VERDICT_REVIEW_NO_SCIENTIFIC_RERUN	VERIFIED	SEE_SEPARATE_SAVED_OUTPUT_REVIEW	NOT_PERFORMED	No independent physics rerun; early incomplete attempts are not promoted from directory names.
12_transition_tube/v086b4_gate1_pbe5_force_error_adjudication_execution_xml_crosscheck_wrapper_repair_v001|${PROJECT_ROOT}/12_transition_tube/versions/v086b4_gate1_pbe5_force_error_adjudication_execution_xml_crosscheck_wrapper_repair_v001/attempt_20260910T004339Z	${PROJECT_ROOT}/12_transition_tube/versions/v086b4_gate1_pbe5_force_error_adjudication_execution_xml_crosscheck_wrapper_repair_v001/attempt_20260910T004339Z/UNEXPECTED_IMPLEMENTATION_STOP.json	bcaa7b9f40fc1a2648e42bb45b2d35f000cfb42c58a967c1d183e86456b3352f	SOURCE_VERDICT_REVIEW_NO_SCIENTIFIC_RERUN	VERIFIED	SEE_SEPARATE_SAVED_OUTPUT_REVIEW	NOT_PERFORMED	No independent physics rerun; early incomplete attempts are not promoted from directory names.
12_transition_tube/v086b5_gate1_pbe5_force_error_adjudication_execution_recovery_directory_collision_repair_v001|${PROJECT_ROOT}/12_transition_tube/versions/v086b5_gate1_pbe5_force_error_adjudication_execution_recovery_directory_collision_repair_v001/attempt_20260910T005059Z	${PROJECT_ROOT}/12_transition_tube/versions/v086b5_gate1_pbe5_force_error_adjudication_execution_recovery_directory_collision_repair_v001/attempt_20260910T005059Z/STAGE86B_TERMINAL_DECISION.json	b33367e5ff2a4c5e6fa2b77c27eb057a6d3bdf3792db21ba169336d5ab066995	SOURCE_VERDICT_REVIEW_NO_SCIENTIFIC_RERUN	VERIFIED	SEE_SEPARATE_SAVED_OUTPUT_REVIEW	NOT_PERFORMED	No independent physics rerun; early incomplete attempts are not promoted from directory names.
12_transition_tube/v086c_gate1_pbe5_interpretation_closure_v001|${PROJECT_ROOT}/12_transition_tube/versions/v086c_gate1_pbe5_interpretation_closure_v001/attempt_20260910T062442Z	${PROJECT_ROOT}/12_transition_tube/versions/v086c_gate1_pbe5_interpretation_closure_v001/attempt_20260910T062442Z/STAGE86C_TERMINAL_DECISION.json	05244e713e19ac3edaa73107d38f8bc64037d8220d63fe05f413a525e7724e0c	SOURCE_VERDICT_REVIEW_NO_SCIENTIFIC_RERUN	VERIFIED	SEE_SEPARATE_SAVED_OUTPUT_REVIEW	NOT_PERFORMED	No independent physics rerun; early incomplete attempts are not promoted from directory names.
12_transition_tube/v087a_revised_force_aware_deployment_applicability_gate_protocol_freeze_v001|${PROJECT_ROOT}/12_transition_tube/versions/v087a_revised_force_aware_deployment_applicability_gate_protocol_freeze_v001/attempt_20260910T135211Z	${PROJECT_ROOT}/12_transition_tube/versions/v087a_revised_force_aware_deployment_applicability_gate_protocol_freeze_v001/attempt_20260910T135211Z/STAGE87A_TERMINAL_DECISION.json	b4e53985cfe16a2e7392170fad29539eba0d03009978550b99ec25ce20efb761	SOURCE_VERDICT_REVIEW_NO_SCIENTIFIC_RERUN	VERIFIED	SEE_SEPARATE_SAVED_OUTPUT_REVIEW	NOT_PERFORMED	No independent physics rerun; early incomplete attempts are not promoted from directory names.
12_transition_tube/v087b_revised_force_aware_gate_static_replay_validation_v001|${PROJECT_ROOT}/12_transition_tube/versions/v087b_revised_force_aware_gate_static_replay_validation_v001/attempt_20260910T141544Z	${PROJECT_ROOT}/12_transition_tube/versions/v087b_revised_force_aware_gate_static_replay_validation_v001/attempt_20260910T141544Z/STAGE87B_TERMINAL_DECISION.json	6e74806dfb625423ed465da2399b0a7f310fd8c49d324cc03be722403e40016d	SOURCE_VERDICT_REVIEW_NO_SCIENTIFIC_RERUN	VERIFIED	SEE_SEPARATE_SAVED_OUTPUT_REVIEW	NOT_PERFORMED	No independent physics rerun; early incomplete attempts are not promoted from directory names.
12_transition_tube/v087c_gate1_rerun_under_revised_force_aware_gate_protocol_freeze_v001|${PROJECT_ROOT}/12_transition_tube/versions/v087c_gate1_rerun_under_revised_force_aware_gate_protocol_freeze_v001/attempt_20260910T143810Z	${PROJECT_ROOT}/12_transition_tube/versions/v087c_gate1_rerun_under_revised_force_aware_gate_protocol_freeze_v001/attempt_20260910T143810Z/STAGE87C_TERMINAL_DECISION.json	5835772c686430eb85cec08138a7b4b593ff3143a4120fb022604d6ea574d5d1	SOURCE_VERDICT_REVIEW_NO_SCIENTIFIC_RERUN	VERIFIED	SEE_SEPARATE_SAVED_OUTPUT_REVIEW	NOT_PERFORMED	No independent physics rerun; early incomplete attempts are not promoted from directory names.
12_transition_tube/v087d_gate1_rerun_execution_under_revised_force_aware_gate_v001|${PROJECT_ROOT}/12_transition_tube/versions/v087d_gate1_rerun_execution_under_revised_force_aware_gate_v001/attempt_20260910T145648Z	${PROJECT_ROOT}/12_transition_tube/versions/v087d_gate1_rerun_execution_under_revised_force_aware_gate_v001/attempt_20260910T145648Z/STAGE87D_TERMINAL_DECISION.json	83ff0a20226f4d0481415bd2821a51306c939243353cf878ec2896101f204c89	SOURCE_VERDICT_REVIEW_NO_SCIENTIFIC_RERUN	VERIFIED	SEE_SEPARATE_SAVED_OUTPUT_REVIEW	NOT_PERFORMED	No independent physics rerun; early incomplete attempts are not promoted from directory names.
12_transition_tube/v087e_t300_left_crossing_pbe5_adjudication_protocol_freeze_v001|${PROJECT_ROOT}/12_transition_tube/versions/v087e_t300_left_crossing_pbe5_adjudication_protocol_freeze_v001/attempt_20260910T153409Z	${PROJECT_ROOT}/12_transition_tube/versions/v087e_t300_left_crossing_pbe5_adjudication_protocol_freeze_v001/attempt_20260910T153409Z/STAGE87E_TERMINAL_DECISION.json	79abdea5b21529aaf6a8392a5982155d40ebc4f66eb483c24a3119e1f727504b	SOURCE_VERDICT_REVIEW_NO_SCIENTIFIC_RERUN	VERIFIED	SEE_SEPARATE_SAVED_OUTPUT_REVIEW	NOT_PERFORMED	No independent physics rerun; early incomplete attempts are not promoted from directory names.
12_transition_tube/v087f1_t300_left_crossing_pbe5_adjudication_execution_integer_key_repair_v001|${PROJECT_ROOT}/12_transition_tube/versions/v087f1_t300_left_crossing_pbe5_adjudication_execution_integer_key_repair_v001/attempt_20260910T155315Z	${PROJECT_ROOT}/12_transition_tube/versions/v087f1_t300_left_crossing_pbe5_adjudication_execution_integer_key_repair_v001/attempt_20260910T155315Z/STAGE87F_TERMINAL_DECISION.json	1b9342933de109464c4b6a86ce823b622f4a51739bba0e396173b86bd854b55f	SOURCE_VERDICT_REVIEW_NO_SCIENTIFIC_RERUN	VERIFIED	SEE_SEPARATE_SAVED_OUTPUT_REVIEW	NOT_PERFORMED	No independent physics rerun; early incomplete attempts are not promoted from directory names.
12_transition_tube/v087g_stage87f_crossing_pbe5_interpretation_closure_v001|${PROJECT_ROOT}/12_transition_tube/versions/v087g_stage87f_crossing_pbe5_interpretation_closure_v001/attempt_20260910T193313Z	${PROJECT_ROOT}/12_transition_tube/versions/v087g_stage87f_crossing_pbe5_interpretation_closure_v001/attempt_20260910T193313Z/STAGE87G_TERMINAL_DECISION.json	54d982dd4360f22b5566d8d4f6927bba20f86285a8444bb30a1122c4d9911ecc	SOURCE_VERDICT_REVIEW_NO_SCIENTIFIC_RERUN	VERIFIED	SEE_SEPARATE_SAVED_OUTPUT_REVIEW	NOT_PERFORMED	No independent physics rerun; early incomplete attempts are not promoted from directory names.
12_transition_tube/v088a_force_aware_gamma_pbe_error_calibration_protocol_freeze_v001|${PROJECT_ROOT}/12_transition_tube/versions/v088a_force_aware_gamma_pbe_error_calibration_protocol_freeze_v001/attempt_20260910T194751Z	${PROJECT_ROOT}/12_transition_tube/versions/v088a_force_aware_gamma_pbe_error_calibration_protocol_freeze_v001/attempt_20260910T194751Z/STAGE88A_TERMINAL_DECISION.json	64df96a02c623425be10f0386a1913b5ee00361e3c5692f01bda447278a63d04	SOURCE_VERDICT_REVIEW_NO_SCIENTIFIC_RERUN	VERIFIED	SEE_SEPARATE_SAVED_OUTPUT_REVIEW	NOT_PERFORMED	No independent physics rerun; early incomplete attempts are not promoted from directory names.
12_transition_tube/v088b1_force_aware_gamma_pbe_error_calibration_execution_parent_manifest_repair_v001|${PROJECT_ROOT}/12_transition_tube/versions/v088b1_force_aware_gamma_pbe_error_calibration_execution_parent_manifest_repair_v001/attempt_20260910T202642Z	${PROJECT_ROOT}/12_transition_tube/versions/v088b1_force_aware_gamma_pbe_error_calibration_execution_parent_manifest_repair_v001/attempt_20260910T202642Z/STAGE88B_TERMINAL_DECISION.json	c8e14dc6f63aeee439c6ed25460de433aa32597068e5b9504f0565d40de227f3	SOURCE_VERDICT_REVIEW_NO_SCIENTIFIC_RERUN	VERIFIED	SEE_SEPARATE_SAVED_OUTPUT_REVIEW	NOT_PERFORMED	No independent physics rerun; early incomplete attempts are not promoted from directory names.
12_transition_tube/v088c_calibration22_interpretation_closure_v001|${PROJECT_ROOT}/12_transition_tube/versions/v088c_calibration22_interpretation_closure_v001/attempt_20260911T135711Z	${PROJECT_ROOT}/12_transition_tube/versions/v088c_calibration22_interpretation_closure_v001/attempt_20260911T135711Z/STAGE88C_TERMINAL_DECISION.json	69ba0372069435572aabc0b524ac3e60ad46abe2660d23e21476f8acb3b584bf	SOURCE_VERDICT_REVIEW_NO_SCIENTIFIC_RERUN	VERIFIED	SEE_SEPARATE_SAVED_OUTPUT_REVIEW	NOT_PERFORMED	No independent physics rerun; early incomplete attempts are not promoted from directory names.
12_transition_tube/v089a_applicability_coverage_rescue_augment17_train109_protocol_freeze_v001|${PROJECT_ROOT}/12_transition_tube/versions/v089a_applicability_coverage_rescue_augment17_train109_protocol_freeze_v001/attempt_20260911T151255Z	${PROJECT_ROOT}/12_transition_tube/versions/v089a_applicability_coverage_rescue_augment17_train109_protocol_freeze_v001/attempt_20260911T151255Z/STAGE89A_TERMINAL_DECISION.json	40be8b0368524930382b4316fc03fbfab6643a3a46a62bf39d5d490b189fda37	SOURCE_VERDICT_REVIEW_NO_SCIENTIFIC_RERUN	VERIFIED	SEE_SEPARATE_SAVED_OUTPUT_REVIEW	NOT_PERFORMED	No independent physics rerun; early incomplete attempts are not promoted from directory names.
12_transition_tube/v089b_train109_coverage_rescue_training_execution_v001|${PROJECT_ROOT}/12_transition_tube/versions/v089b_train109_coverage_rescue_training_execution_v001/attempt_20260912T082813Z	${PROJECT_ROOT}/12_transition_tube/versions/v089b_train109_coverage_rescue_training_execution_v001/attempt_20260912T082813Z/STAGE89B_TERMINAL_DECISION.json	3e47575587f4b25dbccdbf9f73988a96c2aebd01368308e45bb253a59a2ad3ee	SOURCE_VERDICT_REVIEW_NO_SCIENTIFIC_RERUN	VERIFIED	SEE_SEPARATE_SAVED_OUTPUT_REVIEW	NOT_PERFORMED	No independent physics rerun; early incomplete attempts are not promoted from directory names.
12_transition_tube/v089c_train109_force_aware_selector_rebuild_holdout5_validation_protocol_freeze_v001|${PROJECT_ROOT}/12_transition_tube/versions/v089c_train109_force_aware_selector_rebuild_holdout5_validation_protocol_freeze_v001/attempt_20260912T092648Z	${PROJECT_ROOT}/12_transition_tube/versions/v089c_train109_force_aware_selector_rebuild_holdout5_validation_protocol_freeze_v001/attempt_20260912T092648Z/STAGE89C_TERMINAL_DECISION.json	7c581de74093352ccc68d4e2d87c924732a095d1234ab4da60e421645fc4eff5	SOURCE_VERDICT_REVIEW_NO_SCIENTIFIC_RERUN	VERIFIED	SEE_SEPARATE_SAVED_OUTPUT_REVIEW	NOT_PERFORMED	No independent physics rerun; early incomplete attempts are not promoted from directory names.
12_transition_tube/v089d1_train109_selector_execution_postwrite_calibration_guard_recovery_v001|${PROJECT_ROOT}/12_transition_tube/versions/v089d1_train109_selector_execution_postwrite_calibration_guard_recovery_v001/attempt_20260912T102918Z	${PROJECT_ROOT}/12_transition_tube/versions/v089d1_train109_selector_execution_postwrite_calibration_guard_recovery_v001/attempt_20260912T102918Z/TECHNICAL_FAILURE.json	30bc3c46fb5a6afd70ccd7eff7ee811fec64a5cce8ff53215cdfa54e73688aa1	SOURCE_VERDICT_REVIEW_NO_SCIENTIFIC_RERUN	VERIFIED	SEE_SEPARATE_SAVED_OUTPUT_REVIEW	NOT_PERFORMED	No independent physics rerun; early incomplete attempts are not promoted from directory names.
12_transition_tube/v089d2_postwrite_holdout_serialization_guard_recovery_v001|${PROJECT_ROOT}/12_transition_tube/versions/v089d2_postwrite_holdout_serialization_guard_recovery_v001/attempt_20260912T110537Z	${PROJECT_ROOT}/12_transition_tube/versions/v089d2_postwrite_holdout_serialization_guard_recovery_v001/attempt_20260912T110537Z/STAGE89D_R2_TERMINAL_DECISION.json	a82c53b8977189ef9ed668056f4e711f8e7eaa37cbb14735a9435ef7da0ba31a	SOURCE_VERDICT_REVIEW_NO_SCIENTIFIC_RERUN	VERIFIED	SEE_SEPARATE_SAVED_OUTPUT_REVIEW	NOT_PERFORMED	No independent physics rerun; early incomplete attempts are not promoted from directory names.
12_transition_tube/v089d_train109_force_aware_selector_rebuild_holdout5_validation_execution_v001|${PROJECT_ROOT}/12_transition_tube/versions/v089d_train109_force_aware_selector_rebuild_holdout5_validation_execution_v001/attempt_20260912T095425Z	${PROJECT_ROOT}/12_transition_tube/versions/v089d_train109_force_aware_selector_rebuild_holdout5_validation_execution_v001/attempt_20260912T095425Z/TECHNICAL_FAILURE.json	0a3089dd2878ea61f93809ff5f1e58cae4de3be05d95d5415a3136e9c64f0385	SOURCE_VERDICT_REVIEW_NO_SCIENTIFIC_RERUN	VERIFIED	SEE_SEPARATE_SAVED_OUTPUT_REVIEW	NOT_PERFORMED	No independent physics rerun; early incomplete attempts are not promoted from directory names.
12_transition_tube/v089e_train109_selector_review_interpretation_closure_v001|${PROJECT_ROOT}/12_transition_tube/versions/v089e_train109_selector_review_interpretation_closure_v001/attempt_20260912T121234Z	${PROJECT_ROOT}/12_transition_tube/versions/v089e_train109_selector_review_interpretation_closure_v001/attempt_20260912T121234Z/STAGE89E_TERMINAL_DECISION.json	9c750ee3832b2fae216712054dfa80d7528bdf8d7b081fa306d144a9f4eb8cd2	SOURCE_VERDICT_REVIEW_NO_SCIENTIFIC_RERUN	VERIFIED	SEE_SEPARATE_SAVED_OUTPUT_REVIEW	NOT_PERFORMED	No independent physics rerun; early incomplete attempts are not promoted from directory names.
12_transition_tube/v089f_full_six_condition_gate1_rerun_train109_x0p1_protocol_freeze_v001|${PROJECT_ROOT}/12_transition_tube/versions/v089f_full_six_condition_gate1_rerun_train109_x0p1_protocol_freeze_v001/attempt_20260912T134055Z	${PROJECT_ROOT}/12_transition_tube/versions/v089f_full_six_condition_gate1_rerun_train109_x0p1_protocol_freeze_v001/attempt_20260912T134055Z/STAGE89F_TERMINAL_DECISION.json	6f11a14a45d36d2892a5ac36abaaf2a2886bba385c0a08d6debb73eb206dd374	SOURCE_VERDICT_REVIEW_NO_SCIENTIFIC_RERUN	VERIFIED	SEE_SEPARATE_SAVED_OUTPUT_REVIEW	NOT_PERFORMED	No independent physics rerun; early incomplete attempts are not promoted from directory names.
12_transition_tube/v089g_full_six_condition_gate1_rerun_train109_x0p1_execution_v001|${PROJECT_ROOT}/12_transition_tube/versions/v089g_full_six_condition_gate1_rerun_train109_x0p1_execution_v001/attempt_20260912T152954Z	${PROJECT_ROOT}/12_transition_tube/versions/v089g_full_six_condition_gate1_rerun_train109_x0p1_execution_v001/attempt_20260912T152954Z/STAGE89G_TERMINAL_DECISION.json	c9738af7ded021b1194ee6b4e432f4bffba993a0c5c23da11be78d3842da073b	SOURCE_VERDICT_REVIEW_NO_SCIENTIFIC_RERUN	VERIFIED	SEE_SEPARATE_SAVED_OUTPUT_REVIEW	NOT_PERFORMED	No independent physics rerun; early incomplete attempts are not promoted from directory names.
12_transition_tube/v089h_stage89g_gate1_execution_independent_review_v001|${PROJECT_ROOT}/12_transition_tube/versions/v089h_stage89g_gate1_execution_independent_review_v001/attempt_20260912T203231Z	${PROJECT_ROOT}/12_transition_tube/versions/v089h_stage89g_gate1_execution_independent_review_v001/attempt_20260912T203231Z/STAGE89H_REVIEW_VERDICT.json	dfe74f862652d91e0575cadb7ea4c18fb24ee842f35329a07ede63ab2d8f556c	SOURCE_VERDICT_REVIEW_NO_SCIENTIFIC_RERUN	VERIFIED	SEE_SEPARATE_SAVED_OUTPUT_REVIEW	NOT_PERFORMED	No independent physics rerun; early incomplete attempts are not promoted from directory names.
12_transition_tube/v089i_stage89g_failure_interpretation_closure_v001|${PROJECT_ROOT}/12_transition_tube/versions/v089i_stage89g_failure_interpretation_closure_v001/attempt_20260912T205814Z	${PROJECT_ROOT}/12_transition_tube/versions/v089i_stage89g_failure_interpretation_closure_v001/attempt_20260912T205814Z/STAGE89I_TERMINAL_DECISION.json	7141c9ddf6363b62ead58e5515ddc2ed44165a3d35079a0d4e141ff64090f0ab	SOURCE_VERDICT_REVIEW_NO_SCIENTIFIC_RERUN	VERIFIED	SEE_SEPARATE_SAVED_OUTPUT_REVIEW	NOT_PERFORMED	No independent physics rerun; early incomplete attempts are not promoted from directory names.
12_transition_tube/v089j_local_transition_tube_coverage_remediation_protocol_freeze_v001|${PROJECT_ROOT}/12_transition_tube/versions/v089j_local_transition_tube_coverage_remediation_protocol_freeze_v001/attempt_20260912T210455Z	${PROJECT_ROOT}/12_transition_tube/versions/v089j_local_transition_tube_coverage_remediation_protocol_freeze_v001/attempt_20260912T210455Z/STAGE89J_TERMINAL_DECISION.json	5fe2772e3e0b52a04dd81f9784f17d1e02e20e538bbb5cb4150762fd98f7f867	SOURCE_VERDICT_REVIEW_NO_SCIENTIFIC_RERUN	VERIFIED	SEE_SEPARATE_SAVED_OUTPUT_REVIEW	NOT_PERFORMED	No independent physics rerun; early incomplete attempts are not promoted from directory names.
12_transition_tube/v089k_local6_pbe_reference_label_execution_v001|${PROJECT_ROOT}/12_transition_tube/versions/v089k_local6_pbe_reference_label_execution_v001/attempt_20260912T211137Z	${PROJECT_ROOT}/12_transition_tube/versions/v089k_local6_pbe_reference_label_execution_v001/attempt_20260912T211137Z/STAGE89K_TERMINAL_DECISION.json	6636af531dd2487c81067baf46a0c7a973a81e7c0589b82f7ff12489f7cbac33	SOURCE_VERDICT_REVIEW_NO_SCIENTIFIC_RERUN	VERIFIED	SEE_SEPARATE_SAVED_OUTPUT_REVIEW	NOT_PERFORMED	No independent physics rerun; early incomplete attempts are not promoted from directory names.
12_transition_tube/v089l_stage89k_local6_pbe_reference_execution_independent_review_v001|${PROJECT_ROOT}/12_transition_tube/versions/v089l_stage89k_local6_pbe_reference_execution_independent_review_v001/attempt_20260913T005133Z	${PROJECT_ROOT}/12_transition_tube/versions/v089l_stage89k_local6_pbe_reference_execution_independent_review_v001/attempt_20260913T005133Z/STAGE89L_REVIEW_VERDICT.json	f1fa1944649af3fdebe083caf9516040c220234e5fe14429e2036eb299fbb146	SOURCE_VERDICT_REVIEW_NO_SCIENTIFIC_RERUN	VERIFIED	SEE_SEPARATE_SAVED_OUTPUT_REVIEW	NOT_PERFORMED	No independent physics rerun; early incomplete attempts are not promoted from directory names.
12_transition_tube/v089m_stage89k_reference_label_interpretation_closure_v001|${PROJECT_ROOT}/12_transition_tube/versions/v089m_stage89k_reference_label_interpretation_closure_v001/attempt_20260913T005704Z	${PROJECT_ROOT}/12_transition_tube/versions/v089m_stage89k_reference_label_interpretation_closure_v001/attempt_20260913T005704Z/STAGE89M_TERMINAL_DECISION.json	6d24c74094773934e42cd794822f9d8672fdba50c940768bd357f0973bc030c5	SOURCE_VERDICT_REVIEW_NO_SCIENTIFIC_RERUN	VERIFIED	SEE_SEPARATE_SAVED_OUTPUT_REVIEW	NOT_PERFORMED	No independent physics rerun; early incomplete attempts are not promoted from directory names.
12_transition_tube/v089n_r1_train112_local_remediation_protocol_freeze_serialization_guard_repair_v001|${PROJECT_ROOT}/12_transition_tube/versions/v089n_r1_train112_local_remediation_protocol_freeze_serialization_guard_repair_v001/attempt_20260913T124617Z	${PROJECT_ROOT}/12_transition_tube/versions/v089n_r1_train112_local_remediation_protocol_freeze_serialization_guard_repair_v001/attempt_20260913T124617Z/STAGE89N_R1_TERMINAL_DECISION.json	594952dddf04f694b53c269545a752d1fb184a91c8011238cbc3f4895679c8ac	SOURCE_VERDICT_REVIEW_NO_SCIENTIFIC_RERUN	VERIFIED	SEE_SEPARATE_SAVED_OUTPUT_REVIEW	NOT_PERFORMED	No independent physics rerun; early incomplete attempts are not promoted from directory names.
12_transition_tube/v089n_train112_local_remediation_protocol_freeze_v001|${PROJECT_ROOT}/12_transition_tube/versions/v089n_train112_local_remediation_protocol_freeze_v001/attempt_20260913T012208Z	${PROJECT_ROOT}/12_transition_tube/versions/v089n_r1_train112_local_remediation_protocol_freeze_serialization_guard_repair_v001/attempt_20260913T124617Z/STAGE89N_R1_TERMINAL_DECISION.json	594952dddf04f694b53c269545a752d1fb184a91c8011238cbc3f4895679c8ac	SOURCE_VERDICT_REVIEW_NO_SCIENTIFIC_RERUN	VERIFIED	SEE_SEPARATE_SAVED_OUTPUT_REVIEW	NOT_PERFORMED	No independent physics rerun; early incomplete attempts are not promoted from directory names.
12_transition_tube/v089o_train112_local_remediation_training_execution_v001|${PROJECT_ROOT}/12_transition_tube/versions/v089o_train112_local_remediation_training_execution_v001/attempt_20260913T140311Z	${PROJECT_ROOT}/12_transition_tube/versions/v089o_train112_local_remediation_training_execution_v001/attempt_20260913T140311Z/STAGE89O_TERMINAL_DECISION.json	892bef97a49819d82c71549e3e9ef7a8ecb9cfc57d057218480ccf70273eaf7d	SOURCE_VERDICT_REVIEW_NO_SCIENTIFIC_RERUN	VERIFIED	SEE_SEPARATE_SAVED_OUTPUT_REVIEW	NOT_PERFORMED	No independent physics rerun; early incomplete attempts are not promoted from directory names.
12_transition_tube/v089p_stage89o_train112_training_execution_independent_review_v001|${PROJECT_ROOT}/12_transition_tube/versions/v089p_stage89o_train112_training_execution_independent_review_v001/attempt_20260913T145355Z	${PROJECT_ROOT}/12_transition_tube/versions/v089p_stage89o_train112_training_execution_independent_review_v001/attempt_20260913T145355Z/STAGE89P_REVIEW_VERDICT.json	36cb68ec9d89d3c5be4444c9ad9e26a1503c99048334ab83b777bbe6438faa3e	SOURCE_VERDICT_REVIEW_NO_SCIENTIFIC_RERUN	VERIFIED	SEE_SEPARATE_SAVED_OUTPUT_REVIEW	NOT_PERFORMED	No independent physics rerun; early incomplete attempts are not promoted from directory names.
12_transition_tube/v089q_stage89o_train112_training_interpretation_closure_v001|${PROJECT_ROOT}/12_transition_tube/versions/v089q_stage89o_train112_training_interpretation_closure_v001/attempt_20260913T173155Z	${PROJECT_ROOT}/12_transition_tube/versions/v089q_stage89o_train112_training_interpretation_closure_v001/attempt_20260913T173155Z/STAGE89Q_TERMINAL_DECISION.json	95189ca861ff39aa508f1b00681d1f23dd15f6410ef502365289cb72b3dc7fd9	SOURCE_VERDICT_REVIEW_NO_SCIENTIFIC_RERUN	VERIFIED	SEE_SEPARATE_SAVED_OUTPUT_REVIEW	NOT_PERFORMED	No independent physics rerun; early incomplete attempts are not promoted from directory names.
12_transition_tube/v089r_train112_selector_rebuild_and_validation_protocol_freeze_v001|${PROJECT_ROOT}/12_transition_tube/versions/v089r_train112_selector_rebuild_and_validation_protocol_freeze_v001/attempt_20260913T175331Z	${PROJECT_ROOT}/12_transition_tube/versions/v089r_train112_selector_rebuild_and_validation_protocol_freeze_v001/attempt_20260913T175331Z/STAGE89R_TERMINAL_DECISION.json	0f6caf9668e16b0e08d5f079280249a09cd73e06bc3e1092a4e92f81f7fa78ed	SOURCE_VERDICT_REVIEW_NO_SCIENTIFIC_RERUN	VERIFIED	SEE_SEPARATE_SAVED_OUTPUT_REVIEW	NOT_PERFORMED	No independent physics rerun; early incomplete attempts are not promoted from directory names.
12_transition_tube/v089s_train112_selector_rebuild_and_validation_execution_v001|${PROJECT_ROOT}/12_transition_tube/versions/v089s_train112_selector_rebuild_and_validation_execution_v001/attempt_20260913T184726Z	${PROJECT_ROOT}/12_transition_tube/versions/v089s_train112_selector_rebuild_and_validation_execution_v001/attempt_20260913T184726Z/TECHNICAL_FAILURE.json	399d8b9acc978c218472aac402963c6bd799c27be210c8de2fc86943518b8555	SOURCE_VERDICT_REVIEW_NO_SCIENTIFIC_RERUN	VERIFIED	SEE_SEPARATE_SAVED_OUTPUT_REVIEW	NOT_PERFORMED	No independent physics rerun; early incomplete attempts are not promoted from directory names.
12_transition_tube/v089t_r1_stage89s_technical_failure_independent_recovery_review_header_schema_repair_v001|${PROJECT_ROOT}/12_transition_tube/versions/v089t_r1_stage89s_technical_failure_independent_recovery_review_header_schema_repair_v001/attempt_20260913T194808Z	${PROJECT_ROOT}/12_transition_tube/versions/v089t_r1_stage89s_technical_failure_independent_recovery_review_header_schema_repair_v001/attempt_20260913T194808Z/STAGE89T_R1_REVIEW_VERDICT.json	ab9a0cead760b2998f482d5a21f3af47e8d853d6593e671e3a573baca52384e0	SOURCE_VERDICT_REVIEW_NO_SCIENTIFIC_RERUN	VERIFIED	SEE_SEPARATE_SAVED_OUTPUT_REVIEW	NOT_PERFORMED	No independent physics rerun; early incomplete attempts are not promoted from directory names.
12_transition_tube/v089t_stage89s_technical_failure_independent_recovery_review_v001|${PROJECT_ROOT}/12_transition_tube/versions/v089t_stage89s_technical_failure_independent_recovery_review_v001/attempt_20260913T193332Z	${PROJECT_ROOT}/12_transition_tube/versions/v089t_r1_stage89s_technical_failure_independent_recovery_review_header_schema_repair_v001/attempt_20260913T194808Z/STAGE89T_R1_REVIEW_VERDICT.json	ab9a0cead760b2998f482d5a21f3af47e8d853d6593e671e3a573baca52384e0	SOURCE_VERDICT_REVIEW_NO_SCIENTIFIC_RERUN	VERIFIED	SEE_SEPARATE_SAVED_OUTPUT_REVIEW	NOT_PERFORMED	No independent physics rerun; early incomplete attempts are not promoted from directory names.
12_transition_tube/v089u_stage89s_technical_failure_interpretation_closure_v001|${PROJECT_ROOT}/12_transition_tube/versions/v089u_stage89s_technical_failure_interpretation_closure_v001/attempt_20260913T212543Z	${PROJECT_ROOT}/12_transition_tube/versions/v089u_stage89s_technical_failure_interpretation_closure_v001/attempt_20260913T212543Z/STAGE89U_TERMINAL_DECISION.json	47689c4b29bf90aa0b965da34f3439cebc21680ae745394095802c7d83f1ad6b	SOURCE_VERDICT_REVIEW_NO_SCIENTIFIC_RERUN	VERIFIED	SEE_SEPARATE_SAVED_OUTPUT_REVIEW	NOT_PERFORMED	No independent physics rerun; early incomplete attempts are not promoted from directory names.
12_transition_tube/v089v_train112_selector_validation_recovery_continuation_protocol_freeze_v001|${PROJECT_ROOT}/12_transition_tube/versions/v089v_train112_selector_validation_recovery_continuation_protocol_freeze_v001/attempt_20260913T215550Z	${PROJECT_ROOT}/12_transition_tube/versions/v089v_train112_selector_validation_recovery_continuation_protocol_freeze_v001/attempt_20260913T215550Z/STAGE89V_TERMINAL_DECISION.json	cca12fa87b565119c3aa4df935ac3287d3497c93873658667e3ee175f3dd56d1	SOURCE_VERDICT_REVIEW_NO_SCIENTIFIC_RERUN	VERIFIED	SEE_SEPARATE_SAVED_OUTPUT_REVIEW	NOT_PERFORMED	No independent physics rerun; early incomplete attempts are not promoted from directory names.
12_transition_tube/v089w_train112_selector_validation_recovery_continuation_execution_v001|${PROJECT_ROOT}/12_transition_tube/versions/v089w_train112_selector_validation_recovery_continuation_execution_v001/attempt_20260913T221142Z	${PROJECT_ROOT}/12_transition_tube/versions/v089w_train112_selector_validation_recovery_continuation_execution_v001/attempt_20260913T221142Z/STAGE89W_TERMINAL_DECISION.json	32a82ae4cdd30397d46c15e4badb5c357079074cd7b22962d6470792ded147a4	SOURCE_VERDICT_REVIEW_NO_SCIENTIFIC_RERUN	VERIFIED	SEE_SEPARATE_SAVED_OUTPUT_REVIEW	NOT_PERFORMED	No independent physics rerun; early incomplete attempts are not promoted from directory names.
12_transition_tube/v089x_stage89w_recovery_continuation_execution_independent_review_v001|${PROJECT_ROOT}/12_transition_tube/versions/v089x_stage89w_recovery_continuation_execution_independent_review_v001/attempt_20260913T233429Z	${PROJECT_ROOT}/12_transition_tube/versions/v089x_stage89w_recovery_continuation_execution_independent_review_v001/attempt_20260913T233429Z/STAGE89X_REVIEW_VERDICT.json	fb89131bc5f05129db9b7f8e994624bd0c2fe336d55e0534213021d18e0a7503	SOURCE_VERDICT_REVIEW_NO_SCIENTIFIC_RERUN	VERIFIED	SEE_SEPARATE_SAVED_OUTPUT_REVIEW	NOT_PERFORMED	No independent physics rerun; early incomplete attempts are not promoted from directory names.
12_transition_tube/v089y_r1_stage89w_selector_validation_execution_interpretation_closure_runtime_hash_lock_repair_v001|${PROJECT_ROOT}/12_transition_tube/versions/v089y_r1_stage89w_selector_validation_execution_interpretation_closure_runtime_hash_lock_repair_v001/attempt_20260914T000740Z	${PROJECT_ROOT}/12_transition_tube/versions/v089y_r1_stage89w_selector_validation_execution_interpretation_closure_runtime_hash_lock_repair_v001/attempt_20260914T000740Z/STAGE89Y_R1_TERMINAL_DECISION.json	f5c3fb754b64587795bd2de668a922a929b9c3c034e2178d6743b426006ae1f3	SOURCE_VERDICT_REVIEW_NO_SCIENTIFIC_RERUN	VERIFIED	SEE_SEPARATE_SAVED_OUTPUT_REVIEW	NOT_PERFORMED	No independent physics rerun; early incomplete attempts are not promoted from directory names.
12_transition_tube/v089z_replay197_200_applicability_remediation_protocol_freeze_v001|${PROJECT_ROOT}/12_transition_tube/versions/v089z_replay197_200_applicability_remediation_protocol_freeze_v001/attempt_20260914T003831Z	${PROJECT_ROOT}/12_transition_tube/versions/v089z_replay197_200_applicability_remediation_protocol_freeze_v001/attempt_20260914T003831Z/STAGE89Z_TERMINAL_DECISION.json	33eca6c9f19b9bee554e40d1801978eb8a7cdbad553aefa4ca5113e01df65beb	SOURCE_VERDICT_REVIEW_NO_SCIENTIFIC_RERUN	VERIFIED	SEE_SEPARATE_SAVED_OUTPUT_REVIEW	NOT_PERFORMED	No independent physics rerun; early incomplete attempts are not promoted from directory names.
12_transition_tube/v090a_replay196_201_pbe_reference_label_execution_v001|${PROJECT_ROOT}/12_transition_tube/versions/v090a_replay196_201_pbe_reference_label_execution_v001/attempt_20260914T010002Z	${PROJECT_ROOT}/12_transition_tube/versions/v090a_replay196_201_pbe_reference_label_execution_v001/attempt_20260914T010002Z/STAGE90A_TERMINAL_DECISION.json	20f98469cb7db85a4ff3d564e5848f8114bfb09a6ef580c9d555ebede37cfb86	SOURCE_VERDICT_REVIEW_NO_SCIENTIFIC_RERUN	VERIFIED	SEE_SEPARATE_SAVED_OUTPUT_REVIEW	NOT_PERFORMED	No independent physics rerun; early incomplete attempts are not promoted from directory names.
12_transition_tube/v090b_stage90a_replay196_201_pbe_reference_execution_independent_review_v001|${PROJECT_ROOT}/12_transition_tube/versions/v090b_stage90a_replay196_201_pbe_reference_execution_independent_review_v001/attempt_20260914T085036Z	${PROJECT_ROOT}/12_transition_tube/versions/v090b_stage90a_replay196_201_pbe_reference_execution_independent_review_v001/attempt_20260914T085036Z/STAGE90B_REVIEW_VERDICT.json	05c89f493b39d31be6dacce8feb6197229a92c48b4b34d81496c54dbdc9256ea	SOURCE_VERDICT_REVIEW_NO_SCIENTIFIC_RERUN	VERIFIED	SEE_SEPARATE_SAVED_OUTPUT_REVIEW	NOT_PERFORMED	No independent physics rerun; early incomplete attempts are not promoted from directory names.
12_transition_tube/v090c_stage90a_pbe_reference_execution_interpretation_closure_v001|${PROJECT_ROOT}/12_transition_tube/versions/v090c_stage90a_pbe_reference_execution_interpretation_closure_v001/attempt_20260914T091651Z	${PROJECT_ROOT}/12_transition_tube/versions/v090c_stage90a_pbe_reference_execution_interpretation_closure_v001/attempt_20260914T091651Z/STAGE90C_TERMINAL_DECISION.json	ed514a8eca9fd5c0fc4d6b6d55985c28b9f462289de012e329b9931d1d9a91ff	SOURCE_VERDICT_REVIEW_NO_SCIENTIFIC_RERUN	VERIFIED	SEE_SEPARATE_SAVED_OUTPUT_REVIEW	NOT_PERFORMED	No independent physics rerun; early incomplete attempts are not promoted from directory names.
12_transition_tube/v090d_r1_train115_dataset_construction_and_deterministic_training_protocol_freeze_slim_import_repair_v001|${PROJECT_ROOT}/12_transition_tube/versions/v090d_r1_train115_dataset_construction_and_deterministic_training_protocol_freeze_slim_import_repair_v001/attempt_20260914T150916Z	${PROJECT_ROOT}/12_transition_tube/versions/v090d_r1_train115_dataset_construction_and_deterministic_training_protocol_freeze_slim_import_repair_v001/attempt_20260914T150916Z/STAGE90D_R1_TERMINAL_DECISION.json	95f6371d978392b5a3d1d489236a923d9f5563f6f1a34ea143cfa80a8a7ac966	SOURCE_VERDICT_REVIEW_NO_SCIENTIFIC_RERUN	VERIFIED	SEE_SEPARATE_SAVED_OUTPUT_REVIEW	NOT_PERFORMED	No independent physics rerun; early incomplete attempts are not promoted from directory names.
12_transition_tube/v090e_r1_train115_deterministic_training_execution_dataset_index_schema_repair_v001|${PROJECT_ROOT}/12_transition_tube/versions/v090e_r1_train115_deterministic_training_execution_dataset_index_schema_repair_v001/attempt_20260914T172525Z	${PROJECT_ROOT}/12_transition_tube/versions/v090e_r1_train115_deterministic_training_execution_dataset_index_schema_repair_v001/attempt_20260914T172525Z/STAGE90E_TERMINAL_DECISION.json	670ce425570295f28b71dbb8192a2dc7b543c85196a638fc14dc3de53dfbca36	SOURCE_VERDICT_REVIEW_NO_SCIENTIFIC_RERUN	VERIFIED	SEE_SEPARATE_SAVED_OUTPUT_REVIEW	NOT_PERFORMED	No independent physics rerun; early incomplete attempts are not promoted from directory names.
12_transition_tube/v090f_stage90e_r1_train115_deterministic_training_execution_independent_review_v001|${PROJECT_ROOT}/12_transition_tube/versions/v090f_stage90e_r1_train115_deterministic_training_execution_independent_review_v001/attempt_20260914T175435Z	${PROJECT_ROOT}/12_transition_tube/versions/v090f_stage90e_r1_train115_deterministic_training_execution_independent_review_v001/attempt_20260914T175435Z/STAGE90F_REVIEW_VERDICT.json	bdfb40658ff4d8611e02780a266fcbe0ee821821a21f93f052c3d922a2538a58	SOURCE_VERDICT_REVIEW_NO_SCIENTIFIC_RERUN	VERIFIED	SEE_SEPARATE_SAVED_OUTPUT_REVIEW	NOT_PERFORMED	No independent physics rerun; early incomplete attempts are not promoted from directory names.
12_transition_tube/v090g_stage90e_r1_train115_training_interpretation_closure_v001|${PROJECT_ROOT}/12_transition_tube/versions/v090g_stage90e_r1_train115_training_interpretation_closure_v001/attempt_20260914T175912Z	${PROJECT_ROOT}/12_transition_tube/versions/v090g_stage90e_r1_train115_training_interpretation_closure_v001/attempt_20260914T175912Z/STAGE90G_TERMINAL_DECISION.json	bd345c0d55391dd76947939aab59087bac61a0d73e15813dc0f13e62bc2a0d6e	SOURCE_VERDICT_REVIEW_NO_SCIENTIFIC_RERUN	VERIFIED	SEE_SEPARATE_SAVED_OUTPUT_REVIEW	NOT_PERFORMED	No independent physics rerun; early incomplete attempts are not promoted from directory names.
12_transition_tube/v090h_train115_force_scale_selector_and_validation_protocol_freeze_v001|${PROJECT_ROOT}/12_transition_tube/versions/v090h_train115_force_scale_selector_and_validation_protocol_freeze_v001/attempt_20260914T180553Z	${PROJECT_ROOT}/12_transition_tube/versions/v090h_train115_force_scale_selector_and_validation_protocol_freeze_v001/attempt_20260914T180553Z/STAGE90H_TERMINAL_DECISION.json	7e930e395865038dc8b49a670fa6e3262800db04741d4c97ad100a3d83762dc3	SOURCE_VERDICT_REVIEW_NO_SCIENTIFIC_RERUN	VERIFIED	SEE_SEPARATE_SAVED_OUTPUT_REVIEW	NOT_PERFORMED	No independent physics rerun; early incomplete attempts are not promoted from directory names.
12_transition_tube/v090i_train115_force_scale_selector_and_validation_execution_v001|${PROJECT_ROOT}/12_transition_tube/versions/v090i_train115_force_scale_selector_and_validation_execution_v001/attempt_20260914T181248Z	${PROJECT_ROOT}/12_transition_tube/versions/v090i_train115_force_scale_selector_and_validation_execution_v001/attempt_20260914T181248Z/TECHNICAL_FAILURE.json	c548ce9fd27e7da8e94aa1a3e1debfcfbb5a1306ba1339dff576855eafc9c148	SOURCE_VERDICT_REVIEW_NO_SCIENTIFIC_RERUN	VERIFIED	SEE_SEPARATE_SAVED_OUTPUT_REVIEW	NOT_PERFORMED	No independent physics rerun; early incomplete attempts are not promoted from directory names.
12_transition_tube/v090j_stage90i_partial_selector_calibration_failure_independent_recovery_review_v001|${PROJECT_ROOT}/12_transition_tube/versions/v090j_stage90i_partial_selector_calibration_failure_independent_recovery_review_v001/attempt_20260914T182322Z	${PROJECT_ROOT}/12_transition_tube/versions/v090j_stage90i_partial_selector_calibration_failure_independent_recovery_review_v001/attempt_20260914T182322Z/STAGE90J_REVIEW_VERDICT.json	f854bce548558c135b3be179ce7e8f4a7677eb1987552d932a84f0ea2d5ec0d6	SOURCE_VERDICT_REVIEW_NO_SCIENTIFIC_RERUN	VERIFIED	SEE_SEPARATE_SAVED_OUTPUT_REVIEW	NOT_PERFORMED	No independent physics rerun; early incomplete attempts are not promoted from directory names.
12_transition_tube/v090k_stage90i_partial_selector_calibration_failure_interpretation_closure_v001|${PROJECT_ROOT}/12_transition_tube/versions/v090k_stage90i_partial_selector_calibration_failure_interpretation_closure_v001/attempt_20260914T184023Z	${PROJECT_ROOT}/12_transition_tube/versions/v090k_stage90i_partial_selector_calibration_failure_interpretation_closure_v001/attempt_20260914T184023Z/STAGE90K_TERMINAL_DECISION.json	54368d3497c29daf131fdd95bdad1b31d3e16921f9c890cb9b34f68ba43816db	SOURCE_VERDICT_REVIEW_NO_SCIENTIFIC_RERUN	VERIFIED	SEE_SEPARATE_SAVED_OUTPUT_REVIEW	NOT_PERFORMED	No independent physics rerun; early incomplete attempts are not promoted from directory names.
12_transition_tube/v090l_r1_stage90i_recovery_continuation_protocol_freeze_manifest_anchored_stage90k_auth_repair_v001|${PROJECT_ROOT}/12_transition_tube/versions/v090l_r1_stage90i_recovery_continuation_protocol_freeze_manifest_anchored_stage90k_auth_repair_v001/attempt_20260914T185910Z	${PROJECT_ROOT}/12_transition_tube/versions/v090l_r1_stage90i_recovery_continuation_protocol_freeze_manifest_anchored_stage90k_auth_repair_v001/attempt_20260914T185910Z/STAGE90L_TERMINAL_DECISION.json	55b1300deb3015b694d95b54bb744a59a84ff5662d68cd18d1929aad03864643	SOURCE_VERDICT_REVIEW_NO_SCIENTIFIC_RERUN	VERIFIED	SEE_SEPARATE_SAVED_OUTPUT_REVIEW	NOT_PERFORMED	No independent physics rerun; early incomplete attempts are not promoted from directory names.
12_transition_tube/v090m_stage90i_recovery_continuation_execution_v001|${PROJECT_ROOT}/12_transition_tube/versions/v090m_stage90i_recovery_continuation_execution_v001/attempt_20260914T190725Z	${PROJECT_ROOT}/12_transition_tube/versions/v090m_stage90i_recovery_continuation_execution_v001/attempt_20260914T190725Z/TECHNICAL_FAILURE.json	330dd0f6c9dd74fb8117f9a3108d20d748206efd20530fa2d2a149a199408117	SOURCE_VERDICT_REVIEW_NO_SCIENTIFIC_RERUN	VERIFIED	SEE_SEPARATE_SAVED_OUTPUT_REVIEW	NOT_PERFORMED	No independent physics rerun; early incomplete attempts are not promoted from directory names.
12_transition_tube/v090n_r1_stage90m_partial_continuation_execution_independent_recovery_review_ast_order_repair_v001|${PROJECT_ROOT}/12_transition_tube/versions/v090n_r1_stage90m_partial_continuation_execution_independent_recovery_review_ast_order_repair_v001/attempt_20260914T193627Z	${PROJECT_ROOT}/12_transition_tube/versions/v090n_r1_stage90m_partial_continuation_execution_independent_recovery_review_ast_order_repair_v001/attempt_20260914T193627Z/STAGE90N_REVIEW_VERDICT.json	09f535c0ba059a734f1428bd61c289e20a2fb3aa179c5f4bfeac6086def02f7a	SOURCE_VERDICT_REVIEW_NO_SCIENTIFIC_RERUN	VERIFIED	SEE_SEPARATE_SAVED_OUTPUT_REVIEW	NOT_PERFORMED	No independent physics rerun; early incomplete attempts are not promoted from directory names.
12_transition_tube/v090o_stage90m_partial_continuation_execution_interpretation_closure_v001|${PROJECT_ROOT}/12_transition_tube/versions/v090o_stage90m_partial_continuation_execution_interpretation_closure_v001/attempt_20260914T194850Z	${PROJECT_ROOT}/12_transition_tube/versions/v090o_stage90m_partial_continuation_execution_interpretation_closure_v001/attempt_20260914T194850Z/STAGE90O_TERMINAL_DECISION.json	b763df5c96d990d3a5aad3d1a26cf50ba2c40ca5d0668203f9592e3e5dc184fb	SOURCE_VERDICT_REVIEW_NO_SCIENTIFIC_RERUN	VERIFIED	SEE_SEPARATE_SAVED_OUTPUT_REVIEW	NOT_PERFORMED	No independent physics rerun; early incomplete attempts are not promoted from directory names.
12_transition_tube/v090p_validation11_single_calc_efs_recovery_protocol_freeze_v001|${PROJECT_ROOT}/12_transition_tube/versions/v090p_validation11_single_calc_efs_recovery_protocol_freeze_v001/attempt_20260914T200540Z	${PROJECT_ROOT}/12_transition_tube/versions/v090p_validation11_single_calc_efs_recovery_protocol_freeze_v001/attempt_20260914T200540Z/STAGE90P_TERMINAL_DECISION.json	42212f10d5ee8f2c1d3c7d4f4e175619ef9184b7e075ba2dc2f1b5b11e836ef8	SOURCE_VERDICT_REVIEW_NO_SCIENTIFIC_RERUN	VERIFIED	SEE_SEPARATE_SAVED_OUTPUT_REVIEW	NOT_PERFORMED	No independent physics rerun; early incomplete attempts are not promoted from directory names.
12_transition_tube/v090q_validation11_single_calc_efs_recovery_execution_v001|${PROJECT_ROOT}/12_transition_tube/versions/v090q_validation11_single_calc_efs_recovery_execution_v001/attempt_20260914T202151Z	${PROJECT_ROOT}/12_transition_tube/versions/v090q_validation11_single_calc_efs_recovery_execution_v001/attempt_20260914T202151Z/TECHNICAL_FAILURE.json	a189f58b21965b60c3e367511768e30168453da1f89856799f21ee0a84591996	SOURCE_VERDICT_REVIEW_NO_SCIENTIFIC_RERUN	VERIFIED	SEE_SEPARATE_SAVED_OUTPUT_REVIEW	NOT_PERFORMED	No independent physics rerun; early incomplete attempts are not promoted from directory names.
12_transition_tube/v090r_stage90q_single_calc_efs_execution_independent_recovery_review_v001|${PROJECT_ROOT}/12_transition_tube/versions/v090r_stage90q_single_calc_efs_execution_independent_recovery_review_v001/attempt_20260914T211848Z	${PROJECT_ROOT}/12_transition_tube/versions/v090r_stage90q_single_calc_efs_execution_independent_recovery_review_v001/attempt_20260914T211848Z/STAGE90R_REVIEW_VERDICT.json	4894a0628e99eb3b0251ee7bbb105830d1bc54887a8639082d144bcb6204437b	SOURCE_VERDICT_REVIEW_NO_SCIENTIFIC_RERUN	VERIFIED	SEE_SEPARATE_SAVED_OUTPUT_REVIEW	NOT_PERFORMED	No independent physics rerun; early incomplete attempts are not promoted from directory names.
12_transition_tube/v090s_stage90q_single_calc_efs_execution_interpretation_closure_v001|${PROJECT_ROOT}/12_transition_tube/versions/v090s_stage90q_single_calc_efs_execution_interpretation_closure_v001/attempt_20260914T214335Z	${PROJECT_ROOT}/12_transition_tube/versions/v090s_stage90q_single_calc_efs_execution_interpretation_closure_v001/attempt_20260914T214335Z/STAGE90S_TERMINAL_DECISION.json	22d24d5f4d71fa3678457e42f58cc5733c66044ac9d5c7b8630aeaae9feebf87	SOURCE_VERDICT_REVIEW_NO_SCIENTIFIC_RERUN	VERIFIED	SEE_SEPARATE_SAVED_OUTPUT_REVIEW	NOT_PERFORMED	No independent physics rerun; early incomplete attempts are not promoted from directory names.
12_transition_tube/v090t_r1_replay228_eight_crossing_localization_and_applicability_remediation_protocol_freeze_authority_split_repair_v001|${PROJECT_ROOT}/12_transition_tube/versions/v090t_r1_replay228_eight_crossing_localization_and_applicability_remediation_protocol_freeze_authority_split_repair_v001/attempt_20260914T215513Z	${PROJECT_ROOT}/12_transition_tube/versions/v090t_r1_replay228_eight_crossing_localization_and_applicability_remediation_protocol_freeze_authority_split_repair_v001/attempt_20260914T215513Z/STAGE90T_TERMINAL_DECISION.json	5bce25a90750f6deab3eb0775436c76d16913dc3661079d167ed7dd17df20999	SOURCE_VERDICT_REVIEW_NO_SCIENTIFIC_RERUN	VERIFIED	SEE_SEPARATE_SAVED_OUTPUT_REVIEW	NOT_PERFORMED	No independent physics rerun; early incomplete attempts are not promoted from directory names.
12_transition_tube/v090u_r3_stage90t_r1_replay228_eight_crossing_localization_and_remediation_split_independent_review_geometry_exact_block_repair_v001|${PROJECT_ROOT}/12_transition_tube/versions/v090u_r3_stage90t_r1_replay228_eight_crossing_localization_and_remediation_split_independent_review_geometry_exact_block_repair_v001/attempt_20260914T225909Z	${PROJECT_ROOT}/12_transition_tube/versions/v090u_r3_stage90t_r1_replay228_eight_crossing_localization_and_remediation_split_independent_review_geometry_exact_block_repair_v001/attempt_20260914T225909Z/STAGE90U_REVIEW_VERDICT.json	6616239c34f105064307c0fb170d8242a3f4b727e49f9ef392b3450cd5108b06	SOURCE_VERDICT_REVIEW_NO_SCIENTIFIC_RERUN	VERIFIED	SEE_SEPARATE_SAVED_OUTPUT_REVIEW	NOT_PERFORMED	No independent physics rerun; early incomplete attempts are not promoted from directory names.
12_transition_tube/v090v_stage90t_r1_eight_crossing_localization_and_remediation_split_interpretation_closure_v001|${PROJECT_ROOT}/12_transition_tube/versions/v090v_stage90t_r1_eight_crossing_localization_and_remediation_split_interpretation_closure_v001/attempt_20260914T232507Z	${PROJECT_ROOT}/12_transition_tube/versions/v090v_stage90t_r1_eight_crossing_localization_and_remediation_split_interpretation_closure_v001/attempt_20260914T232507Z/STAGE90V_TERMINAL_DECISION.json	105f6162e9612d6dcfb9b76fda72faf670944e2977b3ce650664571e74b46eda	SOURCE_VERDICT_REVIEW_NO_SCIENTIFIC_RERUN	VERIFIED	SEE_SEPARATE_SAVED_OUTPUT_REVIEW	NOT_PERFORMED	No independent physics rerun; early incomplete attempts are not promoted from directory names.
12_transition_tube/v090w_r2_replay93_100_pbe8_reference_label_protocol_freeze_per_frame_canonical_block_repair_v001|${PROJECT_ROOT}/12_transition_tube/versions/v090w_r2_replay93_100_pbe8_reference_label_protocol_freeze_per_frame_canonical_block_repair_v001/attempt_20260915T073631Z	${PROJECT_ROOT}/12_transition_tube/versions/v090w_r2_replay93_100_pbe8_reference_label_protocol_freeze_per_frame_canonical_block_repair_v001/attempt_20260915T073631Z/STAGE90W_TERMINAL_DECISION.json	d02df1ed5925dc387e1347e5c92ba886ca1b193b007864d22c8400b40c5779ad	SOURCE_VERDICT_REVIEW_NO_SCIENTIFIC_RERUN	VERIFIED	SEE_SEPARATE_SAVED_OUTPUT_REVIEW	NOT_PERFORMED	No independent physics rerun; early incomplete attempts are not promoted from directory names.
12_transition_tube/v090x_replay93_100_pbe8_reference_label_execution_v001|${PROJECT_ROOT}/12_transition_tube/versions/v090x_replay93_100_pbe8_reference_label_execution_v001/attempt_20260915T075033Z	${PROJECT_ROOT}/12_transition_tube/versions/v090x_replay93_100_pbe8_reference_label_execution_v001/attempt_20260915T075033Z/STAGE90X_TERMINAL_DECISION.json	f6d54aab31741e7bf2f93b2b36a800d052da7e46d7989ad2df133aed3bb03fe7	SOURCE_VERDICT_REVIEW_NO_SCIENTIFIC_RERUN	VERIFIED	SEE_SEPARATE_SAVED_OUTPUT_REVIEW	NOT_PERFORMED	No independent physics rerun; early incomplete attempts are not promoted from directory names.
12_transition_tube/v090y_stage90x_replay93_100_pbe8_reference_execution_independent_review_v001|${PROJECT_ROOT}/12_transition_tube/versions/v090y_stage90x_replay93_100_pbe8_reference_execution_independent_review_v001/attempt_20260915T203403Z	${PROJECT_ROOT}/12_transition_tube/versions/v090y_stage90x_replay93_100_pbe8_reference_execution_independent_review_v001/attempt_20260915T203403Z/STAGE90Y_REVIEW_VERDICT.json	10fbd8d9f1c14a22b34949f84f9fb7ab7b65feb6d6ac8fc1ff79a894f43dbda7	SOURCE_VERDICT_REVIEW_NO_SCIENTIFIC_RERUN	VERIFIED	SEE_SEPARATE_SAVED_OUTPUT_REVIEW	NOT_PERFORMED	No independent physics rerun; early incomplete attempts are not promoted from directory names.
12_transition_tube/v090z_stage90x_pbe8_reference_execution_interpretation_closure_v001|${PROJECT_ROOT}/12_transition_tube/versions/v090z_stage90x_pbe8_reference_execution_interpretation_closure_v001/attempt_20260915T205245Z	${PROJECT_ROOT}/12_transition_tube/versions/v090z_stage90x_pbe8_reference_execution_interpretation_closure_v001/attempt_20260915T205245Z/STAGE90Z_TERMINAL_DECISION.json	8fd31b769af326b6fb0333dcb92f8923a7526ea8c2054f8c6bcbebc790618721	SOURCE_VERDICT_REVIEW_NO_SCIENTIFIC_RERUN	VERIFIED	SEE_SEPARATE_SAVED_OUTPUT_REVIEW	NOT_PERFORMED	No independent physics rerun; early incomplete attempts are not promoted from directory names.
12_transition_tube/v091a_train119_dataset_protocol_freeze_v001|${PROJECT_ROOT}/12_transition_tube/versions/v091a_train119_dataset_protocol_freeze_v001/attempt_20260915T205746Z	${PROJECT_ROOT}/12_transition_tube/versions/v091a_train119_dataset_protocol_freeze_v001/attempt_20260915T205746Z/STAGE91A_TERMINAL_DECISION.json	bc53aff4391931b4d09ce430ac78a9a0399b66320961dd35bd13d2fa8d1ecb28	SOURCE_VERDICT_REVIEW_NO_SCIENTIFIC_RERUN	VERIFIED	SEE_SEPARATE_SAVED_OUTPUT_REVIEW	NOT_PERFORMED	No independent physics rerun; early incomplete attempts are not promoted from directory names.
12_transition_tube/v091b_train119_dataset_construction_execution_v001|${PROJECT_ROOT}/12_transition_tube/versions/v091b_train119_dataset_construction_execution_v001/attempt_20260915T210014Z	${PROJECT_ROOT}/12_transition_tube/versions/v091b_train119_dataset_construction_execution_v001/attempt_20260915T210014Z/STAGE91B_TERMINAL_DECISION.json	5f86c0c8abacfd378e4d6603a2c2049937c6215908e524dfb835942252e9ae33	SOURCE_VERDICT_REVIEW_NO_SCIENTIFIC_RERUN	VERIFIED	SEE_SEPARATE_SAVED_OUTPUT_REVIEW	NOT_PERFORMED	No independent physics rerun; early incomplete attempts are not promoted from directory names.
12_transition_tube/v091c_r1_stage91b_train119_dataset_construction_independent_review_v001|${PROJECT_ROOT}/12_transition_tube/versions/v091c_r1_stage91b_train119_dataset_construction_independent_review_v001/attempt_20260915T210520Z	${PROJECT_ROOT}/12_transition_tube/versions/v091c_r1_stage91b_train119_dataset_construction_independent_review_v001/attempt_20260915T210520Z/STAGE91C_REVIEW_VERDICT.json	b938813dcf179734af8106f41fa7a41d13d51cefbcb25cc07f5ac0a30b7aa10c	SOURCE_VERDICT_REVIEW_NO_SCIENTIFIC_RERUN	VERIFIED	SEE_SEPARATE_SAVED_OUTPUT_REVIEW	NOT_PERFORMED	No independent physics rerun; early incomplete attempts are not promoted from directory names.
12_transition_tube/v091d_train119_dataset_construction_interpretation_closure_v001|${PROJECT_ROOT}/12_transition_tube/versions/v091d_train119_dataset_construction_interpretation_closure_v001/attempt_20260915T211021Z	${PROJECT_ROOT}/12_transition_tube/versions/v091d_train119_dataset_construction_interpretation_closure_v001/attempt_20260915T211021Z/STAGE91D_TERMINAL_DECISION.json	441726f3792feb976498dd645f7b5ca3512bbd3d5f154c6e14da0aff91b06422	SOURCE_VERDICT_REVIEW_NO_SCIENTIFIC_RERUN	VERIFIED	SEE_SEPARATE_SAVED_OUTPUT_REVIEW	NOT_PERFORMED	No independent physics rerun; early incomplete attempts are not promoted from directory names.
12_transition_tube/v091e_train119_deterministic_training_protocol_freeze_v001|${PROJECT_ROOT}/12_transition_tube/versions/v091e_train119_deterministic_training_protocol_freeze_v001/attempt_20260915T211330Z	${PROJECT_ROOT}/12_transition_tube/versions/v091e_train119_deterministic_training_protocol_freeze_v001/attempt_20260915T211330Z/STAGE91E_TERMINAL_DECISION.json	437319321082f937919c29c95168986de0b2b44eec0758bca4dc19e6af705bbd	SOURCE_VERDICT_REVIEW_NO_SCIENTIFIC_RERUN	VERIFIED	SEE_SEPARATE_SAVED_OUTPUT_REVIEW	NOT_PERFORMED	No independent physics rerun; early incomplete attempts are not promoted from directory names.
12_transition_tube/v091f_train119_deterministic_training_execution_v001|${PROJECT_ROOT}/12_transition_tube/versions/v091f_train119_deterministic_training_execution_v001/attempt_20260915T214939Z	${PROJECT_ROOT}/12_transition_tube/versions/v091f_train119_deterministic_training_execution_v001/attempt_20260915T214939Z/STAGE91F_TERMINAL_DECISION.json	1ba66f8513dbd3058b4cb676b2b83af1272e8bf1c5eb2b4bea9aec5cbd89e9b5	SOURCE_VERDICT_REVIEW_NO_SCIENTIFIC_RERUN	VERIFIED	SEE_SEPARATE_SAVED_OUTPUT_REVIEW	NOT_PERFORMED	No independent physics rerun; early incomplete attempts are not promoted from directory names.
12_transition_tube/v091g_r1_stage91f_train119_deterministic_training_execution_independent_review_v001|${PROJECT_ROOT}/12_transition_tube/versions/v091g_r1_stage91f_train119_deterministic_training_execution_independent_review_v001/attempt_20260915T220258Z	${PROJECT_ROOT}/12_transition_tube/versions/v091g_r1_stage91f_train119_deterministic_training_execution_independent_review_v001/attempt_20260915T220258Z/STAGE91G_REVIEW_VERDICT.json	49f890a35e673b535ad8aed969023f11cfb24536724b4b7cb3229bc2a89f79b8	SOURCE_VERDICT_REVIEW_NO_SCIENTIFIC_RERUN	VERIFIED	SEE_SEPARATE_SAVED_OUTPUT_REVIEW	NOT_PERFORMED	No independent physics rerun; early incomplete attempts are not promoted from directory names.
12_transition_tube/v091h_stage91f_train119_deterministic_training_execution_interpretation_closure_v001|${PROJECT_ROOT}/12_transition_tube/versions/v091h_stage91f_train119_deterministic_training_execution_interpretation_closure_v001/attempt_20260915T220700Z	${PROJECT_ROOT}/12_transition_tube/versions/v091h_stage91f_train119_deterministic_training_execution_interpretation_closure_v001/attempt_20260915T220700Z/STAGE91H_TERMINAL_DECISION.json	0a4e9e9c69a474ddf5356b542087124f82e19742e680d3002875923842a82702	SOURCE_VERDICT_REVIEW_NO_SCIENTIFIC_RERUN	VERIFIED	SEE_SEPARATE_SAVED_OUTPUT_REVIEW	NOT_PERFORMED	No independent physics rerun; early incomplete attempts are not promoted from directory names.
12_transition_tube/v091i_r1_train119_post_training_validation_and_applicability_protocol_freeze_v001|${PROJECT_ROOT}/12_transition_tube/versions/v091i_r1_train119_post_training_validation_and_applicability_protocol_freeze_v001/attempt_20260915T231617Z	${PROJECT_ROOT}/12_transition_tube/versions/v091i_r1_train119_post_training_validation_and_applicability_protocol_freeze_v001/attempt_20260915T231617Z/STAGE91I_TERMINAL_DECISION.json	d14dc78dc9758d4470758bc41410c8a0f4f422db8ba110b043c7b1bffff37317	SOURCE_VERDICT_REVIEW_NO_SCIENTIFIC_RERUN	VERIFIED	SEE_SEPARATE_SAVED_OUTPUT_REVIEW	NOT_PERFORMED	No independent physics rerun; early incomplete attempts are not promoted from directory names.
logs/v000|${PROJECT_ROOT}/logs/iterations/v000	NO_TERMINAL_RECORD_LOCATED		INVENTORY_ONLY_NO_TERMINAL_SOURCE	NOT_APPLICABLE_NO_TERMINAL_SOURCE	SEE_SEPARATE_SAVED_OUTPUT_REVIEW	NOT_PERFORMED	No independent physics rerun; early incomplete attempts are not promoted from directory names.
stages/v030r_repair_20260722T213924Z|${PROJECT_ROOT}/stages/v030r_repair_20260722T213924Z	NO_TERMINAL_RECORD_LOCATED		INVENTORY_ONLY_NO_TERMINAL_SOURCE	NOT_APPLICABLE_NO_TERMINAL_SOURCE	SEE_SEPARATE_SAVED_OUTPUT_REVIEW	NOT_PERFORMED	No independent physics rerun; early incomplete attempts are not promoted from directory names.
stages/v031r_recovery_20260722T224417Z|${PROJECT_ROOT}/stages/v031r_recovery_20260722T224417Z	NO_TERMINAL_RECORD_LOCATED		INVENTORY_ONLY_NO_TERMINAL_SOURCE	NOT_APPLICABLE_NO_TERMINAL_SOURCE	SEE_SEPARATE_SAVED_OUTPUT_REVIEW	NOT_PERFORMED	No independent physics rerun; early incomplete attempts are not promoted from directory names.
stages/v032d_selection_diagnostic_20260722T234844Z|${PROJECT_ROOT}/stages/v032d_selection_diagnostic_20260722T234844Z	NO_TERMINAL_RECORD_LOCATED		INVENTORY_ONLY_NO_TERMINAL_SOURCE	NOT_APPLICABLE_NO_TERMINAL_SOURCE	SEE_SEPARATE_SAVED_OUTPUT_REVIEW	NOT_PERFORMED	No independent physics rerun; early incomplete attempts are not promoted from directory names.
stages/v032d_v002_fix_20260722T235558Z|${PROJECT_ROOT}/stages/v032d_v002_fix_20260722T235558Z	NO_TERMINAL_RECORD_LOCATED		INVENTORY_ONLY_NO_TERMINAL_SOURCE	NOT_APPLICABLE_NO_TERMINAL_SOURCE	SEE_SEPARATE_SAVED_OUTPUT_REVIEW	NOT_PERFORMED	No independent physics rerun; early incomplete attempts are not promoted from directory names.
stages/v032r_recovery_20260722T231217Z|${PROJECT_ROOT}/stages/v032r_recovery_20260722T231217Z	NO_TERMINAL_RECORD_LOCATED		INVENTORY_ONLY_NO_TERMINAL_SOURCE	NOT_APPLICABLE_NO_TERMINAL_SOURCE	SEE_SEPARATE_SAVED_OUTPUT_REVIEW	NOT_PERFORMED	No independent physics rerun; early incomplete attempts are not promoted from directory names.
AUDIT_20261002/VALIDATION11_GEOMETRY|${PROJECT_ROOT}/13_completion_20261002	${PROJECT_ROOT}/13_completion_20261002/00_PREFLIGHT/NEW_VALIDATION11_GEOMETRY_FINDING.json	01f84ddca8b5d7465d891bd85f6899f269e418799bf4b772f711d5495e0e3d36	SOURCE_VERDICT_REVIEW_NO_SCIENTIFIC_RERUN	VERIFIED	SEE_SEPARATE_SAVED_OUTPUT_REVIEW	NOT_PERFORMED	No independent physics rerun; early incomplete attempts are not promoted from directory names.
12_transition_tube/v091ia_validation11_independence_adjudication_v001|${PROJECT_ROOT}/12_transition_tube/versions/v091ia_validation11_independence_adjudication_v001/attempt_20261002T062955Z	${PROJECT_ROOT}/12_transition_tube/versions/v091ia_validation11_independence_adjudication_v001/attempt_20261002T062955Z/STAGE91IA_ADJUDICATION.json	5f58e9b12ddbe494edea542b7a2a7ec25122e7a7fc9b87483fcf7c9034f7f0e6	SOURCE_VERDICT_REVIEW_NO_SCIENTIFIC_RERUN	VERIFIED	SEE_SEPARATE_SAVED_OUTPUT_REVIEW	NOT_PERFORMED	No independent physics rerun; early incomplete attempts are not promoted from directory names.
12_transition_tube/v091ib_selector_calibration_cardinality_guard_repair_v001|${PROJECT_ROOT}/12_transition_tube/versions/v091ib_selector_calibration_cardinality_guard_repair_v001/attempt_20261002T063437Z	${PROJECT_ROOT}/12_transition_tube/versions/v091ib_selector_calibration_cardinality_guard_repair_v001/attempt_20261002T063437Z/STAGE91IB_TERMINAL_DECISION.json	aa1d8cf251081764c0291181d84d5ab79308cba4dd9e1444cb11681b079f1144	SOURCE_VERDICT_REVIEW_NO_SCIENTIFIC_RERUN	VERIFIED	SEE_SEPARATE_SAVED_OUTPUT_REVIEW	NOT_PERFORMED	No independent physics rerun; early incomplete attempts are not promoted from directory names.
12_transition_tube/v091j_train119_post_training_validation_and_applicability_execution_v001|${PROJECT_ROOT}/12_transition_tube/versions/v091j_train119_post_training_validation_and_applicability_execution_v001/attempt_20261002T063825Z	${PROJECT_ROOT}/12_transition_tube/versions/v091j_train119_post_training_validation_and_applicability_execution_v001/attempt_20261002T063825Z/STAGE91J_TERMINAL_DECISION.json	f3a166ddd2b810bd11f5853e4fff73494541e81fae7f928d38a184c2c74cf0d7	SOURCE_VERDICT_REVIEW_NO_SCIENTIFIC_RERUN	VERIFIED	SEE_SEPARATE_SAVED_OUTPUT_REVIEW	NOT_PERFORMED	No independent physics rerun; early incomplete attempts are not promoted from directory names.
12_transition_tube/v091k_stage91j_independent_recovery_review_v001|${PROJECT_ROOT}/12_transition_tube/versions/v091k_stage91j_independent_recovery_review_v001/attempt_20261002T063936Z	${PROJECT_ROOT}/12_transition_tube/versions/v091k_stage91j_independent_recovery_review_v001/attempt_20261002T063936Z/STAGE91K_REVIEW_VERDICT.json	328da71d565fa9e2a04d395d38423f27b828c99e9a25ffad8a4d78fa3610e1c4	SOURCE_VERDICT_REVIEW_NO_SCIENTIFIC_RERUN	VERIFIED	SEE_SEPARATE_SAVED_OUTPUT_REVIEW	NOT_PERFORMED	No independent physics rerun; early incomplete attempts are not promoted from directory names.
12_transition_tube/v091l_stage91j_interpretation_closure_v001|${PROJECT_ROOT}/12_transition_tube/versions/v091l_stage91j_interpretation_closure_v001/attempt_20261002T064004Z	${PROJECT_ROOT}/12_transition_tube/versions/v091l_stage91j_interpretation_closure_v001/attempt_20261002T064004Z/STAGE91L_INTERPRETATION.json	d27fb8289b3b4a02fb6f6ba46db339093dd031bf5b97d112509206b9ce63543f	SOURCE_VERDICT_REVIEW_NO_SCIENTIFIC_RERUN	VERIFIED	SEE_SEPARATE_SAVED_OUTPUT_REVIEW	NOT_PERFORMED	No independent physics rerun; early incomplete attempts are not promoted from directory names.
completion/v028_rng_robustness_v001|${PROJECT_ROOT}/13_completion_20261002/03_SCIENCE_COMPLETION/v028_rng_robustness/v002_execution	${PROJECT_ROOT}/13_completion_20261002/03_SCIENCE_COMPLETION/v028_rng_robustness/v002_execution/ROBUSTNESS_SUMMARY.json	71a8c1388b8dfc08f1a0461ff973ceac533d7b5c5f61f585d6927afe2be50ed4	SOURCE_VERDICT_REVIEW_NO_SCIENTIFIC_RERUN	VERIFIED	SEE_SEPARATE_SAVED_OUTPUT_REVIEW	NOT_PERFORMED	No independent physics rerun; early incomplete attempts are not promoted from directory names.
completion/v028_rng_evaluation_order_repair_protocol_v003|${PROJECT_ROOT}/13_completion_20261002/03_SCIENCE_COMPLETION/v028_rng_robustness/v003_evaluation_order_repair_protocol	${PROJECT_ROOT}/13_completion_20261002/03_SCIENCE_COMPLETION/v028_rng_robustness/v003_evaluation_order_repair_protocol/PROTOCOL_LOCK.json	85d25b317169b315feb1cd133f483ccafbd750e695ae19815df67a5ff3b06162	SOURCE_VERDICT_REVIEW_NO_SCIENTIFIC_RERUN	VERIFIED	SEE_SEPARATE_SAVED_OUTPUT_REVIEW	NOT_PERFORMED	No independent physics rerun; early incomplete attempts are not promoted from directory names.
completion/v028_rng_evaluation_order_repair_execution_v004|${PROJECT_ROOT}/13_completion_20261002/03_SCIENCE_COMPLETION/v028_rng_robustness/v004_evaluation_order_repair_execution	${PROJECT_ROOT}/13_completion_20261002/03_SCIENCE_COMPLETION/v028_rng_robustness/v004_evaluation_order_repair_execution/REPAIR_SUMMARY.json	b032e9af1ed3a0393dcb84ebdd769c1c61ea7b0306950ef6f2c8cc030d337b50	SOURCE_VERDICT_REVIEW_NO_SCIENTIFIC_RERUN	VERIFIED	SEE_SEPARATE_SAVED_OUTPUT_REVIEW	NOT_PERFORMED	No independent physics rerun; early incomplete attempts are not promoted from directory names.
completion/v028_rng_evaluation_order_repair_review_v005|${PROJECT_ROOT}/13_completion_20261002/03_SCIENCE_COMPLETION/v028_rng_robustness/v005_evaluation_order_repair_independent_review	${PROJECT_ROOT}/13_completion_20261002/03_SCIENCE_COMPLETION/v028_rng_robustness/v005_evaluation_order_repair_independent_review/REVIEW_VERDICT.json	29741e2cca14c766327aefa658bc839636160af13a6e6a153949fddd446b6e38	SOURCE_VERDICT_REVIEW_NO_SCIENTIFIC_RERUN	VERIFIED	SEE_SEPARATE_SAVED_OUTPUT_REVIEW	NOT_PERFORMED	No independent physics rerun; early incomplete attempts are not promoted from directory names.
completion/v028_rng_evaluation_order_repair_closure_v006|${PROJECT_ROOT}/13_completion_20261002/03_SCIENCE_COMPLETION/v028_rng_robustness/v006_evaluation_order_repair_closure	${PROJECT_ROOT}/13_completion_20261002/03_SCIENCE_COMPLETION/v028_rng_robustness/v006_evaluation_order_repair_closure/INTERPRETATION_CLOSURE.json	968dc6f8a3abc93808e376bc4bd75b83c4d4fa55a507204d02308810de3c0ff0	SOURCE_VERDICT_REVIEW_NO_SCIENTIFIC_RERUN	VERIFIED	SEE_SEPARATE_SAVED_OUTPUT_REVIEW	NOT_PERFORMED	No independent physics rerun; early incomplete attempts are not promoted from directory names.
