stage_or_version	section	attempt	status_class	authority	authority_sha256	scientific_execution	new_DFT	new_training	new_dynamics	known_defect	superseded_by	independence_status	usable_claim	forbidden_claim	next_action	recorded_status	current_pointer_names	evidence_document_count	evidence_level	stage_own_status	preserved_scientific_outcome	semantic_review_level	authority_relation
05_seed_dataset/v001_dft_seed_near_basin_and_transition	05_seed_dataset	${PROJECT_ROOT}/05_seed_dataset/versions/v001_dft_seed_near_basin_and_transition	SUPERSEDED	${PROJECT_ROOT}/05_seed_dataset/versions/v001_dft_seed_near_basin_and_transition/seed_dataset_summary_v001.json	a1be8746632c119fb9d88481cfeaad85d3ec3f2f8524397433e9bdc7493b07e9	UNKNOWN	UNKNOWN	UNKNOWN	UNKNOWN	Invalid force labels, wrong QE block. Keep raw outputs, use corrected labels.	${PROJECT_ROOT}/05_seed_dataset/versions/v002_dft_seed_forcefix_from_v001_outputs	NOT_ESTABLISHED	Invalid force labels, wrong QE block. Keep raw outputs, use corrected labels.	No promotion from a PASS marker alone; no gamma-as-error or unsupported deployment/IID claim.	NO_AUTOMATIC_ACTION_FROM_THIS_AUDIT	status=PASS		3	SOURCE_DOCUMENTS_HASHED_NOT_RERUN	PASS	NOT_ADJUDICATED_IN_THIS_RECORD	SOURCE_VERDICT_REVIEW_NO_SCIENTIFIC_RERUN	OWN_ATTEMPT_SOURCE
07_models/v006_selected_mtp_full_technical_checks	07_models	${PROJECT_ROOT}/07_models/versions/v006_selected_mtp_full_technical_checks/attempt_20260714T001035Z	SCIENTIFIC_FAIL	${PROJECT_ROOT}/07_models/versions/v006_selected_mtp_full_technical_checks/attempt_20260714T001035Z/technical_check_summary.json	e1a8e37b62b5a9218f40497392e8e41c08380faa147f0d02da904f09725c968c	UNKNOWN	UNKNOWN	UNKNOWN	UNKNOWN	Not established by the available top-level records; not an exhaustive physics/code audit.		NOT_ESTABLISHED	Inventory record, scientific success not inferred from directory name.	No promotion from a PASS marker alone; no gamma-as-error or unsupported deployment/IID claim.	NO_AUTOMATIC_ACTION_FROM_THIS_AUDIT	status=FAIL		1	SOURCE_DOCUMENTS_HASHED_NOT_RERUN	FAIL	NOT_ADJUDICATED_IN_THIS_RECORD	SOURCE_VERDICT_REVIEW_NO_SCIENTIFIC_RERUN	OWN_ATTEMPT_SOURCE
07_models/v007_no_update_mindist_retrain_and_checks	07_models	${PROJECT_ROOT}/07_models/versions/v007_no_update_mindist_retrain_and_checks/attempt_20260714T002542Z	SCIENTIFIC_FAIL	${PROJECT_ROOT}/07_models/versions/v007_no_update_mindist_retrain_and_checks/attempt_20260714T002542Z/summary.json	aa43d91a6b6f7e1f0edb900d1ee424d33b14270cefddac731f312159beade2cb	UNKNOWN	UNKNOWN	UNKNOWN	UNKNOWN	Not established by the available top-level records; not an exhaustive physics/code audit.		NOT_ESTABLISHED	Inventory record, scientific success not inferred from directory name.	No promotion from a PASS marker alone; no gamma-as-error or unsupported deployment/IID claim.	NO_AUTOMATIC_ACTION_FROM_THIS_AUDIT	status=FAIL		2	SOURCE_DOCUMENTS_HASHED_NOT_RERUN	FAIL	NOT_ADJUDICATED_IN_THIS_RECORD	SOURCE_VERDICT_REVIEW_NO_SCIENTIFIC_RERUN	OWN_ATTEMPT_SOURCE
07_models/v011_train42_cv_guarded_dynamics	07_models	${PROJECT_ROOT}/07_models/versions/v011_train42_cv_guarded_dynamics/attempt_20260714T173125Z	SCIENTIFIC_FAIL	${PROJECT_ROOT}/07_models/versions/v011_train42_cv_guarded_dynamics/attempt_20260714T173125Z/summary_v011.json	7131466ca72c7f0d1d90380ec92fb63eccf03919a440609077c6247d9579e45e	UNKNOWN	UNKNOWN	UNKNOWN	UNKNOWN	Not established by the available top-level records; not an exhaustive physics/code audit.		NOT_ESTABLISHED	Inventory record, scientific success not inferred from directory name.	No promotion from a PASS marker alone; no gamma-as-error or unsupported deployment/IID claim.	NO_AUTOMATIC_ACTION_FROM_THIS_AUDIT	status=FAIL_NO_DYNAMICS_SAFE_MODEL_SELECTED_FOR_DIAGNOSTICS_ONLY		3	SOURCE_DOCUMENTS_HASHED_NOT_RERUN	FAIL_NO_DYNAMICS_SAFE_MODEL_SELECTED_FOR_DIAGNOSTICS_ONLY	NOT_ADJUDICATED_IN_THIS_RECORD	SOURCE_VERDICT_REVIEW_NO_SCIENTIFIC_RERUN	OWN_ATTEMPT_SOURCE
09_strict_comparison/v017_common36_l14_training	09_strict_comparison	${PROJECT_ROOT}/09_strict_comparison/versions/v017_common36_l14_training/attempt_20260716T004845Z	SUPERSEDED	NO_TERMINAL_RECORD_LOCATED		UNKNOWN	UNKNOWN	UNKNOWN	UNKNOWN	L14 not the subsequently frozen L12 model.	${PROJECT_ROOT}/09_strict_comparison/versions/v018_common36_l12_protocol_recovery/attempt_20260716T092100Z; ${PROJECT_ROOT}/09_strict_comparison/versions/v018_common36_l12_protocol_recovery/attempt_20260716T092559Z	NOT_ESTABLISHED	L14 not the subsequently frozen L12 model.	No promotion from a PASS marker alone; no gamma-as-error or unsupported deployment/IID claim.	NO_AUTOMATIC_ACTION_FROM_THIS_AUDIT			1	INVENTORY_ONLY_NO_TERMINAL_STATUS	UNKNOWN_NO_TERMINAL_SOURCE	UNKNOWN_NOT_ADJUDICATED	INVENTORY_ONLY_NO_TERMINAL_SOURCE	UNESTABLISHED
09_strict_comparison/v017_common36_l14_training	09_strict_comparison	${PROJECT_ROOT}/09_strict_comparison/versions/v017_common36_l14_training/attempt_20260716T010106Z	SUPERSEDED	NO_TERMINAL_RECORD_LOCATED		UNKNOWN	UNKNOWN	UNKNOWN	UNKNOWN	L14 not the subsequently frozen L12 model.	${PROJECT_ROOT}/09_strict_comparison/versions/v018_common36_l12_protocol_recovery/attempt_20260716T092100Z; ${PROJECT_ROOT}/09_strict_comparison/versions/v018_common36_l12_protocol_recovery/attempt_20260716T092559Z	NOT_ESTABLISHED	L14 not the subsequently frozen L12 model.	No promotion from a PASS marker alone; no gamma-as-error or unsupported deployment/IID claim.	NO_AUTOMATIC_ACTION_FROM_THIS_AUDIT			1	INVENTORY_ONLY_NO_TERMINAL_STATUS	UNKNOWN_NO_TERMINAL_SOURCE	UNKNOWN_NOT_ADJUDICATED	INVENTORY_ONLY_NO_TERMINAL_SOURCE	UNESTABLISHED
09_strict_comparison/v017_common36_l14_training	09_strict_comparison	${PROJECT_ROOT}/09_strict_comparison/versions/v017_common36_l14_training/attempt_20260716T011448Z	SUPERSEDED	${PROJECT_ROOT}/09_strict_comparison/versions/v017_common36_l14_training/attempt_20260716T011448Z/summary_v017.json	c7131d8a1b7ad4d4ac7f4f245d584bdc695e4bb202e32d788a4d26c36ae8d4f7	UNKNOWN	UNKNOWN	UNKNOWN	UNKNOWN	L14 not the subsequently frozen L12 model.	${PROJECT_ROOT}/09_strict_comparison/versions/v018_common36_l12_protocol_recovery/attempt_20260716T092100Z; ${PROJECT_ROOT}/09_strict_comparison/versions/v018_common36_l12_protocol_recovery/attempt_20260716T092559Z	NOT_ESTABLISHED	L14 not the subsequently frozen L12 model.	No promotion from a PASS marker alone; no gamma-as-error or unsupported deployment/IID claim.	NO_AUTOMATIC_ACTION_FROM_THIS_AUDIT	status=PASS_COMMON36_L14_READY_FOR_FRESH_TUBE	CURRENT_COMMON36_L14_MODEL.txt	2	SOURCE_DOCUMENTS_HASHED_NOT_RERUN	PASS_COMMON36_L14_READY_FOR_FRESH_TUBE	NOT_ADJUDICATED_IN_THIS_RECORD	SOURCE_VERDICT_REVIEW_NO_SCIENTIFIC_RERUN	OWN_ATTEMPT_SOURCE
09_strict_comparison/v019_independent_audit_design	09_strict_comparison	${PROJECT_ROOT}/09_strict_comparison/versions/v019_independent_audit_design/attempt_20260716T103912Z	AUTHORITATIVE_WITH_CAVEAT	${PROJECT_ROOT}/09_strict_comparison/versions/v019_independent_audit_design/attempt_20260716T103912Z/summary_v019.json	fca6ad35b5771a392c4d0b105c077168acb1a6fe77b997b21a10c02da0338241	UNKNOWN	UNKNOWN	UNKNOWN	UNKNOWN	Design lock does not establish geometric non-overlap; later Stage72L2 revokes full Audit21 independence.		NOT_ESTABLISHED	Design lock does not establish geometric non-overlap; later Stage72L2 revokes full Audit21 independence.	No promotion from a PASS marker alone; no gamma-as-error or unsupported deployment/IID claim.	NO_AUTOMATIC_ACTION_FROM_THIS_AUDIT	status=PASS_INDEPENDENT_AUDIT_DESIGN_FROZEN_NO_DFT	CURRENT_INDEPENDENT_AUDIT_DESIGN.txt	4	SOURCE_DOCUMENTS_HASHED_NOT_RERUN	PASS_INDEPENDENT_AUDIT_DESIGN_FROZEN_NO_DFT	NOT_ADJUDICATED_IN_THIS_RECORD	SOURCE_VERDICT_REVIEW_NO_SCIENTIFIC_RERUN	OWN_ATTEMPT_SOURCE
09_strict_comparison/v021_basin_audit_dft12	09_strict_comparison	${PROJECT_ROOT}/09_strict_comparison/versions/v021_basin_audit_dft12/attempt_20260716T131439Z	TECHNICAL_FAIL	${PROJECT_ROOT}/09_strict_comparison/versions/v021_basin_audit_dft12/attempt_20260716T131439Z/summary_v021.json	62421d85daf342eea61a4b6ccb47874a7fdad1b0f717c730672ae0f7e428e2f8	UNKNOWN	UNKNOWN	UNKNOWN	UNKNOWN	Historical incomplete labeling/execution; not a model-accuracy verdict.	${PROJECT_ROOT}/09_strict_comparison/versions/v023_basin_audit_force_block_reparse/attempt_20260718T132812Z	NOT_ESTABLISHED	Historical incomplete labeling/execution; not a model-accuracy verdict.	No promotion from a PASS marker alone; no gamma-as-error or unsupported deployment/IID claim.	NO_AUTOMATIC_ACTION_FROM_THIS_AUDIT	status=FAIL_SOME_BASIN_AUDIT_DFT_v021	CURRENT_RUNNING_BASIN_AUDIT_DFT12.txt	2	SOURCE_DOCUMENTS_HASHED_NOT_RERUN	FAIL_SOME_BASIN_AUDIT_DFT_v021	NOT_ADJUDICATED_IN_THIS_RECORD	SOURCE_VERDICT_REVIEW_NO_SCIENTIFIC_RERUN	OWN_ATTEMPT_SOURCE
09_strict_comparison/v022_basin_audit_force_restart_recovery	09_strict_comparison	${PROJECT_ROOT}/09_strict_comparison/versions/v022_basin_audit_force_restart_recovery/attempt_20260716T224840Z	AUTHORITATIVE_WITH_CAVEAT	${PROJECT_ROOT}/09_strict_comparison/versions/v022_basin_audit_force_restart_recovery/attempt_20260716T224840Z/summary_v022.json	3d62c91a8e01e7bc28131187c4b3855477733870b2831997fbef8e31461ac7e7	UNKNOWN	UNKNOWN	UNKNOWN	UNKNOWN	Use final v023/v025 labels; two shared endpoint geometries, not a wholly independent Audit21.		NOT_ESTABLISHED	Use final v023/v025 labels; two shared endpoint geometries, not a wholly independent Audit21.	No promotion from a PASS marker alone; no gamma-as-error or unsupported deployment/IID claim.	NO_AUTOMATIC_ACTION_FROM_THIS_AUDIT	status=PASS_BASIN_AUDIT_FORCE_RECOVERY12_LABELLED	CURRENT_BASIN_AUDIT_FORCE_RECOVERY.txt	2	SOURCE_DOCUMENTS_HASHED_NOT_RERUN	PASS_BASIN_AUDIT_FORCE_RECOVERY12_LABELLED	NOT_ADJUDICATED_IN_THIS_RECORD	SOURCE_VERDICT_REVIEW_NO_SCIENTIFIC_RERUN	OWN_ATTEMPT_SOURCE
09_strict_comparison/v024_independent_neb_dft	09_strict_comparison	${PROJECT_ROOT}/09_strict_comparison/versions/v024_independent_neb_dft/attempt_20260718T190948Z	TECHNICAL_FAIL	${PROJECT_ROOT}/09_strict_comparison/versions/v024_independent_neb_dft/attempt_20260718T190948Z/summary_v024.json	5e0ef356864d26b13d7ceee0c80c23cfebec7ce5d6abbeef087a55d623cc4ba1	UNKNOWN	UNKNOWN	UNKNOWN	UNKNOWN	Process exit 137 is a failed NEB execution attempt, not authoritative converged NEB evidence. The separate successful attempt is preserved.		Two common36 endpoint overlaps; interior7 no same-order geometric overlap found	Process exit 137 is a failed NEB execution attempt, not authoritative converged NEB evidence. The separate successful attempt is preserved.	No promotion from a PASS marker alone; no gamma-as-error or unsupported deployment/IID claim.	NO_NEW_SCIENCE; USE_CURRENT_SOURCE_BASED_LEDGER_V005	status=FAIL_NEB_PROCESS_v024		2	SOURCE_DOCUMENTS_HASHED_NOT_RERUN	FAIL_NEB_PROCESS_v024	NOT_ADJUDICATED_IN_THIS_RECORD	SOURCE_VERDICT_REVIEW_NO_SCIENTIFIC_RERUN	OWN_ATTEMPT_SOURCE
09_strict_comparison/v024_independent_neb_dft	09_strict_comparison	${PROJECT_ROOT}/09_strict_comparison/versions/v024_independent_neb_dft/attempt_20260718T192335Z	AUTHORITATIVE_WITH_CAVEAT	${PROJECT_ROOT}/09_strict_comparison/versions/v024_independent_neb_dft/attempt_20260718T192335Z/summary_v024.json	51e41e90e4956f2fa9bf668068fd446356c37ca964f61015d1c82542c0d9c54b	UNKNOWN	UNKNOWN	UNKNOWN	UNKNOWN	Use final v023/v025 labels; two shared endpoint geometries, not a wholly independent Audit21.		Two common36 endpoint overlaps; interior7 no same-order geometric overlap found	Use final v023/v025 labels; two shared endpoint geometries, not a wholly independent Audit21.	No promotion from a PASS marker alone; no gamma-as-error or unsupported deployment/IID claim.	NO_AUTOMATIC_ACTION_FROM_THIS_AUDIT	status=PASS_INDEPENDENT_NEB9_DFT_CONVERGED	CURRENT_INDEPENDENT_NEB_DFT.txt	2	SOURCE_DOCUMENTS_HASHED_NOT_RERUN	PASS_INDEPENDENT_NEB9_DFT_CONVERGED	NOT_ADJUDICATED_IN_THIS_RECORD	SOURCE_VERDICT_REVIEW_NO_SCIENTIFIC_RERUN	OWN_ATTEMPT_SOURCE
09_strict_comparison/v025_independent_neb_single_points	09_strict_comparison	${PROJECT_ROOT}/09_strict_comparison/versions/v025_independent_neb_single_points/attempt_20260719T121231Z	AUTHORITATIVE_WITH_CAVEAT	${PROJECT_ROOT}/09_strict_comparison/versions/v025_independent_neb_single_points/attempt_20260719T121231Z/summary_v025.json	5c62dd33caf7ae845c8a87a9395c87ba6780d6184523a0a3fbd25276dda78961	UNKNOWN	UNKNOWN	UNKNOWN	UNKNOWN	Use final v023/v025 labels; two shared endpoint geometries, not a wholly independent Audit21.		Two common36 endpoint overlaps; interior7 no same-order geometric overlap found	Use final v023/v025 labels; two shared endpoint geometries, not a wholly independent Audit21.	No promotion from a PASS marker alone; no gamma-as-error or unsupported deployment/IID claim.	NO_AUTOMATIC_ACTION_FROM_THIS_AUDIT	status=PASS_INDEPENDENT_NEB9_SINGLE_POINTS_LABELLED	CURRENT_INDEPENDENT_NEB_SINGLE_POINTS.txt	2	SOURCE_DOCUMENTS_HASHED_NOT_RERUN	PASS_INDEPENDENT_NEB9_SINGLE_POINTS_LABELLED	NOT_ADJUDICATED_IN_THIS_RECORD	SOURCE_VERDICT_REVIEW_NO_SCIENTIFIC_RERUN	OWN_ATTEMPT_SOURCE
09_strict_comparison/v026_fresh_tube_active_selection	09_strict_comparison	${PROJECT_ROOT}/09_strict_comparison/versions/v026_fresh_tube_active_selection/attempt_20260720T142653Z	AUTHORITATIVE_WITH_CAVEAT	${PROJECT_ROOT}/09_strict_comparison/versions/v026_fresh_tube_active_selection/attempt_20260720T142653Z/summary_v026.json	dbd5814696499b659d8de7f32dc5d5eaa90a60f2df6a844fec7d45b88bdb386f	UNKNOWN	UNKNOWN	UNKNOWN	UNKNOWN	24 generated, 24 selected. Spatial allocation evidence, not comparative MaxVol subset-selection evidence.		Two common36 endpoint overlaps; interior7 no same-order geometric overlap found	24 generated, 24 selected. Spatial allocation evidence, not comparative MaxVol subset-selection evidence.	No promotion from a PASS marker alone; no gamma-as-error or unsupported deployment/IID claim.	NO_AUTOMATIC_ACTION_FROM_THIS_AUDIT	status=PASS_FRESH_TUBE_SELECTION_K_FIXED_BASIN_QUEUE_READY	CURRENT_FRESH_TUBE_ACTIVE_SELECTION.txt	2	SOURCE_DOCUMENTS_HASHED_NOT_RERUN	PASS_FRESH_TUBE_SELECTION_K_FIXED_BASIN_QUEUE_READY	NOT_ADJUDICATED_IN_THIS_RECORD	SOURCE_VERDICT_REVIEW_NO_SCIENTIFIC_RERUN	OWN_ATTEMPT_SOURCE
09_strict_comparison/v028_equal_budget_l12_training	09_strict_comparison	${PROJECT_ROOT}/09_strict_comparison/versions/v028_equal_budget_l12_training/attempt_20260722T183142Z	AUTHORITATIVE_WITH_CAVEAT	${PROJECT_ROOT}/09_strict_comparison/versions/v028_equal_budget_l12_training/attempt_20260722T183142Z/summary_v028.json	4208c23e15a7ac469cedc650012a8f92bb40279f7b98c4a2f828240408cbe74e	UNKNOWN	UNKNOWN	UNKNOWN	UNKNOWN	Frozen 60/60 models; no explicit seed in recorded training command. RNG robustness not established.		Two common36 endpoint overlaps; interior7 no same-order geometric overlap found	Frozen 60/60 models; no explicit seed in recorded training command. RNG robustness not established.	No promotion from a PASS marker alone; no gamma-as-error or unsupported deployment/IID claim.	NO_AUTOMATIC_ACTION_FROM_THIS_AUDIT	status=PASS_EQUAL_BUDGET_L12_MODELS_LOCKED_READY_FOR_FROZEN_AUDIT	CURRENT_EQUAL_BUDGET_L12_MODELS.txt	4	SOURCE_DOCUMENTS_HASHED_NOT_RERUN	PASS_EQUAL_BUDGET_L12_MODELS_LOCKED_READY_FOR_FROZEN_AUDIT	NOT_ADJUDICATED_IN_THIS_RECORD	SOURCE_VERDICT_REVIEW_NO_SCIENTIFIC_RERUN	OWN_ATTEMPT_SOURCE
09_strict_comparison/v029_frozen_audit21_evaluation	09_strict_comparison	${PROJECT_ROOT}/09_strict_comparison/versions/v029_frozen_audit21_evaluation/attempt_20260722T193925Z	AUTHORITATIVE_WITH_CAVEAT	${PROJECT_ROOT}/09_strict_comparison/versions/v029_frozen_audit21_evaluation/attempt_20260722T193925Z/summary_v029.json	5b9fddc956a40aed44e468a51fb38243a9ec29d52de22b4fcababb12ee403e29	UNKNOWN	UNKNOWN	UNKNOWN	UNKNOWN	Use final v023/v025 labels; two shared endpoint geometries, not a wholly independent Audit21.		Two common36 endpoint overlaps; interior7 no same-order geometric overlap found	Use final v023/v025 labels; two shared endpoint geometries, not a wholly independent Audit21.	No promotion from a PASS marker alone; no gamma-as-error or unsupported deployment/IID claim.	NO_AUTOMATIC_ACTION_FROM_THIS_AUDIT	status=PASS_FROZEN_AUDIT21_EVALUATED_NO_POST_AUDIT_TUNING	CURRENT_FROZEN_AUDIT21_EVALUATION.txt	3	SOURCE_DOCUMENTS_HASHED_NOT_RERUN	PASS_FROZEN_AUDIT21_EVALUATED_NO_POST_AUDIT_TUNING	NOT_ADJUDICATED_IN_THIS_RECORD	SOURCE_VERDICT_REVIEW_NO_SCIENTIFIC_RERUN	OWN_ATTEMPT_SOURCE
09_strict_comparison/v030_final_primary_analysis	09_strict_comparison	${PROJECT_ROOT}/09_strict_comparison/versions/v030_final_primary_analysis/attempt_20260722T211121Z	SUPERSEDED	${PROJECT_ROOT}/09_strict_comparison/versions/v030_final_primary_analysis/attempt_20260722T211121Z/summary_v030.json	51a1cca58a4839ec54e66014ac4a52120c0b4ab6632717ed7cd25830122f3630	UNKNOWN	UNKNOWN	UNKNOWN	UNKNOWN	Primary metric implementation superseded without retraining.	${PROJECT_ROOT}/09_strict_comparison/versions/v030_protocol_metric_recovery/attempt_20260722T214034Z	Two common36 endpoint overlaps; interior7 no same-order geometric overlap found	Primary metric implementation superseded without retraining.	No promotion from a PASS marker alone; no gamma-as-error or unsupported deployment/IID claim.	NO_AUTOMATIC_ACTION_FROM_THIS_AUDIT	status=PASS_FINAL_PRIMARY_ANALYSIS_AND_FIGURES	CURRENT_FINAL_PRIMARY_ANALYSIS.txt	2	SOURCE_DOCUMENTS_HASHED_NOT_RERUN	PASS_FINAL_PRIMARY_ANALYSIS_AND_FIGURES	NOT_ADJUDICATED_IN_THIS_RECORD	SOURCE_VERDICT_REVIEW_NO_SCIENTIFIC_RERUN	OWN_ATTEMPT_SOURCE
09_strict_comparison/v031_secondary_mtp_neb	09_strict_comparison	${PROJECT_ROOT}/09_strict_comparison/versions/v031_secondary_mtp_neb/attempt_20260722T220236Z	AUTHORITATIVE_WITH_CAVEAT	${PROJECT_ROOT}/09_strict_comparison/versions/v031_secondary_mtp_neb/attempt_20260722T220236Z/summary_v031.json	78518646f7ff3f4673940b543e735e5eff1a4882b12b84c1823b2b2489197314	UNKNOWN	UNKNOWN	UNKNOWN	UNKNOWN	Basin geometry collapsed; targeted converged with high grade. Preserve branch-specific outcomes.		Two common36 endpoint overlaps; interior7 no same-order geometric overlap found	Basin geometry collapsed; targeted converged with high grade. Preserve branch-specific outcomes.	No promotion from a PASS marker alone; no gamma-as-error or unsupported deployment/IID claim.	NO_AUTOMATIC_ACTION_FROM_THIS_AUDIT	status=PASS_SECONDARY_MTP_NEB_DIAGNOSTIC_COMPLETED	CURRENT_SECONDARY_MTP_NEB.txt	2	SOURCE_DOCUMENTS_HASHED_NOT_RERUN	PASS_SECONDARY_MTP_NEB_DIAGNOSTIC_COMPLETED	NOT_ADJUDICATED_IN_THIS_RECORD	SOURCE_VERDICT_REVIEW_NO_SCIENTIFIC_RERUN	OWN_ATTEMPT_SOURCE
09_strict_comparison/v031_secondary_mtp_neb_interpretation_recovery	09_strict_comparison	${PROJECT_ROOT}/09_strict_comparison/versions/v031_secondary_mtp_neb_interpretation_recovery/attempt_20260722T225318Z	AUTHORITATIVE_WITH_CAVEAT	${PROJECT_ROOT}/09_strict_comparison/versions/v031_secondary_mtp_neb_interpretation_recovery/attempt_20260722T225318Z/summary_v031r.json	61af63f4edbcf3c99fd2a231609cbf3b2e42e5861f7b5b1b9f5519c9e021903f	UNKNOWN	UNKNOWN	UNKNOWN	UNKNOWN	Basin geometry collapsed; targeted converged with high grade. Preserve branch-specific outcomes.		Two common36 endpoint overlaps; interior7 no same-order geometric overlap found	Basin geometry collapsed; targeted converged with high grade. Preserve branch-specific outcomes.	No promotion from a PASS marker alone; no gamma-as-error or unsupported deployment/IID claim.	NO_AUTOMATIC_ACTION_FROM_THIS_AUDIT	status=PASS_SECONDARY_MTP_NEB_INTERPRETATION_RECOVERY	CURRENT_SECONDARY_MTP_NEB_INTERPRETATION_RECOVERY.txt	2	SOURCE_DOCUMENTS_HASHED_NOT_RERUN	PASS_SECONDARY_MTP_NEB_INTERPRETATION_RECOVERY	NOT_ADJUDICATED_IN_THIS_RECORD	SOURCE_VERDICT_REVIEW_NO_SCIENTIFIC_RERUN	OWN_ATTEMPT_SOURCE
09_strict_comparison/v032_targeted_md_diagnostics	09_strict_comparison	${PROJECT_ROOT}/09_strict_comparison/versions/v032_targeted_md_diagnostics/attempt_20260722T230306Z	AUTHORITATIVE_WITH_CAVEAT	${PROJECT_ROOT}/09_strict_comparison/versions/v032_targeted_md_diagnostics/attempt_20260722T230306Z/summary_v032.json	7873670aae0278713e484eb90efddc8aa03fdd888f5b2689f2e6535d3dde45af	UNKNOWN	UNKNOWN	UNKNOWN	UNKNOWN	Raw captured first-update rejection evidence, no usable trajectory. Do not promote superseded v032r diagnosis.		NOT_ESTABLISHED	Raw captured first-update rejection evidence, no usable trajectory. Do not promote superseded v032r diagnosis.	No promotion from a PASS marker alone; no gamma-as-error or unsupported deployment/IID claim.	NO_AUTOMATIC_ACTION_FROM_THIS_AUDIT	status=PASS_TARGETED_MD_DIAGNOSTICS_COMPLETED	CURRENT_TARGETED_MD_DIAGNOSTICS.txt	2	SOURCE_DOCUMENTS_HASHED_NOT_RERUN	PASS_TARGETED_MD_DIAGNOSTICS_COMPLETED	NOT_ADJUDICATED_IN_THIS_RECORD	SOURCE_VERDICT_REVIEW_NO_SCIENTIFIC_RERUN	OWN_ATTEMPT_SOURCE
09_strict_comparison/v032_targeted_md_interpretation_recovery	09_strict_comparison	${PROJECT_ROOT}/09_strict_comparison/versions/v032_targeted_md_interpretation_recovery/attempt_20260722T231626Z	SUPERSEDED	${PROJECT_ROOT}/09_strict_comparison/versions/v032_targeted_md_interpretation_recovery/attempt_20260722T231626Z/summary_v032r.json	f1b9d70ed3edcf0ea9ef3290fad657eb06b97cb254b88a2ffe4a1105a3aec2b2	UNKNOWN	UNKNOWN	UNKNOWN	UNKNOWN	The technical-interface causal diagnosis was superseded by v032d, which compared the exact changed geometries.	${PROJECT_ROOT}/09_strict_comparison/versions/v032_selection_interface_diagnostic/attempt_20260723T001022Z	NOT_ESTABLISHED	The technical-interface causal diagnosis was superseded by v032d, which compared the exact changed geometries.	No promotion from a PASS marker alone; no gamma-as-error or unsupported deployment/IID claim.	NO_AUTOMATIC_ACTION_FROM_THIS_AUDIT	status=PASS_TARGETED_MD_INTERPRETATION_RECOVERY_NO_MD_DATA; overall_classification=technical_selection_grade_inconsistency_no_md_propagation	CURRENT_TARGETED_MD_INTERPRETATION_RECOVERY.txt	2	SOURCE_DOCUMENTS_HASHED_NOT_RERUN	PASS_TARGETED_MD_INTERPRETATION_RECOVERY_NO_MD_DATA	NOT_ADJUDICATED_IN_THIS_RECORD	SOURCE_VERDICT_REVIEW_NO_SCIENTIFIC_RERUN	OWN_ATTEMPT_SOURCE
09_strict_comparison/v032j_v032d_minimal_closure_source_oracle_replay	09_strict_comparison	${PROJECT_ROOT}/09_strict_comparison/versions/v032j_v032d_minimal_closure_source_oracle_replay/attempt_20260726T143349Z	TECHNICAL_FAIL	${PROJECT_ROOT}/09_strict_comparison/versions/v032j_v032d_minimal_closure_source_oracle_replay/attempt_20260726T143349Z/summary_v003.json	3704c6723ce948f83b8ac6fef4a3d118959420ec0836f3a91576527f2bc275dc	UNKNOWN	UNKNOWN	UNKNOWN	UNKNOWN	Source-oracle invocation unresolved.	${PROJECT_ROOT}/09_strict_comparison/versions/v032k_v032d_cfgblock_source_oracle_replay/attempt_20260726T145013Z	NOT_ESTABLISHED	Source-oracle invocation unresolved.	No promotion from a PASS marker alone; no gamma-as-error or unsupported deployment/IID claim.	NO_AUTOMATIC_ACTION_FROM_THIS_AUDIT	classification=SOURCE_ORACLE_INVOCATION_UNRESOLVED	CURRENT_V032D_MINIMAL_CLOSURE_SOURCE_ORACLE_REPLAY.txt	2	SOURCE_DOCUMENTS_HASHED_NOT_RERUN	SOURCE_ORACLE_INVOCATION_UNRESOLVED	NOT_ADJUDICATED_IN_THIS_RECORD	SOURCE_VERDICT_REVIEW_NO_SCIENTIFIC_RERUN	OWN_ATTEMPT_SOURCE
10_visualization/v005_q1_dataviz_source_audit_source_oracle_recovery	10_visualization	${PROJECT_ROOT}/10_visualization/versions/v005_q1_dataviz_source_audit_source_oracle_recovery/attempt_20260727T153023Z	AUTHORITATIVE_WITH_CAVEAT	${PROJECT_ROOT}/10_visualization/versions/v005_q1_dataviz_source_audit_source_oracle_recovery/attempt_20260727T153023Z/summary_v005.json	359a7d7df0a76e3190b5fa507bd974984cdb8336dd12bdedaf004cd7a570976f	UNKNOWN	UNKNOWN	UNKNOWN	UNKNOWN	Normalized publication sources, some absent from public GitHub.		NOT_ESTABLISHED	Normalized publication sources, some absent from public GitHub.	No promotion from a PASS marker alone; no gamma-as-error or unsupported deployment/IID claim.	NO_AUTOMATIC_ACTION_FROM_THIS_AUDIT	status=PASS_VISUAL_SOURCE_AUDIT_V005_SOURCE_ORACLE_DATA_READY	CURRENT_VISUAL_SOURCE_AUDIT_V005.txt	3	SOURCE_DOCUMENTS_HASHED_NOT_RERUN	PASS_VISUAL_SOURCE_AUDIT_V005_SOURCE_ORACLE_DATA_READY	NOT_ADJUDICATED_IN_THIS_RECORD	SOURCE_VERDICT_REVIEW_NO_SCIENTIFIC_RERUN	OWN_ATTEMPT_SOURCE
10_visualization/v039_frozen_path_1d_tunneling_audit	10_visualization	${PROJECT_ROOT}/10_visualization/versions/v039_frozen_path_1d_tunneling_audit/attempt_20260730T224427Z	AUTHORITATIVE_WITH_CAVEAT	${PROJECT_ROOT}/10_visualization/versions/v039_frozen_path_1d_tunneling_audit/attempt_20260730T224427Z/summary_v039.json	9bfbbbb92676330ce5c5f96ea7db973574519e2c5a235e1eb70b30d8cff640c4	"""FROZEN_PATH_1D_SCHRODINGER_AUDIT_ONLY"""	UNKNOWN	UNKNOWN	UNKNOWN	Stage62 is stored in v039. Global stage and local version are distinct numbering systems. One-dimensional spectral diagnostic.		NOT_ESTABLISHED	Stage62 is stored in v039. Global stage and local version are distinct numbering systems. One-dimensional spectral diagnostic.	No promotion from a PASS marker alone; no gamma-as-error or unsupported deployment/IID claim.	NO_AUTOMATIC_ACTION_FROM_THIS_AUDIT	status=PASS_STAGE62_FROZEN_PATH_1D_TUNNELING_AUDIT_V003	CURRENT_FROZEN_PATH_1D_TUNNELING_AUDIT_V039.txt	2	SOURCE_DOCUMENTS_HASHED_NOT_RERUN	PASS_STAGE62_FROZEN_PATH_1D_TUNNELING_AUDIT_V003	NOT_ADJUDICATED_IN_THIS_RECORD	SOURCE_VERDICT_REVIEW_NO_SCIENTIFIC_RERUN	OWN_ATTEMPT_SOURCE
12_transition_tube/v071_path60_grade_batch01_pbe_tube68_v003	12_transition_tube	${PROJECT_ROOT}/12_transition_tube/versions/v071_path60_grade_batch01_pbe_tube68_v003/work_20260803T213424Z	SUPERSEDED	NO_TERMINAL_RECORD_LOCATED		UNKNOWN	UNKNOWN	UNKNOWN	UNKNOWN	Early Tube68 label/training problems; use accepted seeded lineage.	${PROJECT_ROOT}/12_transition_tube/versions/v071d_seeded_random_training_amendment_v010/attempt_20260809T143200Z	PROTOCOL_SPECIFIC; Replay228 development; Challenge4 non-IID; Blind12 not accessed	Early Tube68 label/training problems; use accepted seeded lineage.	No promotion from a PASS marker alone; no gamma-as-error or unsupported deployment/IID claim.	NO_AUTOMATIC_ACTION_FROM_THIS_AUDIT		CURRENT_STAGE71_WORK_V003.txt	5	INVENTORY_ONLY_NO_TERMINAL_STATUS	UNKNOWN_NO_TERMINAL_SOURCE	UNKNOWN_NOT_ADJUDICATED	INVENTORY_ONLY_NO_TERMINAL_SOURCE	UNESTABLISHED
12_transition_tube/v071_path60_grade_batch01_pbe_tube68_v004	12_transition_tube	${PROJECT_ROOT}/12_transition_tube/versions/v071_path60_grade_batch01_pbe_tube68_v004/work_20260804T123407Z	SUPERSEDED	NO_TERMINAL_RECORD_LOCATED		UNKNOWN	UNKNOWN	UNKNOWN	UNKNOWN	Early Tube68 label/training problems; use accepted seeded lineage.	${PROJECT_ROOT}/12_transition_tube/versions/v071d_seeded_random_training_amendment_v010/attempt_20260809T143200Z	PROTOCOL_SPECIFIC; Replay228 development; Challenge4 non-IID; Blind12 not accessed	Early Tube68 label/training problems; use accepted seeded lineage.	No promotion from a PASS marker alone; no gamma-as-error or unsupported deployment/IID claim.	NO_AUTOMATIC_ACTION_FROM_THIS_AUDIT		CURRENT_STAGE71_WORK_V004.txt	6	INVENTORY_ONLY_NO_TERMINAL_STATUS	UNKNOWN_NO_TERMINAL_SOURCE	UNKNOWN_NOT_ADJUDICATED	INVENTORY_ONLY_NO_TERMINAL_SOURCE	UNESTABLISHED
12_transition_tube/v071_path60_grade_batch01_pbe_tube68_v005	12_transition_tube	${PROJECT_ROOT}/12_transition_tube/versions/v071_path60_grade_batch01_pbe_tube68_v005/attempt_20260804T155354Z	SUPERSEDED	${PROJECT_ROOT}/12_transition_tube/versions/v071_path60_grade_batch01_pbe_tube68_v005/attempt_20260804T155354Z/STAGE71_CONTRACT.json	20dcc10db9f2b9c4ec252dfcb4737e611cf08555e47d0bb2aac9de21e21b4d58	UNKNOWN	UNKNOWN	UNKNOWN	UNKNOWN	Early Tube68 label/training problems; use accepted seeded lineage.	${PROJECT_ROOT}/12_transition_tube/versions/v071d_seeded_random_training_amendment_v010/attempt_20260809T143200Z	PROTOCOL_SPECIFIC; Replay228 development; Challenge4 non-IID; Blind12 not accessed	Early Tube68 label/training problems; use accepted seeded lineage.	No promotion from a PASS marker alone; no gamma-as-error or unsupported deployment/IID claim.	NO_AUTOMATIC_ACTION_FROM_THIS_AUDIT	status=PASS_STAGE71_PATH60_GRADE_STRATIFIED_BATCH01_PBE_TUBE68_V005	CURRENT_STAGE71_PATH60_GRADE_BATCH01_PBE_TUBE68_V005.txt	12	SOURCE_DOCUMENTS_HASHED_NOT_RERUN	PASS_STAGE71_PATH60_GRADE_STRATIFIED_BATCH01_PBE_TUBE68_V005	NOT_ADJUDICATED_IN_THIS_RECORD	SOURCE_VERDICT_REVIEW_NO_SCIENTIFIC_RERUN	OWN_ATTEMPT_SOURCE
12_transition_tube/v071a_static_gate_a_tube68_v001	12_transition_tube	${PROJECT_ROOT}/12_transition_tube/versions/v071a_static_gate_a_tube68_v001/work_20260804T164432Z	SUPERSEDED	NO_TERMINAL_RECORD_LOCATED		UNKNOWN	UNKNOWN	UNKNOWN	UNKNOWN	Early Tube68 label/training problems; use accepted seeded lineage.	${PROJECT_ROOT}/12_transition_tube/versions/v071d_seeded_random_training_amendment_v010/attempt_20260809T143200Z	PROTOCOL_SPECIFIC; Replay228 development; Challenge4 non-IID; Blind12 not accessed	Early Tube68 label/training problems; use accepted seeded lineage.	No promotion from a PASS marker alone; no gamma-as-error or unsupported deployment/IID claim.	NO_AUTOMATIC_ACTION_FROM_THIS_AUDIT		CURRENT_STATIC_GATE_A_TUBE68_WORK_V001.txt	4	INVENTORY_ONLY_NO_TERMINAL_STATUS	UNKNOWN_NO_TERMINAL_SOURCE	UNKNOWN_NOT_ADJUDICATED	INVENTORY_ONLY_NO_TERMINAL_SOURCE	UNESTABLISHED
12_transition_tube/v071a_static_gate_a_tube68_v002	12_transition_tube	${PROJECT_ROOT}/12_transition_tube/versions/v071a_static_gate_a_tube68_v002/work_20260804T183527Z	SUPERSEDED	NO_TERMINAL_RECORD_LOCATED		UNKNOWN	UNKNOWN	UNKNOWN	UNKNOWN	Early Tube68 label/training problems; use accepted seeded lineage.	${PROJECT_ROOT}/12_transition_tube/versions/v071d_seeded_random_training_amendment_v010/attempt_20260809T143200Z	PROTOCOL_SPECIFIC; Replay228 development; Challenge4 non-IID; Blind12 not accessed	Early Tube68 label/training problems; use accepted seeded lineage.	No promotion from a PASS marker alone; no gamma-as-error or unsupported deployment/IID claim.	NO_AUTOMATIC_ACTION_FROM_THIS_AUDIT		CURRENT_STATIC_GATE_A_TUBE68_WORK_V002.txt	5	INVENTORY_ONLY_NO_TERMINAL_STATUS	UNKNOWN_NO_TERMINAL_SOURCE	UNKNOWN_NOT_ADJUDICATED	INVENTORY_ONLY_NO_TERMINAL_SOURCE	UNESTABLISHED
12_transition_tube/v071a_static_gate_a_tube68_v003	12_transition_tube	${PROJECT_ROOT}/12_transition_tube/versions/v071a_static_gate_a_tube68_v003/work_20260804T192951Z	SUPERSEDED	NO_TERMINAL_RECORD_LOCATED		UNKNOWN	UNKNOWN	UNKNOWN	UNKNOWN	Early Tube68 label/training problems; use accepted seeded lineage.	${PROJECT_ROOT}/12_transition_tube/versions/v071d_seeded_random_training_amendment_v010/attempt_20260809T143200Z	PROTOCOL_SPECIFIC; Replay228 development; Challenge4 non-IID; Blind12 not accessed	Early Tube68 label/training problems; use accepted seeded lineage.	No promotion from a PASS marker alone; no gamma-as-error or unsupported deployment/IID claim.	NO_AUTOMATIC_ACTION_FROM_THIS_AUDIT			6	INVENTORY_ONLY_NO_TERMINAL_STATUS	UNKNOWN_NO_TERMINAL_SOURCE	UNKNOWN_NOT_ADJUDICATED	INVENTORY_ONLY_NO_TERMINAL_SOURCE	UNESTABLISHED
12_transition_tube/v071a_static_gate_a_tube68_v003	12_transition_tube	${PROJECT_ROOT}/12_transition_tube/versions/v071a_static_gate_a_tube68_v003/work_20260804T201822Z	SUPERSEDED	NO_TERMINAL_RECORD_LOCATED		UNKNOWN	UNKNOWN	UNKNOWN	UNKNOWN	Early Tube68 label/training problems; use accepted seeded lineage.	${PROJECT_ROOT}/12_transition_tube/versions/v071d_seeded_random_training_amendment_v010/attempt_20260809T143200Z	PROTOCOL_SPECIFIC; Replay228 development; Challenge4 non-IID; Blind12 not accessed	Early Tube68 label/training problems; use accepted seeded lineage.	No promotion from a PASS marker alone; no gamma-as-error or unsupported deployment/IID claim.	NO_AUTOMATIC_ACTION_FROM_THIS_AUDIT		CURRENT_STATIC_GATE_A_TUBE68_WORK_V003.txt	6	INVENTORY_ONLY_NO_TERMINAL_STATUS	UNKNOWN_NO_TERMINAL_SOURCE	UNKNOWN_NOT_ADJUDICATED	INVENTORY_ONLY_NO_TERMINAL_SOURCE	UNESTABLISHED
12_transition_tube/v071a_static_gate_a_tube68_v004	12_transition_tube	${PROJECT_ROOT}/12_transition_tube/versions/v071a_static_gate_a_tube68_v004/attempt_20260805T182313Z	SUPERSEDED	${PROJECT_ROOT}/12_transition_tube/versions/v071a_static_gate_a_tube68_v004/attempt_20260805T182313Z/BUILD_COMPLETION.json	f6fcf39f153cb58c6beed8c04e3d3f349ed166e47feec01b9070013c7776c12e	UNKNOWN	MULTIPLE_VALUES_SEE_EVIDENCE	0	UNKNOWN	Early Tube68 label/training problems; use accepted seeded lineage.	${PROJECT_ROOT}/12_transition_tube/versions/v071d_seeded_random_training_amendment_v010/attempt_20260809T143200Z	PROTOCOL_SPECIFIC; Replay228 development; Challenge4 non-IID; Blind12 not accessed	Early Tube68 label/training problems; use accepted seeded lineage.	No promotion from a PASS marker alone; no gamma-as-error or unsupported deployment/IID claim.	NO_AUTOMATIC_ACTION_FROM_THIS_AUDIT	status=COMPLETE_STATIC_GATE_A_TUBE68_V004	CURRENT_STATIC_GATE_A_TUBE68_V004.txt	13	SOURCE_DOCUMENTS_HASHED_NOT_RERUN	COMPLETE_STATIC_GATE_A_TUBE68_V004	NOT_ADJUDICATED_IN_THIS_RECORD	SOURCE_VERDICT_REVIEW_NO_SCIENTIFIC_RERUN	OWN_ATTEMPT_SOURCE
12_transition_tube/v071c_batch01_force_parser_repair_tube68_v001	12_transition_tube	${PROJECT_ROOT}/12_transition_tube/versions/v071c_batch01_force_parser_repair_tube68_v001/attempt_20260806T140724Z	AUTHORITATIVE_WITH_CAVEAT	${PROJECT_ROOT}/12_transition_tube/versions/v071c_batch01_force_parser_repair_tube68_v001/attempt_20260806T140724Z/STAGE71C_SCIENTIFIC_CLASSIFICATION.json	98c5e01859b931ac0d98f2298c29f17138795f892294fd0a73e91923a6144bb8	UNKNOWN	0	2	UNKNOWN	Labels repaired, training protocol still confounded.	${PROJECT_ROOT}/12_transition_tube/versions/v071d_seeded_random_training_amendment_v010/attempt_20260809T143200Z	PROTOCOL_SPECIFIC; Replay228 development; Challenge4 non-IID; Blind12 not accessed	Labels repaired, training protocol still confounded.	No promotion from a PASS marker alone; no gamma-as-error or unsupported deployment/IID claim.	"""SEEDED_RANDOM_TRAINING_AMENDMENT_WITH_CORRECTED_TRAIN68_NO_NEW_DFT"""	status=PASS_STAGE71C_SCIENTIFIC_CLASSIFICATION; primary_classification=LABEL_PIPELINE_REPAIRED_TRAINING_PROTOCOL_CONFOUNDED	CURRENT_STAGE71C_FORCE_PARSER_REPAIR_V001.txt	11	SOURCE_DOCUMENTS_HASHED_NOT_RERUN	PASS_STAGE71C_SCIENTIFIC_CLASSIFICATION	NOT_ADJUDICATED_IN_THIS_RECORD	SOURCE_VERDICT_REVIEW_NO_SCIENTIFIC_RERUN	OWN_ATTEMPT_SOURCE
12_transition_tube/v071d_seeded_random_training_amendment_v002	12_transition_tube	${PROJECT_ROOT}/12_transition_tube/versions/v071d_seeded_random_training_amendment_v002/work_20260807T132400Z	SUPERSEDED	NO_TERMINAL_RECORD_LOCATED		UNKNOWN	UNKNOWN	UNKNOWN	UNKNOWN	Intermediate adopted runs; copied training outputs are not additional training calls.	${PROJECT_ROOT}/12_transition_tube/versions/v071d_seeded_random_training_amendment_v010/attempt_20260809T143200Z	PROTOCOL_SPECIFIC; Replay228 development; Challenge4 non-IID; Blind12 not accessed	Intermediate adopted runs; copied training outputs are not additional training calls.	No promotion from a PASS marker alone; no gamma-as-error or unsupported deployment/IID claim.	NO_AUTOMATIC_ACTION_FROM_THIS_AUDIT		CURRENT_STAGE71D_SEEDED_RANDOM_WORK_V002.txt	8	INVENTORY_ONLY_NO_TERMINAL_STATUS	UNKNOWN_NO_TERMINAL_SOURCE	UNKNOWN_NOT_ADJUDICATED	INVENTORY_ONLY_NO_TERMINAL_SOURCE	UNESTABLISHED
12_transition_tube/v071d_seeded_random_training_amendment_v003	12_transition_tube	${PROJECT_ROOT}/12_transition_tube/versions/v071d_seeded_random_training_amendment_v003/work_20260808T144524Z	SUPERSEDED	NO_TERMINAL_RECORD_LOCATED		UNKNOWN	UNKNOWN	UNKNOWN	UNKNOWN	Intermediate adopted runs; copied training outputs are not additional training calls.	${PROJECT_ROOT}/12_transition_tube/versions/v071d_seeded_random_training_amendment_v010/attempt_20260809T143200Z	PROTOCOL_SPECIFIC; Replay228 development; Challenge4 non-IID; Blind12 not accessed	Intermediate adopted runs; copied training outputs are not additional training calls.	No promotion from a PASS marker alone; no gamma-as-error or unsupported deployment/IID claim.	NO_AUTOMATIC_ACTION_FROM_THIS_AUDIT		CURRENT_STAGE71D_SEEDED_RANDOM_WORK_V003.txt	8	INVENTORY_ONLY_NO_TERMINAL_STATUS	UNKNOWN_NO_TERMINAL_SOURCE	UNKNOWN_NOT_ADJUDICATED	INVENTORY_ONLY_NO_TERMINAL_SOURCE	UNESTABLISHED
12_transition_tube/v071d_seeded_random_training_amendment_v004	12_transition_tube	${PROJECT_ROOT}/12_transition_tube/versions/v071d_seeded_random_training_amendment_v004/work_20260808T155418Z	SUPERSEDED	NO_TERMINAL_RECORD_LOCATED		UNKNOWN	UNKNOWN	UNKNOWN	UNKNOWN	Intermediate adopted runs; copied training outputs are not additional training calls.	${PROJECT_ROOT}/12_transition_tube/versions/v071d_seeded_random_training_amendment_v010/attempt_20260809T143200Z	PROTOCOL_SPECIFIC; Replay228 development; Challenge4 non-IID; Blind12 not accessed	Intermediate adopted runs; copied training outputs are not additional training calls.	No promotion from a PASS marker alone; no gamma-as-error or unsupported deployment/IID claim.	NO_AUTOMATIC_ACTION_FROM_THIS_AUDIT		CURRENT_STAGE71D_SEEDED_RANDOM_WORK_V004.txt	11	INVENTORY_ONLY_NO_TERMINAL_STATUS	UNKNOWN_NO_TERMINAL_SOURCE	UNKNOWN_NOT_ADJUDICATED	INVENTORY_ONLY_NO_TERMINAL_SOURCE	UNESTABLISHED
12_transition_tube/v071d_seeded_random_training_amendment_v007	12_transition_tube	${PROJECT_ROOT}/12_transition_tube/versions/v071d_seeded_random_training_amendment_v007/work_20260809T130830Z	SUPERSEDED	${PROJECT_ROOT}/12_transition_tube/versions/v071d_seeded_random_training_amendment_v007/work_20260809T130830Z/STAGE71D_SCIENTIFIC_CLASSIFICATION.json	fd135268f6f2add4be5ca10e9e6de530eaef29167d29058222f837fab6b5a681	UNKNOWN	0	UNKNOWN	UNKNOWN	Intermediate adopted runs; copied training outputs are not additional training calls.	${PROJECT_ROOT}/12_transition_tube/versions/v071d_seeded_random_training_amendment_v010/attempt_20260809T143200Z	PROTOCOL_SPECIFIC; Replay228 development; Challenge4 non-IID; Blind12 not accessed	Intermediate adopted runs; copied training outputs are not additional training calls.	No promotion from a PASS marker alone; no gamma-as-error or unsupported deployment/IID claim.	"""STAGE72_BATCH02_SELECTION_PBE_TUBE76_USING_FROZEN_SEEDED_BINARY"""	status=PASS_STAGE71D_SCIENTIFIC_CLASSIFICATION_V007_RECOVERY; primary_classification=MATCHED_SEEDED_CORRECTED_TUBE68_STATIC_AND_A4_PASS	CURRENT_STAGE71D_SEEDED_RANDOM_WORK_V007.txt	16	SOURCE_DOCUMENTS_HASHED_NOT_RERUN	PASS_STAGE71D_SCIENTIFIC_CLASSIFICATION_V007_RECOVERY	NOT_ADJUDICATED_IN_THIS_RECORD	SOURCE_VERDICT_REVIEW_NO_SCIENTIFIC_RERUN	OWN_ATTEMPT_SOURCE
12_transition_tube/v072_batch02_pbe_tube76_v001	12_transition_tube	${PROJECT_ROOT}/12_transition_tube/versions/v072_batch02_pbe_tube76_v001/attempt_20260809T182214Z	AUTHORITATIVE_WITH_CAVEAT	${PROJECT_ROOT}/12_transition_tube/versions/v072_batch02_pbe_tube76_v001/attempt_20260809T182214Z/STAGE72_DECISION.json	c60558cd2012930f17150a3087fa5429b538a79d3f7d80c61736b26984beb963	UNKNOWN	UNKNOWN	UNKNOWN	UNKNOWN	Tube76 candidate; inherited endpoint overlap, not final validation.		PROTOCOL_SPECIFIC; Replay228 development; Challenge4 non-IID; Blind12 not accessed	Tube76 candidate; inherited endpoint overlap, not final validation.	No promotion from a PASS marker alone; no gamma-as-error or unsupported deployment/IID claim.	"""STAGE72A_STATIC_GATE_B_TUBE76"""	status=PASS_STAGE72_BATCH02_SELECTION_PBE_TUBE76	CURRENT_STAGE72_BATCH02_PBE_TUBE76_V001.txt; CURRENT_STAGE72_WORK_V001.txt	19	SOURCE_DOCUMENTS_HASHED_NOT_RERUN	PASS_STAGE72_BATCH02_SELECTION_PBE_TUBE76	NOT_ADJUDICATED_IN_THIS_RECORD	SOURCE_VERDICT_REVIEW_NO_SCIENTIFIC_RERUN	OWN_ATTEMPT_SOURCE
12_transition_tube/v072a_static_gate_b_tube76_v001	12_transition_tube	${PROJECT_ROOT}/12_transition_tube/versions/v072a_static_gate_b_tube76_v001/work_20260809T231213Z	SCIENTIFIC_FAIL	${PROJECT_ROOT}/12_transition_tube/versions/v072a_static_gate_b_tube76_v001/work_20260809T231213Z/PHASE_STATE.json	4cebda982d74516bcf87748a524776fc8a07b795d1669ff0f75ca844ce04db36	UNKNOWN	UNKNOWN	UNKNOWN	UNKNOWN	Historical gate failure. Later A4 criterion-validity audit prevents interpreting endpoint counts alone as physical collapse.		PROTOCOL_SPECIFIC; Replay228 development; Challenge4 non-IID; Blind12 not accessed	Historical gate failure. Later A4 criterion-validity audit prevents interpreting endpoint counts alone as physical collapse.	No promotion from a PASS marker alone; no gamma-as-error or unsupported deployment/IID claim.	NO_AUTOMATIC_ACTION_FROM_THIS_AUDIT	source_status=	CURRENT_STAGE72A_STATIC_GATE_B_TUBE76_WORK_V001.txt	9	SOURCE_DOCUMENTS_HASHED_NOT_RERUN	PHASES_COMPLETE	HISTORICAL_A4_MODEL_COLLAPSE_AND_GATE_NOT_FINALIZABLE	SOURCE_VERDICT_REVIEW_NO_SCIENTIFIC_RERUN	OWN_ATTEMPT_SOURCE
12_transition_tube/v073_batch03_pbe_tube84_v001	12_transition_tube	${PROJECT_ROOT}/12_transition_tube/versions/v073_batch03_pbe_tube84_v001/attempt_20260810T140440Z	AUTHORITATIVE_WITH_CAVEAT	${PROJECT_ROOT}/12_transition_tube/versions/v073_batch03_pbe_tube84_v001/attempt_20260810T140440Z/STAGE73_DECISION.json	45d1256385acb5467dcfc468d860d9c50f294cea661f896f633a41b2c3a095af	UNKNOWN	UNKNOWN	UNKNOWN	UNKNOWN	Tube84 candidate, non-independent Audit21 component.		PROTOCOL_SPECIFIC; Replay228 development; Challenge4 non-IID; Blind12 not accessed	Tube84 candidate, non-independent Audit21 component.	No promotion from a PASS marker alone; no gamma-as-error or unsupported deployment/IID claim.	"""STAGE74_STATIC_GATE_C_AND_FIRST_UPDATE_GATE"""	status=PASS_STAGE73_BATCH03_SELECTION_PBE_TUBE84	CURRENT_STAGE73_BATCH03_PBE_TUBE84_V001.txt; CURRENT_STAGE73_WORK_V001.txt	18	SOURCE_DOCUMENTS_HASHED_NOT_RERUN	PASS_STAGE73_BATCH03_SELECTION_PBE_TUBE84	NOT_ADJUDICATED_IN_THIS_RECORD	SOURCE_VERDICT_REVIEW_NO_SCIENTIFIC_RERUN	OWN_ATTEMPT_SOURCE
12_transition_tube/v074_static_gate_c_first_update_tube84_v001	12_transition_tube	${PROJECT_ROOT}/12_transition_tube/versions/v074_static_gate_c_first_update_tube84_v001/attempt_20260905T084542Z	SCIENTIFIC_FAIL	${PROJECT_ROOT}/12_transition_tube/versions/v074_static_gate_c_first_update_tube84_v001/attempt_20260905T084542Z/STAGE74_DECISION.json	55fbb710bb8e0b936a24acca42b99fd60a62372e493d7cc77d265eeb485c0b9b	UNKNOWN	0	UNKNOWN	UNKNOWN	Original Stage74 gate failure preserved; amended reference-consistent A4 is a separate branch.		PROTOCOL_SPECIFIC; Replay228 development; Challenge4 non-IID; Blind12 not accessed	Original Stage74 gate failure preserved; amended reference-consistent A4 is a separate branch.	No promotion from a PASS marker alone; no gamma-as-error or unsupported deployment/IID claim.	"""NO_RESCUE_AUTHORIZED_BY_H3_STATIC_PRESERVATION_CONDITION_NOT_MET"""	status=COMPLETE_STAGE74_STATIC_GATE_C_FAIL_GATE0_NOT_RUN	CURRENT_STAGE74_GATE_C_FIRST_UPDATE_V001.txt; CURRENT_STAGE74_GATE_C_FIRST_UPDATE_WORK_V001.txt	6	SOURCE_DOCUMENTS_HASHED_NOT_RERUN	COMPLETE_STAGE74_STATIC_GATE_C_FAIL_GATE0_NOT_RUN	NOT_ADJUDICATED_IN_THIS_RECORD	SOURCE_VERDICT_REVIEW_NO_SCIENTIFIC_RERUN	OWN_ATTEMPT_SOURCE
12_transition_tube/v074b_gate0_repaired_branch_v001	12_transition_tube	${PROJECT_ROOT}/12_transition_tube/versions/v074b_gate0_repaired_branch_v001/attempt_20260905T133134Z	SCIENTIFIC_FAIL	${PROJECT_ROOT}/12_transition_tube/versions/v074b_gate0_repaired_branch_v001/attempt_20260905T133134Z/STAGE74B_DECISION.json	6de03c09bee36bfd4246d85a7cb874ff058139f718074ac9100bfad02ab34652	UNKNOWN	0	0	UNKNOWN	Repaired-branch Tube84 Gate0: applicability rejections, not measured DFT errors.		PROTOCOL_SPECIFIC; Replay228 development; Challenge4 non-IID; Blind12 not accessed	Repaired-branch Tube84 Gate0: applicability rejections, not measured DFT errors.	No promotion from a PASS marker alone; no gamma-as-error or unsupported deployment/IID claim.	"""H3_RESCUE_ELIGIBILITY_ADJUDICATION_REQUIRED"""	status=COMPLETE_STAGE74B_R2_REPAIRED_BRANCH_GATE0_FAIL	CURRENT_STAGE74B_GATE0_REPAIRED_BRANCH_V001.txt; CURRENT_STAGE74B_GATE0_REPAIRED_BRANCH_WORK_V001.txt	6	SOURCE_DOCUMENTS_HASHED_NOT_RERUN	COMPLETE_STAGE74B_R2_REPAIRED_BRANCH_GATE0_FAIL	NOT_ADJUDICATED_IN_THIS_RECORD	SOURCE_VERDICT_REVIEW_NO_SCIENTIFIC_RERUN	OWN_ATTEMPT_SOURCE
12_transition_tube/v075_tube92_rescue_pbe8_train92_v001	12_transition_tube	${PROJECT_ROOT}/12_transition_tube/versions/v075_tube92_rescue_pbe8_train92_v001/attempt_20260905T163659Z	AUTHORITATIVE_WITH_CAVEAT	${PROJECT_ROOT}/12_transition_tube/versions/v075_tube92_rescue_pbe8_train92_v001/attempt_20260905T163659Z/STAGE74F_R2_EXECUTION_RESULT.json	4bf63465d3e17a863f46b612d4ad0b070117df31a57c90b3f6aa2bb232e02a36	UNKNOWN	UNKNOWN	2	UNKNOWN	Adaptive rescue8 and training, not validation by itself.		PROTOCOL_SPECIFIC; Replay228 development; Challenge4 non-IID; Blind12 not accessed	Adaptive rescue8 and training, not validation by itself.	No promotion from a PASS marker alone; no gamma-as-error or unsupported deployment/IID claim.	NO_AUTOMATIC_ACTION_FROM_THIS_AUDIT	status=PASS_STAGE74F_R2_TUBE92_RESCUE_PBE8_TRAIN92_EXECUTION	CURRENT_STAGE75_TUBE92_RESCUE_WORK_V001.txt	11	SOURCE_DOCUMENTS_HASHED_NOT_RERUN	PASS_STAGE74F_R2_TUBE92_RESCUE_PBE8_TRAIN92_EXECUTION	NOT_ADJUDICATED_IN_THIS_RECORD	SOURCE_VERDICT_REVIEW_NO_SCIENTIFIC_RERUN	OWN_ATTEMPT_SOURCE
12_transition_tube/v075b_tube92_static_preservation_gate0_execution_v001	12_transition_tube	${PROJECT_ROOT}/12_transition_tube/versions/v075b_tube92_static_preservation_gate0_execution_v001/attempt_20260906T003945Z	TECHNICAL_FAIL	${PROJECT_ROOT}/12_transition_tube/versions/v075b_tube92_static_preservation_gate0_execution_v001/attempt_20260906T003945Z/STAGE75B_EXECUTION_EXCEPTION.json	ca741486cde3ee91caf2189beaeba707cae6e568e718a94f866d6762df66d015	UNKNOWN	UNKNOWN	0	UNKNOWN	Incomplete execution with payload adopted by R2.	${PROJECT_ROOT}/12_transition_tube/versions/v075b_tube92_static_preservation_gate0_execution_v001r2/attempt_20260906T005331Z	PROTOCOL_SPECIFIC; Replay228 development; Challenge4 non-IID; Blind12 not accessed	Incomplete execution with payload adopted by R2.	No promotion from a PASS marker alone; no gamma-as-error or unsupported deployment/IID claim.	NO_AUTOMATIC_ACTION_FROM_THIS_AUDIT	source_status=IMPLEMENTATION_OR_INTEGRITY_FAILURE_UNLESS_A_COMPLETE_FROZEN_SCIENCE_REPORT_ALREADY_EXISTS	CURRENT_STAGE75B_TUBE92_STATIC_GATE0_EXECUTION_V001.txt	3	SOURCE_DOCUMENTS_HASHED_NOT_RERUN	EXECUTION_EXCEPTION	UNKNOWN_NO_COMPLETE_STATIC_OR_GATE0_REPORT	SOURCE_VERDICT_REVIEW_NO_SCIENTIFIC_RERUN	OWN_ATTEMPT_SOURCE
12_transition_tube/v075b_tube92_static_preservation_gate0_execution_v001r1	12_transition_tube	${PROJECT_ROOT}/12_transition_tube/versions/v075b_tube92_static_preservation_gate0_execution_v001r1/attempt_20260906T004506Z	TECHNICAL_FAIL	${PROJECT_ROOT}/12_transition_tube/versions/v075b_tube92_static_preservation_gate0_execution_v001r1/attempt_20260906T004506Z/STAGE75B_EXECUTION_EXCEPTION.json	ba77329eb7d32f59c17ae536a10fa18380f86f3f474ebd942eb4e26bcce07037	false	UNKNOWN	0	UNKNOWN	Incomplete execution with payload adopted by R2.	${PROJECT_ROOT}/12_transition_tube/versions/v075b_tube92_static_preservation_gate0_execution_v001r2/attempt_20260906T005331Z	PROTOCOL_SPECIFIC; Replay228 development; Challenge4 non-IID; Blind12 not accessed	Incomplete execution with payload adopted by R2.	No promotion from a PASS marker alone; no gamma-as-error or unsupported deployment/IID claim.	NO_AUTOMATIC_ACTION_FROM_THIS_AUDIT	source_status=IMPLEMENTATION_OR_INTEGRITY_FAILURE_UNLESS_A_COMPLETE_FROZEN_SCIENCE_REPORT_ALREADY_EXISTS	CURRENT_STAGE75B_TUBE92_STATIC_GATE0_EXECUTION_V001R1.txt	7	SOURCE_DOCUMENTS_HASHED_NOT_RERUN	EXECUTION_EXCEPTION	UNKNOWN_NO_COMPLETE_STATIC_OR_GATE0_REPORT	SOURCE_VERDICT_REVIEW_NO_SCIENTIFIC_RERUN	OWN_ATTEMPT_SOURCE
12_transition_tube/v075b_tube92_static_preservation_gate0_execution_v001r2	12_transition_tube	${PROJECT_ROOT}/12_transition_tube/versions/v075b_tube92_static_preservation_gate0_execution_v001r2/attempt_20260906T005331Z	AUTHORITATIVE_WITH_CAVEAT	${PROJECT_ROOT}/12_transition_tube/versions/v075b_tube92_static_preservation_gate0_execution_v001r2/attempt_20260906T005331Z/STAGE75B_TERMINAL_DECISION.json	3b2455116964d230107aab654a17719d42ab736c02c1b1c4e029bc0db778a208	UNKNOWN	UNKNOWN	0	UNKNOWN	Amended static preservation and Gate0 passed; no full independent static claim.		PROTOCOL_SPECIFIC; Replay228 development; Challenge4 non-IID; Blind12 not accessed	Amended static preservation and Gate0 passed; no full independent static claim.	No promotion from a PASS marker alone; no gamma-as-error or unsupported deployment/IID claim.	"""SEPARATE_GATE1_SIX_100_STEP_RUNS_PROTOCOL_FREEZE"""	status=COMPLETE_STAGE75B_R2_TUBE92_STATIC_PASS_GATE0_PASS	CURRENT_STAGE75B_TUBE92_STATIC_GATE0_EXECUTION_V001R2.txt	4	SOURCE_DOCUMENTS_HASHED_NOT_RERUN	COMPLETE_STAGE75B_R2_TUBE92_STATIC_PASS_GATE0_PASS	NOT_ADJUDICATED_IN_THIS_RECORD	SOURCE_VERDICT_REVIEW_NO_SCIENTIFIC_RERUN	OWN_ATTEMPT_SOURCE
12_transition_tube/v076b_gate1_six_100_step_runs_execution_v001	12_transition_tube	${PROJECT_ROOT}/12_transition_tube/versions/v076b_gate1_six_100_step_runs_execution_v001/attempt_20260906T012807Z	TECHNICAL_FAIL	${PROJECT_ROOT}/12_transition_tube/versions/v076b_gate1_six_100_step_runs_execution_v001/attempt_20260906T012807Z/STAGE76B_TERMINAL_DECISION.json	b9ba4f9d3c09e646ac052b3fe22805986ce0f82d15a710a7bacfa436d95700da	UNKNOWN	UNKNOWN	0	UNKNOWN	Initial implementation failure; use R1.	${PROJECT_ROOT}/12_transition_tube/versions/v076b_gate1_six_100_step_runs_execution_v001r1/attempt_20260907T171136Z	PROTOCOL_SPECIFIC; Replay228 development; Challenge4 non-IID; Blind12 not accessed	Initial implementation failure; use R1.	No promotion from a PASS marker alone; no gamma-as-error or unsupported deployment/IID claim.	"""SEPARATE_CODE_REPAIR_REQUIRED_NO_AUTOMATIC_RERUN"""	status=STOP_STAGE76B_GATE1_IMPLEMENTATION_FAILURE_OUTCOME_UNKNOWN	CURRENT_STAGE76B_GATE1_EXECUTION_V001.txt	6	SOURCE_DOCUMENTS_HASHED_NOT_RERUN	STOP_STAGE76B_GATE1_IMPLEMENTATION_FAILURE_OUTCOME_UNKNOWN	NOT_ADJUDICATED_IN_THIS_RECORD	SOURCE_VERDICT_REVIEW_NO_SCIENTIFIC_RERUN	OWN_ATTEMPT_SOURCE
12_transition_tube/v076b_gate1_six_100_step_runs_execution_v001r1	12_transition_tube	${PROJECT_ROOT}/12_transition_tube/versions/v076b_gate1_six_100_step_runs_execution_v001r1/attempt_20260907T171136Z	SCIENTIFIC_FAIL	${PROJECT_ROOT}/12_transition_tube/versions/v076b_gate1_six_100_step_runs_execution_v001r1/attempt_20260907T171136Z/STAGE76B_TERMINAL_DECISION.json	b1cfb7da04cba3711cf2f29cc1cb47d8ecbd2be56baf303229e584000ef2c327	UNKNOWN	UNKNOWN	0	UNKNOWN	Applicability Gate1 failed at step4. Later PBE5 did not corroborate A2 accuracy failure.		PROTOCOL_SPECIFIC; Replay228 development; Challenge4 non-IID; Blind12 not accessed	Applicability Gate1 failed at step4. Later PBE5 did not corroborate A2 accuracy failure.	No promotion from a PASS marker alone; no gamma-as-error or unsupported deployment/IID claim.	"""CLOSE_REPAIRED_BRANCH_RESCUE_EXHAUSTED_NO_FURTHER_RESCUE"""	status=COMPLETE_STAGE76B_TUBE92_GATE1_FAIL	CURRENT_STAGE76B_GATE1_EXECUTION_V001R1.txt	5	SOURCE_DOCUMENTS_HASHED_NOT_RERUN	COMPLETE_STAGE76B_TUBE92_GATE1_FAIL	HISTORICAL_TUBE92_GATE1_FAIL_RETAINED; PHYSICAL_FORCE_ERROR_NOT_INFERRED	SOURCE_VERDICT_REVIEW_NO_SCIENTIFIC_RERUN	OWN_ATTEMPT_SOURCE
12_transition_tube/v076c_transition_tube_terminal_branch_closure_v001	12_transition_tube	${PROJECT_ROOT}/12_transition_tube/versions/v076c_transition_tube_terminal_branch_closure_v001/attempt_20260907T173340Z	AUTHORITATIVE_WITH_CAVEAT	${PROJECT_ROOT}/12_transition_tube/versions/v076c_transition_tube_terminal_branch_closure_v001/attempt_20260907T173340Z/STAGE76C_TERMINAL_BRANCH_CLOSURE.json	df1479a5c6cff58c575c6988e7bd009b45a53d5f0c3beb52fa6859ff2a0dbc39	false	UNKNOWN	0	UNKNOWN	Branch closure after applicability failure; no automatic additional original rescue.		PROTOCOL_SPECIFIC; Replay228 development; Challenge4 non-IID; Blind12 not accessed	Branch closure after applicability failure; no automatic additional original rescue.	No promotion from a PASS marker alone; no gamma-as-error or unsupported deployment/IID claim.	"""SEPARATE_READ_ONLY_GATE1_FAILURE_POSTMORTEM_PROTOCOL_FREEZE"""	status=PASS_STAGE76C_REPAIRED_BRANCH_TERMINAL_CLOSURE_AFTER_GENUINE_GATE1_FAIL	CURRENT_STAGE76C_TRANSITION_TUBE_TERMINAL_BRANCH_CLOSURE_V001.txt	5	SOURCE_DOCUMENTS_HASHED_NOT_RERUN	PASS_STAGE76C_REPAIRED_BRANCH_TERMINAL_CLOSURE_AFTER_GENUINE_GATE1_FAIL	HISTORICAL_TUBE92_GATE1_FAIL_RETAINED; PHYSICAL_FORCE_ERROR_NOT_INFERRED	SOURCE_VERDICT_REVIEW_NO_SCIENTIFIC_RERUN	OWN_ATTEMPT_SOURCE
12_transition_tube/v076e_gate1_failure_postmortem_execution_v001	12_transition_tube	${PROJECT_ROOT}/12_transition_tube/versions/v076e_gate1_failure_postmortem_execution_v001/attempt_20260907T180456Z	AUTHORITATIVE_WITH_CAVEAT	${PROJECT_ROOT}/12_transition_tube/versions/v076e_gate1_failure_postmortem_execution_v001/attempt_20260907T180456Z/STAGE76E_TERMINAL_DECISION.json	35bba87c29f3993389db24d247ea2918b228857c1f6706f59cd015379a8099fb	UNKNOWN	0	0	0	Successful read-only postmortem; own failure_class is null and grade replay passed. Historical Stage76B Gate1 FAIL remains unchanged.		PROTOCOL_SPECIFIC; Replay228 development; Challenge4 non-IID; Blind12 not accessed	Successful read-only postmortem; own failure_class is null and grade replay passed. Historical Stage76B Gate1 FAIL remains unchanged.	No promotion from a PASS marker alone; no gamma-as-error or unsupported deployment/IID claim.	NO_NEW_SCIENCE; USE_CURRENT_SOURCE_BASED_LEDGER_V005	status=PASS_STAGE76E_READ_ONLY_GATE1_FAILURE_POSTMORTEM_EXECUTION	CURRENT_STAGE76E_GATE1_FAILURE_POSTMORTEM_EXECUTION_V001.txt	9	SOURCE_DOCUMENTS_HASHED_NOT_RERUN	PASS_STAGE76E_READ_ONLY_GATE1_FAILURE_POSTMORTEM_EXECUTION	HISTORICAL_TUBE92_GATE1_FAIL_RETAINED; PHYSICAL_FORCE_ERROR_NOT_INFERRED	SOURCE_VERDICT_REVIEW_NO_SCIENTIFIC_RERUN	OWN_ATTEMPT_SOURCE
12_transition_tube/v080b_diagnostically_instrumented_active_set_coefficient_execution_v001	12_transition_tube	${PROJECT_ROOT}/12_transition_tube/versions/v080b_diagnostically_instrumented_active_set_coefficient_execution_v001/attempt_20260907T224615Z	TECHNICAL_FAIL	${PROJECT_ROOT}/12_transition_tube/versions/v080b_diagnostically_instrumented_active_set_coefficient_execution_v001/attempt_20260907T224615Z/STAGE80B_TERMINAL_DECISION.json	f1667f3960b3024c8c07b9e865a39632795cc5ec5123d136cfe7ae039118fc64	UNKNOWN	0	0	0	Initial technical identity failure.	${PROJECT_ROOT}/12_transition_tube/versions/v080b_diagnostically_instrumented_active_set_coefficient_execution_v001r1/attempt_20260907T225623Z	PROTOCOL_SPECIFIC; Replay228 development; Challenge4 non-IID; Blind12 not accessed	Initial technical identity failure.	No promotion from a PASS marker alone; no gamma-as-error or unsupported deployment/IID claim.	"""REPAIR_IMPLEMENTATION_ONLY_IF_NO_PROTOCOL_CHANGE"""	status=STOP_STAGE80B_TECHNICAL_IDENTITY_OR_IMPLEMENTATION_FAILURE_OUTCOME_UNKNOWN		2	SOURCE_DOCUMENTS_HASHED_NOT_RERUN	STOP_STAGE80B_TECHNICAL_IDENTITY_OR_IMPLEMENTATION_FAILURE_OUTCOME_UNKNOWN	NOT_ADJUDICATED_IN_THIS_RECORD	SOURCE_VERDICT_REVIEW_NO_SCIENTIFIC_RERUN	OWN_ATTEMPT_SOURCE
12_transition_tube/v085b2_selector_equation_adequacy_execution_corrected_energy_row_v001	12_transition_tube	${PROJECT_ROOT}/12_transition_tube/versions/v085b2_selector_equation_adequacy_execution_corrected_energy_row_v001/attempt_20260909T214444Z	AUTHORITATIVE_WITH_CAVEAT	${PROJECT_ROOT}/12_transition_tube/versions/v085b2_selector_equation_adequacy_execution_corrected_energy_row_v001/attempt_20260909T214444Z/STAGE85B_R1_TERMINAL_DECISION.json	0c138b26d4ee86e994900b2c9ba5b697a1d428f63ac2926a8c84638c14745d6d	true	0	0	0	Corrected energy-row selector experiment, not universal uncertainty calibration.		PROTOCOL_SPECIFIC; Replay228 development; Challenge4 non-IID; Blind12 not accessed	Corrected energy-row selector experiment, not universal uncertainty calibration.	No promotion from a PASS marker alone; no gamma-as-error or unsupported deployment/IID claim.	"""INTERPRET_STAGE85B_R1_CORRECTED_CROSSED_SELECTOR_RESULTS_BEFORE_ANY_NEW_SCIENTIFIC_ACTION"""	status=PASS_STAGE85B_R1_SELECTOR_EQUATION_ADEQUACY_EXECUTION_CORRECTED_ENERGY_ROW	CURRENT_STAGE85B_R1_SELECTOR_EQUATION_ADEQUACY_EXECUTION_CORRECTED_ENERGY_ROW_V001.txt	18	SOURCE_DOCUMENTS_HASHED_NOT_RERUN	PASS_STAGE85B_R1_SELECTOR_EQUATION_ADEQUACY_EXECUTION_CORRECTED_ENERGY_ROW	NOT_ADJUDICATED_IN_THIS_RECORD	SOURCE_VERDICT_REVIEW_NO_SCIENTIFIC_RERUN	OWN_ATTEMPT_SOURCE
12_transition_tube/v085b_selector_equation_adequacy_execution_v001	12_transition_tube	${PROJECT_ROOT}/12_transition_tube/versions/v085b_selector_equation_adequacy_execution_v001/attempt_20260909T163948Z	SUPERSEDED	${PROJECT_ROOT}/12_transition_tube/versions/v085b_selector_equation_adequacy_execution_v001/attempt_20260909T163948Z/STAGE85B_TERMINAL_DECISION.json	d26ca0f39c817621407de948ff7bb0ef53b70ba15a8a67c51d514d25837b94b5	true	0	0	0	Force-aware energy-row code path mismatch; E-only baseline retained.	${PROJECT_ROOT}/12_transition_tube/versions/v085b2_selector_equation_adequacy_execution_corrected_energy_row_v001/attempt_20260909T214444Z	PROTOCOL_SPECIFIC; Replay228 development; Challenge4 non-IID; Blind12 not accessed	Force-aware energy-row code path mismatch; E-only baseline retained.	No promotion from a PASS marker alone; no gamma-as-error or unsupported deployment/IID claim.	"""INTERPRET_STAGE85B_CROSSED_SELECTOR_EQUATION_RESULTS_BEFORE_ANY_NEW_SCIENTIFIC_ACTION"""	status=PASS_STAGE85B_SELECTOR_EQUATION_ADEQUACY_EXECUTION	CURRENT_STAGE85B_SELECTOR_EQUATION_ADEQUACY_EXECUTION_V001.txt	14	SOURCE_DOCUMENTS_HASHED_NOT_RERUN	PASS_STAGE85B_SELECTOR_EQUATION_ADEQUACY_EXECUTION	NOT_ADJUDICATED_IN_THIS_RECORD	SOURCE_VERDICT_REVIEW_NO_SCIENTIFIC_RERUN	OWN_ATTEMPT_SOURCE
12_transition_tube/v086b1_gate1_pbe5_force_error_adjudication_execution_parser_loader_repair_v001	12_transition_tube	${PROJECT_ROOT}/12_transition_tube/versions/v086b1_gate1_pbe5_force_error_adjudication_execution_parser_loader_repair_v001/attempt_20260909T224812Z	TECHNICAL_FAIL	${PROJECT_ROOT}/12_transition_tube/versions/v086b1_gate1_pbe5_force_error_adjudication_execution_parser_loader_repair_v001/attempt_20260909T224812Z/UNEXPECTED_IMPLEMENTATION_STOP.json	2a65292bafc85422a45ef6237ba9c0287f3d980cffabc0dd35623f2149bbdbb5	UNKNOWN	UNKNOWN	0	0	Parser/path/XML/recovery failure; retain actual partial-call evidence.	${PROJECT_ROOT}/12_transition_tube/versions/v086b5_gate1_pbe5_force_error_adjudication_execution_recovery_directory_collision_repair_v001/attempt_20260910T005059Z	PROTOCOL_SPECIFIC; Replay228 development; Challenge4 non-IID; Blind12 not accessed	Parser/path/XML/recovery failure; retain actual partial-call evidence.	No promotion from a PASS marker alone; no gamma-as-error or unsupported deployment/IID claim.	NO_AUTOMATIC_ACTION_FROM_THIS_AUDIT	status=INDETERMINATE_IMPLEMENTATION_FAILURE		2	SOURCE_DOCUMENTS_HASHED_NOT_RERUN	INDETERMINATE_IMPLEMENTATION_FAILURE	NOT_ADJUDICATED_IN_THIS_RECORD	SOURCE_VERDICT_REVIEW_NO_SCIENTIFIC_RERUN	OWN_ATTEMPT_SOURCE
12_transition_tube/v086b2_gate1_pbe5_force_error_adjudication_execution_qe_input_audit_repair_v001	12_transition_tube	${PROJECT_ROOT}/12_transition_tube/versions/v086b2_gate1_pbe5_force_error_adjudication_execution_qe_input_audit_repair_v001/attempt_20260909T225326Z	TECHNICAL_FAIL	${PROJECT_ROOT}/12_transition_tube/versions/v086b2_gate1_pbe5_force_error_adjudication_execution_qe_input_audit_repair_v001/attempt_20260909T225326Z/TECHNICAL_STOP.json	2e716e4c99b1ef11f5fba99c5a37616ac627a09410788083e965132a164e10cf	UNKNOWN	UNKNOWN	0	0	Parser/path/XML/recovery failure; retain actual partial-call evidence.	${PROJECT_ROOT}/12_transition_tube/versions/v086b5_gate1_pbe5_force_error_adjudication_execution_recovery_directory_collision_repair_v001/attempt_20260910T005059Z	PROTOCOL_SPECIFIC; Replay228 development; Challenge4 non-IID; Blind12 not accessed	Parser/path/XML/recovery failure; retain actual partial-call evidence.	No promotion from a PASS marker alone; no gamma-as-error or unsupported deployment/IID claim.	NO_AUTOMATIC_ACTION_FROM_THIS_AUDIT	status=INDETERMINATE_TECHNICAL_FAILURE		3	SOURCE_DOCUMENTS_HASHED_NOT_RERUN	INDETERMINATE_TECHNICAL_FAILURE	NOT_ADJUDICATED_IN_THIS_RECORD	SOURCE_VERDICT_REVIEW_NO_SCIENTIFIC_RERUN	OWN_ATTEMPT_SOURCE
12_transition_tube/v086b3_gate1_pbe5_force_error_adjudication_execution_namelist_path_repair_v001	12_transition_tube	${PROJECT_ROOT}/12_transition_tube/versions/v086b3_gate1_pbe5_force_error_adjudication_execution_namelist_path_repair_v001/attempt_20260910T000457Z	TECHNICAL_FAIL	${PROJECT_ROOT}/12_transition_tube/versions/v086b3_gate1_pbe5_force_error_adjudication_execution_namelist_path_repair_v001/attempt_20260910T000457Z/TECHNICAL_STOP.json	8becbd5de0169461e5bd3bea29da2e44671e7d796155a5042a1cb677630682c5	UNKNOWN	UNKNOWN	0	0	Parser/path/XML/recovery failure; retain actual partial-call evidence.	${PROJECT_ROOT}/12_transition_tube/versions/v086b5_gate1_pbe5_force_error_adjudication_execution_recovery_directory_collision_repair_v001/attempt_20260910T005059Z	PROTOCOL_SPECIFIC; Replay228 development; Challenge4 non-IID; Blind12 not accessed	Parser/path/XML/recovery failure; retain actual partial-call evidence.	No promotion from a PASS marker alone; no gamma-as-error or unsupported deployment/IID claim.	NO_AUTOMATIC_ACTION_FROM_THIS_AUDIT	status=INDETERMINATE_TECHNICAL_FAILURE		4	SOURCE_DOCUMENTS_HASHED_NOT_RERUN	INDETERMINATE_TECHNICAL_FAILURE	NOT_ADJUDICATED_IN_THIS_RECORD	SOURCE_VERDICT_REVIEW_NO_SCIENTIFIC_RERUN	OWN_ATTEMPT_SOURCE
12_transition_tube/v086b4_gate1_pbe5_force_error_adjudication_execution_xml_crosscheck_wrapper_repair_v001	12_transition_tube	${PROJECT_ROOT}/12_transition_tube/versions/v086b4_gate1_pbe5_force_error_adjudication_execution_xml_crosscheck_wrapper_repair_v001/attempt_20260910T004339Z	TECHNICAL_FAIL	${PROJECT_ROOT}/12_transition_tube/versions/v086b4_gate1_pbe5_force_error_adjudication_execution_xml_crosscheck_wrapper_repair_v001/attempt_20260910T004339Z/UNEXPECTED_IMPLEMENTATION_STOP.json	bcaa7b9f40fc1a2648e42bb45b2d35f000cfb42c58a967c1d183e86456b3352f	UNKNOWN	UNKNOWN	0	0	Parser/path/XML/recovery failure; retain actual partial-call evidence.	${PROJECT_ROOT}/12_transition_tube/versions/v086b5_gate1_pbe5_force_error_adjudication_execution_recovery_directory_collision_repair_v001/attempt_20260910T005059Z	PROTOCOL_SPECIFIC; Replay228 development; Challenge4 non-IID; Blind12 not accessed	Parser/path/XML/recovery failure; retain actual partial-call evidence.	No promotion from a PASS marker alone; no gamma-as-error or unsupported deployment/IID claim.	NO_AUTOMATIC_ACTION_FROM_THIS_AUDIT	status=INDETERMINATE_IMPLEMENTATION_FAILURE		5	SOURCE_DOCUMENTS_HASHED_NOT_RERUN	INDETERMINATE_IMPLEMENTATION_FAILURE	NOT_ADJUDICATED_IN_THIS_RECORD	SOURCE_VERDICT_REVIEW_NO_SCIENTIFIC_RERUN	OWN_ATTEMPT_SOURCE
12_transition_tube/v086c_gate1_pbe5_interpretation_closure_v001	12_transition_tube	${PROJECT_ROOT}/12_transition_tube/versions/v086c_gate1_pbe5_interpretation_closure_v001/attempt_20260910T062442Z	AUTHORITATIVE_WITH_CAVEAT	${PROJECT_ROOT}/12_transition_tube/versions/v086c_gate1_pbe5_interpretation_closure_v001/attempt_20260910T062442Z/STAGE86C_TERMINAL_DECISION.json	05244e713e19ac3edaa73107d38f8bc64037d8220d63fe05f413a525e7724e0c	UNKNOWN	UNKNOWN	0	0	Tube92 PBE5 does not corroborate A2 accuracy failure. Do not transfer numerical conclusion to original targeted60.		PROTOCOL_SPECIFIC; Replay228 development; Challenge4 non-IID; Blind12 not accessed	Tube92 PBE5 does not corroborate A2 accuracy failure. Do not transfer numerical conclusion to original targeted60.	No promotion from a PASS marker alone; no gamma-as-error or unsupported deployment/IID claim.	"""FREEZE_REVISED_FORCE_AWARE_DEPLOYMENT_APPLICABILITY_GATE_BEFORE_ANY_GATE1_RERUN"""	status=PASS_STAGE86C_GATE1_PBE5_INTERPRETATION_CLOSURE; interpretation_class=HISTORICAL_GATE1_ENERGY_ONLY_GRADE_BREAK_REJECTED_AS_ACCURACY_FAILURE_ON_FROZEN_PBE5_SEGMENT	CURRENT_STAGE86C_GATE1_PBE5_INTERPRETATION_CLOSURE_V001.txt	6	SOURCE_DOCUMENTS_HASHED_NOT_RERUN	PASS_STAGE86C_GATE1_PBE5_INTERPRETATION_CLOSURE	NOT_ADJUDICATED_IN_THIS_RECORD	SOURCE_VERDICT_REVIEW_NO_SCIENTIFIC_RERUN	OWN_ATTEMPT_SOURCE
12_transition_tube/v087d_gate1_rerun_execution_under_revised_force_aware_gate_v001	12_transition_tube	${PROJECT_ROOT}/12_transition_tube/versions/v087d_gate1_rerun_execution_under_revised_force_aware_gate_v001/attempt_20260910T145648Z	SCIENTIFIC_FAIL	${PROJECT_ROOT}/12_transition_tube/versions/v087d_gate1_rerun_execution_under_revised_force_aware_gate_v001/attempt_20260910T145648Z/STAGE87D_TERMINAL_DECISION.json	83ff0a20226f4d0481415bd2821a51306c939243353cf878ec2896101f204c89	UNKNOWN	0	0	228	Revised applicability crossing; subsequent PBE5 did not corroborate local A2 failure.		PROTOCOL_SPECIFIC; Replay228 development; Challenge4 non-IID; Blind12 not accessed	Revised applicability crossing; subsequent PBE5 did not corroborate local A2 failure.	No promotion from a PASS marker alone; no gamma-as-error or unsupported deployment/IID claim.	"""ADJUDICATE_REVISED_GATE1_CROSSING_OR_GEOMETRY_FAILURE_BEFORE_ANY_NEW_DFT_OR_TRAINING"""	status=FAIL_REVISED_GATE1_FIRST_FORCE_AWARE_CROSSING_OR_GEOMETRY_INVALIDITY; scientific_class=FAIL_REVISED_GATE1_FIRST_FORCE_AWARE_CROSSING_OR_GEOMETRY_INVALIDITY	CURRENT_STAGE87D_GATE1_RERUN_EXECUTION_UNDER_REVISED_FORCE_AWARE_GATE_V001.txt	5	SOURCE_DOCUMENTS_HASHED_NOT_RERUN	FAIL_REVISED_GATE1_FIRST_FORCE_AWARE_CROSSING_OR_GEOMETRY_INVALIDITY	NOT_ADJUDICATED_IN_THIS_RECORD	SOURCE_VERDICT_REVIEW_NO_SCIENTIFIC_RERUN	OWN_ATTEMPT_SOURCE
12_transition_tube/v087g_stage87f_crossing_pbe5_interpretation_closure_v001	12_transition_tube	${PROJECT_ROOT}/12_transition_tube/versions/v087g_stage87f_crossing_pbe5_interpretation_closure_v001/attempt_20260910T193313Z	AUTHORITATIVE_WITH_CAVEAT	${PROJECT_ROOT}/12_transition_tube/versions/v087g_stage87f_crossing_pbe5_interpretation_closure_v001/attempt_20260910T193313Z/STAGE87G_TERMINAL_DECISION.json	54d982dd4360f22b5566d8d4f6927bba20f86285a8444bb30a1122c4d9911ecc	false	0	0	0	Five contiguous frames, temporal association is not independent predictive calibration.		PROTOCOL_SPECIFIC; Replay228 development; Challenge4 non-IID; Blind12 not accessed	Five contiguous frames, temporal association is not independent predictive calibration.	No promotion from a PASS marker alone; no gamma-as-error or unsupported deployment/IID claim.	"""FREEZE_FORCE_AWARE_GAMMA_TO_PBE_ERROR_CALIBRATION_BEFORE_ANY_STOP_RELAXATION_OR_GATE1_CONTINUATION"""	status=PASS_STAGE87G_STAGE87F_CROSSING_PBE5_INTERPRETATION_CLOSURE; interpretation_class=REVISED_FORCE_AWARE_FIRST_CROSSING_VALID_AS_APPLICABILITY_EVENT_BUT_NOT_CORROBORATED_AS_LOCAL_A2_ACCURACY_FAILURE	CURRENT_STAGE87G_STAGE87F_CROSSING_PBE5_INTERPRETATION_CLOSURE_V001.txt	7	SOURCE_DOCUMENTS_HASHED_NOT_RERUN	PASS_STAGE87G_STAGE87F_CROSSING_PBE5_INTERPRETATION_CLOSURE	NOT_ADJUDICATED_IN_THIS_RECORD	SOURCE_VERDICT_REVIEW_NO_SCIENTIFIC_RERUN	OWN_ATTEMPT_SOURCE
12_transition_tube/v088c_calibration22_interpretation_closure_v001	12_transition_tube	${PROJECT_ROOT}/12_transition_tube/versions/v088c_calibration22_interpretation_closure_v001/attempt_20260911T135711Z	AUTHORITATIVE_WITH_CAVEAT	${PROJECT_ROOT}/12_transition_tube/versions/v088c_calibration22_interpretation_closure_v001/attempt_20260911T135711Z/STAGE88C_TERMINAL_DECISION.json	69ba0372069435572aabc0b524ac3e60ad46abe2660d23e21476f8acb3b584bf	false	0	0	0	Observed Calibration22 does not support a universal scalar gamma/error mapping; narrow empirical scope.		PROTOCOL_SPECIFIC; Replay228 development; Challenge4 non-IID; Blind12 not accessed	Observed Calibration22 does not support a universal scalar gamma/error mapping; narrow empirical scope.	No promotion from a PASS marker alone; no gamma-as-error or unsupported deployment/IID claim.	"""FREEZE_APPLICABILITY_COVERAGE_RESCUE_STRATEGY_BEFORE_ANY_TRAINING_OR_GATE1_RERUN"""	status=PASS_STAGE88C_CALIBRATION22_INTERPRETATION_CLOSURE; interpretation_class=FORCE_AWARE_GAMMA_RETAINED_AS_APPLICABILITY_DIAGNOSTIC_BUT_NOT_SUPPORTED_AS_UNIVERSAL_ACCURACY_CALIBRATOR_OVER_OBSERVED_GATE1_DOMAIN	CURRENT_STAGE88C_CALIBRATION22_INTERPRETATION_CLOSURE_V001.txt	7	SOURCE_DOCUMENTS_HASHED_NOT_RERUN	PASS_STAGE88C_CALIBRATION22_INTERPRETATION_CLOSURE	NOT_ADJUDICATED_IN_THIS_RECORD	SOURCE_VERDICT_REVIEW_NO_SCIENTIFIC_RERUN	OWN_ATTEMPT_SOURCE
12_transition_tube/v089b_train109_coverage_rescue_training_execution_v001	12_transition_tube	${PROJECT_ROOT}/12_transition_tube/versions/v089b_train109_coverage_rescue_training_execution_v001/attempt_20260912T082813Z	AUTHORITATIVE_WITH_CAVEAT	${PROJECT_ROOT}/12_transition_tube/versions/v089b_train109_coverage_rescue_training_execution_v001/attempt_20260912T082813Z/STAGE89B_TERMINAL_DECISION.json	3e47575587f4b25dbccdbf9f73988a96c2aebd01368308e45bb253a59a2ad3ee	UNKNOWN	0	2	0	Train109 training valid. Recorded independent-generalization flag based only on exact non-overlap is too strong.		PROTOCOL_SPECIFIC; Replay228 development; Challenge4 non-IID; Blind12 not accessed	Train109 training valid. Recorded independent-generalization flag based only on exact non-overlap is too strong.	No promotion from a PASS marker alone; no gamma-as-error or unsupported deployment/IID claim.	"""FREEZE_TRAIN109_FORCE_AWARE_SELECTOR_REBUILD_AND_FORCE_WEIGHT_RECALIBRATION_BEFORE_ANY_GATE1_RERUN"""	status=PASS_STAGE89B_TRAIN109_COVERAGE_RESCUE_TRAINING_EXECUTION	CURRENT_STAGE89B_TRAIN109_COVERAGE_RESCUE_TRAINING_EXECUTION_V001.txt	5	SOURCE_DOCUMENTS_HASHED_NOT_RERUN	PASS_STAGE89B_TRAIN109_COVERAGE_RESCUE_TRAINING_EXECUTION	NOT_ADJUDICATED_IN_THIS_RECORD	SOURCE_VERDICT_REVIEW_NO_SCIENTIFIC_RERUN	OWN_ATTEMPT_SOURCE
12_transition_tube/v089d1_train109_selector_execution_postwrite_calibration_guard_recovery_v001	12_transition_tube	${PROJECT_ROOT}/12_transition_tube/versions/v089d1_train109_selector_execution_postwrite_calibration_guard_recovery_v001/attempt_20260912T102918Z	TECHNICAL_FAIL	${PROJECT_ROOT}/12_transition_tube/versions/v089d1_train109_selector_execution_postwrite_calibration_guard_recovery_v001/attempt_20260912T102918Z/TECHNICAL_FAILURE.json	30bc3c46fb5a6afd70ccd7eff7ee811fec64a5cce8ff53215cdfa54e73688aa1	UNKNOWN	0	0	0	Partial calibration/serialization failure; later recovery adopted data.	${PROJECT_ROOT}/12_transition_tube/versions/v089d2_postwrite_holdout_serialization_guard_recovery_v001/attempt_20260912T110537Z	PROTOCOL_SPECIFIC; Replay228 development; Challenge4 non-IID; Blind12 not accessed	Partial calibration/serialization failure; later recovery adopted data.	No promotion from a PASS marker alone; no gamma-as-error or unsupported deployment/IID claim.	NO_AUTOMATIC_ACTION_FROM_THIS_AUDIT	source_status=INDETERMINATE_TECHNICAL_FAILURE		2	SOURCE_DOCUMENTS_HASHED_NOT_RERUN	TECHNICAL_EXECUTION_FAILURE	NOT_ADJUDICATED_IN_THIS_RECORD	SOURCE_VERDICT_REVIEW_NO_SCIENTIFIC_RERUN	OWN_ATTEMPT_SOURCE
12_transition_tube/v089d2_postwrite_holdout_serialization_guard_recovery_v001	12_transition_tube	${PROJECT_ROOT}/12_transition_tube/versions/v089d2_postwrite_holdout_serialization_guard_recovery_v001/attempt_20260912T110537Z	AUTHORITATIVE_WITH_CAVEAT	${PROJECT_ROOT}/12_transition_tube/versions/v089d2_postwrite_holdout_serialization_guard_recovery_v001/attempt_20260912T110537Z/STAGE89D_R2_TERMINAL_DECISION.json	a82c53b8977189ef9ed668056f4e711f8e7eaa37cbb14735a9435ef7da0ba31a	UNKNOWN	0	0	0	Recovered selector and historical holdout diagnostic, not IID test.		PROTOCOL_SPECIFIC; Replay228 development; Challenge4 non-IID; Blind12 not accessed	Recovered selector and historical holdout diagnostic, not IID test.	No promotion from a PASS marker alone; no gamma-as-error or unsupported deployment/IID claim.	"""INDEPENDENT_REVIEW_STAGE89D_R2_RECOVERY_BEFORE_ANY_STOP_OR_GATE1_DECISION"""	status=PASS_STAGE89D_R2_POSTWRITE_HOLDOUT_SERIALIZATION_GUARD_RECOVERY	CURRENT_STAGE89D_R2_POSTWRITE_HOLDOUT_SERIALIZATION_GUARD_RECOVERY_V001.txt	9	SOURCE_DOCUMENTS_HASHED_NOT_RERUN	PASS_STAGE89D_R2_POSTWRITE_HOLDOUT_SERIALIZATION_GUARD_RECOVERY	NOT_ADJUDICATED_IN_THIS_RECORD	SOURCE_VERDICT_REVIEW_NO_SCIENTIFIC_RERUN	OWN_ATTEMPT_SOURCE
12_transition_tube/v089d_train109_force_aware_selector_rebuild_holdout5_validation_execution_v001	12_transition_tube	${PROJECT_ROOT}/12_transition_tube/versions/v089d_train109_force_aware_selector_rebuild_holdout5_validation_execution_v001/attempt_20260912T095425Z	TECHNICAL_FAIL	${PROJECT_ROOT}/12_transition_tube/versions/v089d_train109_force_aware_selector_rebuild_holdout5_validation_execution_v001/attempt_20260912T095425Z/TECHNICAL_FAILURE.json	0a3089dd2878ea61f93809ff5f1e58cae4de3be05d95d5415a3136e9c64f0385	UNKNOWN	0	0	0	Partial calibration/serialization failure; later recovery adopted data.	${PROJECT_ROOT}/12_transition_tube/versions/v089d2_postwrite_holdout_serialization_guard_recovery_v001/attempt_20260912T110537Z	PROTOCOL_SPECIFIC; Replay228 development; Challenge4 non-IID; Blind12 not accessed	Partial calibration/serialization failure; later recovery adopted data.	No promotion from a PASS marker alone; no gamma-as-error or unsupported deployment/IID claim.	NO_AUTOMATIC_ACTION_FROM_THIS_AUDIT	source_status=INDETERMINATE_TECHNICAL_FAILURE		3	SOURCE_DOCUMENTS_HASHED_NOT_RERUN	TECHNICAL_EXECUTION_FAILURE	NOT_ADJUDICATED_IN_THIS_RECORD	SOURCE_VERDICT_REVIEW_NO_SCIENTIFIC_RERUN	OWN_ATTEMPT_SOURCE
12_transition_tube/v089g_full_six_condition_gate1_rerun_train109_x0p1_execution_v001	12_transition_tube	${PROJECT_ROOT}/12_transition_tube/versions/v089g_full_six_condition_gate1_rerun_train109_x0p1_execution_v001/attempt_20260912T152954Z	SCIENTIFIC_FAIL	${PROJECT_ROOT}/12_transition_tube/versions/v089g_full_six_condition_gate1_rerun_train109_x0p1_execution_v001/attempt_20260912T152954Z/STAGE89G_TERMINAL_DECISION.json	c9738af7ded021b1194ee6b4e432f4bffba993a0c5c23da11be78d3842da073b	true	0	0	228	Train109 applicability crossing near T300-left step28; accuracy failure not established.		PROTOCOL_SPECIFIC; Replay228 development; Challenge4 non-IID; Blind12 not accessed	Train109 applicability crossing near T300-left step28; accuracy failure not established.	No promotion from a PASS marker alone; no gamma-as-error or unsupported deployment/IID claim.	"""INDEPENDENT_REVIEW_OF_STAGE89G_EXECUTION_BEFORE_ANY_INTERPRETATION_CLOSURE_OR_GATE2_ACTION"""	status=FAIL_STAGE89G_GATE1_FIRST_CROSSING_OR_GEOMETRY; scientific_class=FAIL_FROZEN_GATE1_FIRST_PRIMARY_CROSSING_OR_GEOMETRY_INVALIDITY	CURRENT_STAGE89G_FULL_SIX_CONDITION_GATE1_RERUN_TRAIN109_X0P1_EXECUTION_V001.txt	6	SOURCE_DOCUMENTS_HASHED_NOT_RERUN	FAIL_STAGE89G_GATE1_FIRST_CROSSING_OR_GEOMETRY	NOT_ADJUDICATED_IN_THIS_RECORD	SOURCE_VERDICT_REVIEW_NO_SCIENTIFIC_RERUN	OWN_ATTEMPT_SOURCE
12_transition_tube/v089i_stage89g_failure_interpretation_closure_v001	12_transition_tube	${PROJECT_ROOT}/12_transition_tube/versions/v089i_stage89g_failure_interpretation_closure_v001/attempt_20260912T205814Z	SCIENTIFIC_FAIL	${PROJECT_ROOT}/12_transition_tube/versions/v089i_stage89g_failure_interpretation_closure_v001/attempt_20260912T205814Z/STAGE89I_TERMINAL_DECISION.json	7141c9ddf6363b62ead58e5515ddc2ed44165a3d35079a0d4e141ff64090f0ab	false	0	0	0	Not established by the available top-level records; not an exhaustive physics/code audit.		PROTOCOL_SPECIFIC; Replay228 development; Challenge4 non-IID; Blind12 not accessed	Use only within recorded terminal outcome and source-specific caveats.	No promotion from a PASS marker alone; no gamma-as-error or unsupported deployment/IID claim.	"""SEPARATE_STAGE89J_LOCAL_TRANSITION_TUBE_COVERAGE_REMEDIATION_PROTOCOL_FREEZE_ONLY"""	status=PASS_STAGE89I_REVIEWED_STAGE89G_FAILURE_INTERPRETATION_CLOSURE	CURRENT_STAGE89I_STAGE89G_FAILURE_INTERPRETATION_CLOSURE_V001.txt	5	SOURCE_DOCUMENTS_HASHED_NOT_RERUN	PASS_STAGE89I_REVIEWED_STAGE89G_FAILURE_INTERPRETATION_CLOSURE	CONFIRMED_TRAIN109_LOCAL_APPLICABILITY_DEFICIENCY; FORCE_ACCURACY_FAILURE_NOT_ESTABLISHED	SOURCE_VERDICT_REVIEW_NO_SCIENTIFIC_RERUN	OWN_ATTEMPT_SOURCE
12_transition_tube/v089n_train112_local_remediation_protocol_freeze_v001	12_transition_tube	${PROJECT_ROOT}/12_transition_tube/versions/v089n_train112_local_remediation_protocol_freeze_v001/attempt_20260913T012208Z	TECHNICAL_FAIL	${PROJECT_ROOT}/12_transition_tube/versions/v089n_r1_train112_local_remediation_protocol_freeze_serialization_guard_repair_v001/attempt_20260913T124617Z/STAGE89N_R1_TERMINAL_DECISION.json	594952dddf04f694b53c269545a752d1fb184a91c8011238cbc3f4895679c8ac	UNKNOWN	UNKNOWN	UNKNOWN	UNKNOWN	Exact-bit serialization guard issue.	${PROJECT_ROOT}/12_transition_tube/versions/v089n_r1_train112_local_remediation_protocol_freeze_serialization_guard_repair_v001/attempt_20260913T124617Z	PROTOCOL_SPECIFIC; Replay228 development; Challenge4 non-IID; Blind12 not accessed	Exact-bit serialization guard issue.	No promotion from a PASS marker alone; no gamma-as-error or unsupported deployment/IID claim.	NO_AUTOMATIC_ACTION_FROM_THIS_AUDIT	source_status=PASS_STAGE89N_R1_TRAIN112_LOCAL_REMEDIATION_PROTOCOL_FREEZE_SERIALIZATION_GUARD_REPAIR		0	SOURCE_DOCUMENTS_HASHED_NOT_RERUN	HISTORICAL_FALSE_NEGATIVE_SERIALIZATION_GUARD_CONFIRMED_BY_R1	NOT_ADJUDICATED_IN_THIS_RECORD	SOURCE_VERDICT_REVIEW_NO_SCIENTIFIC_RERUN	SUCCESSOR_CONFIRMS_HISTORICAL_TECHNICAL_FAILURE
12_transition_tube/v089s_train112_selector_rebuild_and_validation_execution_v001	12_transition_tube	${PROJECT_ROOT}/12_transition_tube/versions/v089s_train112_selector_rebuild_and_validation_execution_v001/attempt_20260913T184726Z	TECHNICAL_FAIL	${PROJECT_ROOT}/12_transition_tube/versions/v089s_train112_selector_rebuild_and_validation_execution_v001/attempt_20260913T184726Z/TECHNICAL_FAILURE.json	399d8b9acc978c218472aac402963c6bd799c27be210c8de2fc86943518b8555	UNKNOWN	0	0	0	Obsolete Train92 cardinality check after emitting calibration data.	${PROJECT_ROOT}/12_transition_tube/versions/v089w_train112_selector_validation_recovery_continuation_execution_v001/attempt_20260913T221142Z	PROTOCOL_SPECIFIC; Replay228 development; Challenge4 non-IID; Blind12 not accessed	Obsolete Train92 cardinality check after emitting calibration data.	No promotion from a PASS marker alone; no gamma-as-error or unsupported deployment/IID claim.	NO_AUTOMATIC_ACTION_FROM_THIS_AUDIT	source_status=	CURRENT_STAGE89S_TRAIN112_SELECTOR_REBUILD_AND_VALIDATION_EXECUTION_V001.txt	3	SOURCE_DOCUMENTS_HASHED_NOT_RERUN	TECHNICAL_EXECUTION_FAILURE	NOT_ADJUDICATED_IN_THIS_RECORD	SOURCE_VERDICT_REVIEW_NO_SCIENTIFIC_RERUN	OWN_ATTEMPT_SOURCE
12_transition_tube/v089t_r1_stage89s_technical_failure_independent_recovery_review_header_schema_repair_v001	12_transition_tube	${PROJECT_ROOT}/12_transition_tube/versions/v089t_r1_stage89s_technical_failure_independent_recovery_review_header_schema_repair_v001/attempt_20260913T194808Z	AUTHORITATIVE_WITH_CAVEAT	${PROJECT_ROOT}/12_transition_tube/versions/v089t_r1_stage89s_technical_failure_independent_recovery_review_header_schema_repair_v001/attempt_20260913T194808Z/STAGE89T_R1_REVIEW_VERDICT.json	ab9a0cead760b2998f482d5a21f3af47e8d853d6593e671e3a573baca52384e0	UNKNOWN	UNKNOWN	UNKNOWN	UNKNOWN	Successful R1 recovery review of Stage89S technical failure, explicitly scientific_failure_established=false. Earlier failed review remains TECHNICAL_FAIL.		PROTOCOL_SPECIFIC; Replay228 development; Challenge4 non-IID; Blind12 not accessed	Successful R1 recovery review of Stage89S technical failure, explicitly scientific_failure_established=false. Earlier failed review remains TECHNICAL_FAIL.	No promotion from a PASS marker alone; no gamma-as-error or unsupported deployment/IID claim.	NO_NEW_SCIENCE; USE_CURRENT_SOURCE_BASED_LEDGER_V005	status=PASS_STAGE89T_R1_STAGE89S_TECHNICAL_FAILURE_INDEPENDENT_RECOVERY_REVIEW_HEADER_SCHEMA_REPAIR	CURRENT_STAGE89T_R1_STAGE89S_TECHNICAL_FAILURE_INDEPENDENT_RECOVERY_REVIEW_HEADER_SCHEMA_REPAIR_V001.txt	6	SOURCE_DOCUMENTS_HASHED_NOT_RERUN	PASS_STAGE89T_R1_STAGE89S_TECHNICAL_FAILURE_INDEPENDENT_RECOVERY_REVIEW_HEADER_SCHEMA_REPAIR	STAGE89S_TECHNICAL_FAILURE; SCIENTIFIC_FAILURE_NOT_ESTABLISHED	SOURCE_VERDICT_REVIEW_NO_SCIENTIFIC_RERUN	OWN_ATTEMPT_SOURCE
12_transition_tube/v089t_stage89s_technical_failure_independent_recovery_review_v001	12_transition_tube	${PROJECT_ROOT}/12_transition_tube/versions/v089t_stage89s_technical_failure_independent_recovery_review_v001/attempt_20260913T193332Z	TECHNICAL_FAIL	${PROJECT_ROOT}/12_transition_tube/versions/v089t_r1_stage89s_technical_failure_independent_recovery_review_header_schema_repair_v001/attempt_20260913T194808Z/STAGE89T_R1_REVIEW_VERDICT.json	ab9a0cead760b2998f482d5a21f3af47e8d853d6593e671e3a573baca52384e0	UNKNOWN	UNKNOWN	UNKNOWN	UNKNOWN	Stale reviewer header schema.	${PROJECT_ROOT}/12_transition_tube/versions/v089t_r1_stage89s_technical_failure_independent_recovery_review_header_schema_repair_v001/attempt_20260913T194808Z	PROTOCOL_SPECIFIC; Replay228 development; Challenge4 non-IID; Blind12 not accessed	Stale reviewer header schema.	No promotion from a PASS marker alone; no gamma-as-error or unsupported deployment/IID claim.	NO_AUTOMATIC_ACTION_FROM_THIS_AUDIT	source_status=PASS_STAGE89T_R1_STAGE89S_TECHNICAL_FAILURE_INDEPENDENT_RECOVERY_REVIEW_HEADER_SCHEMA_REPAIR	CURRENT_STAGE89T_STAGE89S_TECHNICAL_FAILURE_INDEPENDENT_RECOVERY_REVIEW_V001.txt	0	SOURCE_DOCUMENTS_HASHED_NOT_RERUN	HISTORICAL_STALE_REVIEW_HEADER_SCHEMA_CONFIRMED_BY_R1	NOT_ADJUDICATED_IN_THIS_RECORD	SOURCE_VERDICT_REVIEW_NO_SCIENTIFIC_RERUN	SUCCESSOR_CONFIRMS_HISTORICAL_TECHNICAL_FAILURE
12_transition_tube/v089u_stage89s_technical_failure_interpretation_closure_v001	12_transition_tube	${PROJECT_ROOT}/12_transition_tube/versions/v089u_stage89s_technical_failure_interpretation_closure_v001/attempt_20260913T212543Z	AUTHORITATIVE_WITH_CAVEAT	${PROJECT_ROOT}/12_transition_tube/versions/v089u_stage89s_technical_failure_interpretation_closure_v001/attempt_20260913T212543Z/STAGE89U_TERMINAL_DECISION.json	47689c4b29bf90aa0b965da34f3439cebc21680ae745394095802c7d83f1ad6b	false	0	0	0	Successful interpretation closure of Stage89S technical failure; no gamma or A2 adjudication and no model promotion.		PROTOCOL_SPECIFIC; Replay228 development; Challenge4 non-IID; Blind12 not accessed	Successful interpretation closure of Stage89S technical failure; no gamma or A2 adjudication and no model promotion.	No promotion from a PASS marker alone; no gamma-as-error or unsupported deployment/IID claim.	NO_NEW_SCIENCE; USE_CURRENT_SOURCE_BASED_LEDGER_V005	status=PASS_STAGE89U_STAGE89S_TECHNICAL_FAILURE_INTERPRETATION_CLOSURE	CURRENT_STAGE89U_STAGE89S_TECHNICAL_FAILURE_INTERPRETATION_CLOSURE_V001.txt	6	SOURCE_DOCUMENTS_HASHED_NOT_RERUN	PASS_STAGE89U_STAGE89S_TECHNICAL_FAILURE_INTERPRETATION_CLOSURE	STAGE89S_TECHNICAL_FAILURE; SCIENTIFIC_FAILURE_NOT_ESTABLISHED	SOURCE_VERDICT_REVIEW_NO_SCIENTIFIC_RERUN	OWN_ATTEMPT_SOURCE
12_transition_tube/v089w_train112_selector_validation_recovery_continuation_execution_v001	12_transition_tube	${PROJECT_ROOT}/12_transition_tube/versions/v089w_train112_selector_validation_recovery_continuation_execution_v001/attempt_20260913T221142Z	SCIENTIFIC_FAIL	${PROJECT_ROOT}/12_transition_tube/versions/v089w_train112_selector_validation_recovery_continuation_execution_v001/attempt_20260913T221142Z/STAGE89W_TERMINAL_DECISION.json	32a82ae4cdd30397d46c15e4badb5c357079074cd7b22962d6470792ded147a4	true	0	0	0	Execution completed; validation8 A2 passed, Replay228 applicability failed with four crossings.		PROTOCOL_SPECIFIC; Replay228 development; Challenge4 non-IID; Blind12 not accessed	Execution completed; validation8 A2 passed, Replay228 applicability failed with four crossings.	No promotion from a PASS marker alone; no gamma-as-error or unsupported deployment/IID claim.	"""SEPARATE_STAGE89X_STAGE89W_RECOVERY_CONTINUATION_EXECUTION_INDEPENDENT_REVIEW_BEFORE_ANY_INTERPRETATION_OR_GATE1_FREEZE"""	status=PASS_STAGE89W_TRAIN112_SELECTOR_VALIDATION_RECOVERY_CONTINUATION_EXECUTION	CURRENT_STAGE89W_TRAIN112_SELECTOR_VALIDATION_RECOVERY_CONTINUATION_EXECUTION_V001.txt	10	SOURCE_DOCUMENTS_HASHED_NOT_RERUN	PASS_STAGE89W_TRAIN112_SELECTOR_VALIDATION_RECOVERY_CONTINUATION_EXECUTION	TRAIN112_NOT_READY_FOR_GATE1; REPLAY228_COVERAGE_CHECK_FAIL	SOURCE_VERDICT_REVIEW_NO_SCIENTIFIC_RERUN	OWN_ATTEMPT_SOURCE
12_transition_tube/v089y_r1_stage89w_selector_validation_execution_interpretation_closure_runtime_hash_lock_repair_v001	12_transition_tube	${PROJECT_ROOT}/12_transition_tube/versions/v089y_r1_stage89w_selector_validation_execution_interpretation_closure_runtime_hash_lock_repair_v001/attempt_20260914T000740Z	AUTHORITATIVE_WITH_CAVEAT	${PROJECT_ROOT}/12_transition_tube/versions/v089y_r1_stage89w_selector_validation_execution_interpretation_closure_runtime_hash_lock_repair_v001/attempt_20260914T000740Z/STAGE89Y_R1_TERMINAL_DECISION.json	f5c3fb754b64587795bd2de668a922a929b9c3c034e2178d6743b426006ae1f3	false	0	0	0	Closure of four crossings; Replay228 is development data.		PROTOCOL_SPECIFIC; Replay228 development; Challenge4 non-IID; Blind12 not accessed	Closure of four crossings; Replay228 is development data.	No promotion from a PASS marker alone; no gamma-as-error or unsupported deployment/IID claim.	"""SEPARATE_STAGE89Z_REPLAY197_200_APPLICABILITY_REMEDIATION_PROTOCOL_FREEZE_ONLY"""	status=PASS_STAGE89Y_R1_STAGE89W_SELECTOR_VALIDATION_EXECUTION_INTERPRETATION_CLOSURE_RUNTIME_HASH_LOCK_REPAIR; interpretation_class=CONFIRMED_LOCAL_STATIC_APPLICABILITY_COVERAGE_DEFICIENCY_ON_STAGE89G_REPLAY_FRAMES_197_200_UNDER_PREREGISTERED_TRAIN112_EF_NORMMATCH_X0P1	CURRENT_STAGE89Y_R1_STAGE89W_SELECTOR_VALIDATION_EXECUTION_INTERPRETATION_CLOSURE_RUNTIME_HASH_LOCK_REPAIR_V001.txt	7	SOURCE_DOCUMENTS_HASHED_NOT_RERUN	PASS_STAGE89Y_R1_STAGE89W_SELECTOR_VALIDATION_EXECUTION_INTERPRETATION_CLOSURE_RUNTIME_HASH_LOCK_REPAIR	NOT_ADJUDICATED_IN_THIS_RECORD	SOURCE_VERDICT_REVIEW_NO_SCIENTIFIC_RERUN	OWN_ATTEMPT_SOURCE
12_transition_tube/v090i_train115_force_scale_selector_and_validation_execution_v001	12_transition_tube	${PROJECT_ROOT}/12_transition_tube/versions/v090i_train115_force_scale_selector_and_validation_execution_v001/attempt_20260914T181248Z	TECHNICAL_FAIL	${PROJECT_ROOT}/12_transition_tube/versions/v090i_train115_force_scale_selector_and_validation_execution_v001/attempt_20260914T181248Z/TECHNICAL_FAILURE.json	c548ce9fd27e7da8e94aa1a3e1debfcfbb5a1306ba1339dff576855eafc9c148	UNKNOWN	0	0	0	Complete calibration TSV with nonzero exit; review prior to reuse.	${PROJECT_ROOT}/12_transition_tube/versions/v090m_stage90i_recovery_continuation_execution_v001/attempt_20260914T190725Z	PROTOCOL_SPECIFIC; Replay228 development; Challenge4 non-IID; Blind12 not accessed	Complete calibration TSV with nonzero exit; review prior to reuse.	No promotion from a PASS marker alone; no gamma-as-error or unsupported deployment/IID claim.	NO_AUTOMATIC_ACTION_FROM_THIS_AUDIT	source_status=	CURRENT_STAGE90I_TRAIN115_FORCE_SCALE_SELECTOR_AND_VALIDATION_EXECUTION_V001.txt	4	SOURCE_DOCUMENTS_HASHED_NOT_RERUN	TECHNICAL_EXECUTION_FAILURE	NOT_ADJUDICATED_IN_THIS_RECORD	SOURCE_VERDICT_REVIEW_NO_SCIENTIFIC_RERUN	OWN_ATTEMPT_SOURCE
12_transition_tube/v090j_stage90i_partial_selector_calibration_failure_independent_recovery_review_v001	12_transition_tube	${PROJECT_ROOT}/12_transition_tube/versions/v090j_stage90i_partial_selector_calibration_failure_independent_recovery_review_v001/attempt_20260914T182322Z	AUTHORITATIVE_WITH_CAVEAT	${PROJECT_ROOT}/12_transition_tube/versions/v090j_stage90i_partial_selector_calibration_failure_independent_recovery_review_v001/attempt_20260914T182322Z/STAGE90J_REVIEW_VERDICT.json	f854bce548558c135b3be179ce7e8f4a7677eb1987552d932a84f0ea2d5ec0d6	false	0	0	0	Successful recovery review of Stage90I partial calibration failure. Reviewed failure belongs to Stage90I; no new scientific outcome was adjudicated.		PROTOCOL_SPECIFIC; Replay228 development; Challenge4 non-IID; Blind12 not accessed	Successful recovery review of Stage90I partial calibration failure. Reviewed failure belongs to Stage90I; no new scientific outcome was adjudicated.	No promotion from a PASS marker alone; no gamma-as-error or unsupported deployment/IID claim.	NO_NEW_SCIENCE; USE_CURRENT_SOURCE_BASED_LEDGER_V005	status=PASS_STAGE90J_STAGE90I_PARTIAL_SELECTOR_CALIBRATION_FAILURE_INDEPENDENT_RECOVERY_REVIEW	CURRENT_STAGE90J_STAGE90I_PARTIAL_SELECTOR_CALIBRATION_FAILURE_INDEPENDENT_RECOVERY_REVIEW_V001.txt	6	SOURCE_DOCUMENTS_HASHED_NOT_RERUN	PASS_STAGE90J_STAGE90I_PARTIAL_SELECTOR_CALIBRATION_FAILURE_INDEPENDENT_RECOVERY_REVIEW	STAGE90I_TECHNICAL_PARTIAL_CALIBRATION_FAILURE; A2_AND_GAMMA_NOT_ADJUDICATED	SOURCE_VERDICT_REVIEW_NO_SCIENTIFIC_RERUN	OWN_ATTEMPT_SOURCE
12_transition_tube/v090k_stage90i_partial_selector_calibration_failure_interpretation_closure_v001	12_transition_tube	${PROJECT_ROOT}/12_transition_tube/versions/v090k_stage90i_partial_selector_calibration_failure_interpretation_closure_v001/attempt_20260914T184023Z	AUTHORITATIVE_WITH_CAVEAT	${PROJECT_ROOT}/12_transition_tube/versions/v090k_stage90i_partial_selector_calibration_failure_interpretation_closure_v001/attempt_20260914T184023Z/STAGE90K_TERMINAL_DECISION.json	54368d3497c29daf131fdd95bdad1b31d3e16921f9c890cb9b34f68ba43816db	false	0	0	0	Successful closure identifying obsolete Train92 cardinality guard. No force/gamma adjudication or deployment pass.		PROTOCOL_SPECIFIC; Replay228 development; Challenge4 non-IID; Blind12 not accessed	Successful closure identifying obsolete Train92 cardinality guard. No force/gamma adjudication or deployment pass.	No promotion from a PASS marker alone; no gamma-as-error or unsupported deployment/IID claim.	NO_NEW_SCIENCE; USE_CURRENT_SOURCE_BASED_LEDGER_V005	status=PASS_STAGE90K_STAGE90I_PARTIAL_SELECTOR_CALIBRATION_FAILURE_INTERPRETATION_CLOSURE	CURRENT_STAGE90K_STAGE90I_PARTIAL_SELECTOR_CALIBRATION_FAILURE_INTERPRETATION_CLOSURE_V001.txt	6	SOURCE_DOCUMENTS_HASHED_NOT_RERUN	PASS_STAGE90K_STAGE90I_PARTIAL_SELECTOR_CALIBRATION_FAILURE_INTERPRETATION_CLOSURE	STAGE90I_TECHNICAL_PARTIAL_CALIBRATION_FAILURE; A2_AND_GAMMA_NOT_ADJUDICATED	SOURCE_VERDICT_REVIEW_NO_SCIENTIFIC_RERUN	OWN_ATTEMPT_SOURCE
12_transition_tube/v090m_stage90i_recovery_continuation_execution_v001	12_transition_tube	${PROJECT_ROOT}/12_transition_tube/versions/v090m_stage90i_recovery_continuation_execution_v001/attempt_20260914T190725Z	TECHNICAL_FAIL	${PROJECT_ROOT}/12_transition_tube/versions/v090m_stage90i_recovery_continuation_execution_v001/attempt_20260914T190725Z/TECHNICAL_FAILURE.json	330dd0f6c9dd74fb8117f9a3108d20d748206efd20530fa2d2a149a199408117	UNKNOWN	0	0	0	Four selector calls completed before calc-efs; static applicability failure separate.	${PROJECT_ROOT}/12_transition_tube/versions/v090o_stage90m_partial_continuation_execution_interpretation_closure_v001/attempt_20260914T194850Z	PROTOCOL_SPECIFIC; Replay228 development; Challenge4 non-IID; Blind12 not accessed	Four selector calls completed before calc-efs; static applicability failure separate.	No promotion from a PASS marker alone; no gamma-as-error or unsupported deployment/IID claim.	NO_AUTOMATIC_ACTION_FROM_THIS_AUDIT	source_status=	CURRENT_STAGE90M_STAGE90I_RECOVERY_CONTINUATION_EXECUTION_V001.txt	5	SOURCE_DOCUMENTS_HASHED_NOT_RERUN	TECHNICAL_EXECUTION_FAILURE	NOT_ADJUDICATED_IN_THIS_RECORD	SOURCE_VERDICT_REVIEW_NO_SCIENTIFIC_RERUN	OWN_ATTEMPT_SOURCE
12_transition_tube/v090o_stage90m_partial_continuation_execution_interpretation_closure_v001	12_transition_tube	${PROJECT_ROOT}/12_transition_tube/versions/v090o_stage90m_partial_continuation_execution_interpretation_closure_v001/attempt_20260914T194850Z	AUTHORITATIVE_WITH_CAVEAT	${PROJECT_ROOT}/12_transition_tube/versions/v090o_stage90m_partial_continuation_execution_interpretation_closure_v001/attempt_20260914T194850Z/STAGE90O_TERMINAL_DECISION.json	b763df5c96d990d3a5aad3d1a26cf50ba2c40ca5d0668203f9592e3e5dc184fb	false	0	0	0	Partial execution closed, Train115 eight Replay228 crossings.		PROTOCOL_SPECIFIC; Replay228 development; Challenge4 non-IID; Blind12 not accessed	Partial execution closed, Train115 eight Replay228 crossings.	No promotion from a PASS marker alone; no gamma-as-error or unsupported deployment/IID claim.	"""SEPARATE_STAGE90P_VALIDATION11_SINGLE_CALC_EFS_RECOVERY_PROTOCOL_FREEZE_ONLY"""	status=PASS_STAGE90O_STAGE90M_PARTIAL_CONTINUATION_EXECUTION_INTERPRETATION_CLOSURE	CURRENT_STAGE90O_STAGE90M_PARTIAL_CONTINUATION_EXECUTION_INTERPRETATION_CLOSURE_V001.txt	6	SOURCE_DOCUMENTS_HASHED_NOT_RERUN	PASS_STAGE90O_STAGE90M_PARTIAL_CONTINUATION_EXECUTION_INTERPRETATION_CLOSURE	NOT_ADJUDICATED_IN_THIS_RECORD	SOURCE_VERDICT_REVIEW_NO_SCIENTIFIC_RERUN	OWN_ATTEMPT_SOURCE
12_transition_tube/v090q_validation11_single_calc_efs_recovery_execution_v001	12_transition_tube	${PROJECT_ROOT}/12_transition_tube/versions/v090q_validation11_single_calc_efs_recovery_execution_v001/attempt_20260914T202151Z	TECHNICAL_FAIL	${PROJECT_ROOT}/12_transition_tube/versions/v090q_validation11_single_calc_efs_recovery_execution_v001/attempt_20260914T202151Z/TECHNICAL_FAILURE.json	a189f58b21965b60c3e367511768e30168453da1f89856799f21ee0a84591996	UNKNOWN	0	0	0	Own TECHNICAL_FAILURE.json establishes pair-distance serialization nonconformance after one saved Validation11 evaluation. Static applicability failure is separately carried forward.	${PROJECT_ROOT}/12_transition_tube/versions/v090s_stage90q_single_calc_efs_execution_interpretation_closure_v001/attempt_20260914T214335Z	PROTOCOL_SPECIFIC; Replay228 development; Challenge4 non-IID; Blind12 not accessed	Own TECHNICAL_FAILURE.json establishes pair-distance serialization nonconformance after one saved Validation11 evaluation. Static applicability failure is separately carried forward.	No promotion from a PASS marker alone; no gamma-as-error or unsupported deployment/IID claim.	NO_NEW_SCIENCE; USE_CURRENT_SOURCE_BASED_LEDGER_V005	source_status=	CURRENT_STAGE90Q_VALIDATION11_SINGLE_CALC_EFS_RECOVERY_EXECUTION_V001.txt	5	SOURCE_DOCUMENTS_HASHED_NOT_RERUN	TECHNICAL_EXECUTION_FAILURE	TRAIN115_STATIC_APPLICABILITY_FAILURE_RETAINED; PAIR_SERIALIZATION_NONCONFORMANCE_RETAINED	SOURCE_VERDICT_REVIEW_NO_SCIENTIFIC_RERUN	OWN_ATTEMPT_SOURCE
12_transition_tube/v090s_stage90q_single_calc_efs_execution_interpretation_closure_v001	12_transition_tube	${PROJECT_ROOT}/12_transition_tube/versions/v090s_stage90q_single_calc_efs_execution_interpretation_closure_v001/attempt_20260914T214335Z	AUTHORITATIVE_WITH_CAVEAT	${PROJECT_ROOT}/12_transition_tube/versions/v090s_stage90q_single_calc_efs_execution_interpretation_closure_v001/attempt_20260914T214335Z/STAGE90S_TERMINAL_DECISION.json	22d24d5f4d71fa3678457e42f58cc5733c66044ac9d5c7b8630aeaae9feebf87	false	0	0	0	11/11 A2 passed from saved payload; serialization nonconformance remains.		PROTOCOL_SPECIFIC; Replay228 development; Challenge4 non-IID; Blind12 not accessed	11/11 A2 passed from saved payload; serialization nonconformance remains.	No promotion from a PASS marker alone; no gamma-as-error or unsupported deployment/IID claim.	"""SEPARATE_STAGE90T_REPLAY228_EIGHT_CROSSING_LOCALIZATION_AND_APPLICABILITY_REMEDIATION_PROTOCOL_FREEZE_BEFORE_ANY_NEW_DFT_TRAINING_OR_SELECTOR_SWITCH"""	status=PASS_STAGE90S_STAGE90Q_SINGLE_CALC_EFS_EXECUTION_INTERPRETATION_CLOSURE	CURRENT_STAGE90S_STAGE90Q_SINGLE_CALC_EFS_EXECUTION_INTERPRETATION_CLOSURE_V001.txt	7	SOURCE_DOCUMENTS_HASHED_NOT_RERUN	PASS_STAGE90S_STAGE90Q_SINGLE_CALC_EFS_EXECUTION_INTERPRETATION_CLOSURE	TRAIN115_STATIC_APPLICABILITY_FAILURE_RETAINED; PAIR_SERIALIZATION_NONCONFORMANCE_RETAINED	SOURCE_VERDICT_REVIEW_NO_SCIENTIFIC_RERUN	OWN_ATTEMPT_SOURCE
12_transition_tube/v091b_train119_dataset_construction_execution_v001	12_transition_tube	${PROJECT_ROOT}/12_transition_tube/versions/v091b_train119_dataset_construction_execution_v001/attempt_20260915T210014Z	AUTHORITATIVE_WITH_CAVEAT	${PROJECT_ROOT}/12_transition_tube/versions/v091b_train119_dataset_construction_execution_v001/attempt_20260915T210014Z/STAGE91B_TERMINAL_DECISION.json	5f86c0c8abacfd378e4d6603a2c2049937c6215908e524dfb835942252e9ae33	false	0	0	UNKNOWN	Train119 dataset/training/review authority, not fresh validation.		PROTOCOL_SPECIFIC; Replay228 development; Challenge4 non-IID; Blind12 not accessed	Train119 dataset/training/review authority, not fresh validation.	No promotion from a PASS marker alone; no gamma-as-error or unsupported deployment/IID claim.	"""SEPARATE_STAGE91C_STAGE91B_TRAIN119_DATASET_CONSTRUCTION_INDEPENDENT_REVIEW_BEFORE_ANY_TRAINING_FREEZE"""	status=PASS_STAGE91B_TRAIN119_DATASET_CONSTRUCTION_EXECUTION	CURRENT_STAGE91B_TRAIN119_DATASET_CONSTRUCTION_EXECUTION_V001.txt	6	SOURCE_DOCUMENTS_HASHED_NOT_RERUN	PASS_STAGE91B_TRAIN119_DATASET_CONSTRUCTION_EXECUTION	NOT_ADJUDICATED_IN_THIS_RECORD	SOURCE_VERDICT_REVIEW_NO_SCIENTIFIC_RERUN	OWN_ATTEMPT_SOURCE
12_transition_tube/v091f_train119_deterministic_training_execution_v001	12_transition_tube	${PROJECT_ROOT}/12_transition_tube/versions/v091f_train119_deterministic_training_execution_v001/attempt_20260915T214939Z	AUTHORITATIVE_WITH_CAVEAT	${PROJECT_ROOT}/12_transition_tube/versions/v091f_train119_deterministic_training_execution_v001/attempt_20260915T214939Z/STAGE91F_TERMINAL_DECISION.json	1ba66f8513dbd3058b4cb676b2b83af1272e8bf1c5eb2b4bea9aec5cbd89e9b5	UNKNOWN	0	2	0	Train119 dataset/training/review authority, not fresh validation.		PROTOCOL_SPECIFIC; Replay228 development; Challenge4 non-IID; Blind12 not accessed	Train119 dataset/training/review authority, not fresh validation.	No promotion from a PASS marker alone; no gamma-as-error or unsupported deployment/IID claim.	"""SEPARATE_STAGE91G_STAGE91F_TRAIN119_DETERMINISTIC_TRAINING_EXECUTION_INDEPENDENT_REVIEW_BEFORE_ANY_SELECTOR_OR_VALIDATION_PROTOCOL_FREEZE"""	status=PASS_STAGE91F_TRAIN119_DETERMINISTIC_TRAINING_EXECUTION	CURRENT_STAGE91F_TRAIN119_DETERMINISTIC_TRAINING_EXECUTION_V001.txt	6	SOURCE_DOCUMENTS_HASHED_NOT_RERUN	PASS_STAGE91F_TRAIN119_DETERMINISTIC_TRAINING_EXECUTION	NOT_ADJUDICATED_IN_THIS_RECORD	SOURCE_VERDICT_REVIEW_NO_SCIENTIFIC_RERUN	OWN_ATTEMPT_SOURCE
12_transition_tube/v091g_r1_stage91f_train119_deterministic_training_execution_independent_review_v001	12_transition_tube	${PROJECT_ROOT}/12_transition_tube/versions/v091g_r1_stage91f_train119_deterministic_training_execution_independent_review_v001/attempt_20260915T220258Z	AUTHORITATIVE_WITH_CAVEAT	${PROJECT_ROOT}/12_transition_tube/versions/v091g_r1_stage91f_train119_deterministic_training_execution_independent_review_v001/attempt_20260915T220258Z/STAGE91G_REVIEW_VERDICT.json	49f890a35e673b535ad8aed969023f11cfb24536724b4b7cb3229bc2a89f79b8	UNKNOWN	0	UNKNOWN	UNKNOWN	Train119 dataset/training/review authority, not fresh validation.		PROTOCOL_SPECIFIC; Replay228 development; Challenge4 non-IID; Blind12 not accessed	Train119 dataset/training/review authority, not fresh validation.	No promotion from a PASS marker alone; no gamma-as-error or unsupported deployment/IID claim.	"""SEPARATE_STAGE91H_STAGE91F_TRAIN119_DETERMINISTIC_TRAINING_EXECUTION_INTERPRETATION_CLOSURE_BEFORE_ANY_SELECTOR_OR_VALIDATION_PROTOCOL_FREEZE"""	status=PASS_STAGE91G_R1_STAGE91F_TRAIN119_DETERMINISTIC_TRAINING_EXECUTION_INDEPENDENT_REVIEW	CURRENT_STAGE91G_R1_STAGE91F_TRAIN119_DETERMINISTIC_TRAINING_EXECUTION_INDEPENDENT_REVIEW_V001.txt	6	SOURCE_DOCUMENTS_HASHED_NOT_RERUN	PASS_STAGE91G_R1_STAGE91F_TRAIN119_DETERMINISTIC_TRAINING_EXECUTION_INDEPENDENT_REVIEW	NOT_ADJUDICATED_IN_THIS_RECORD	SOURCE_VERDICT_REVIEW_NO_SCIENTIFIC_RERUN	OWN_ATTEMPT_SOURCE
12_transition_tube/v091h_stage91f_train119_deterministic_training_execution_interpretation_closure_v001	12_transition_tube	${PROJECT_ROOT}/12_transition_tube/versions/v091h_stage91f_train119_deterministic_training_execution_interpretation_closure_v001/attempt_20260915T220700Z	AUTHORITATIVE_WITH_CAVEAT	${PROJECT_ROOT}/12_transition_tube/versions/v091h_stage91f_train119_deterministic_training_execution_interpretation_closure_v001/attempt_20260915T220700Z/STAGE91H_TERMINAL_DECISION.json	0a4e9e9c69a474ddf5356b542087124f82e19742e680d3002875923842a82702	false	0	0	UNKNOWN	Train119 dataset/training/review authority, not fresh validation.		PROTOCOL_SPECIFIC; Replay228 development; Challenge4 non-IID; Blind12 not accessed	Train119 dataset/training/review authority, not fresh validation.	No promotion from a PASS marker alone; no gamma-as-error or unsupported deployment/IID claim.	"""SEPARATE_STAGE91I_TRAIN119_POST_TRAINING_VALIDATION_AND_APPLICABILITY_PROTOCOL_FREEZE_ONLY"""	status=PASS_STAGE91H_STAGE91F_TRAIN119_DETERMINISTIC_TRAINING_EXECUTION_INTERPRETATION_CLOSURE	CURRENT_STAGE91H_STAGE91F_TRAIN119_DETERMINISTIC_TRAINING_EXECUTION_INTERPRETATION_CLOSURE_V001.txt	8	SOURCE_DOCUMENTS_HASHED_NOT_RERUN	PASS_STAGE91H_STAGE91F_TRAIN119_DETERMINISTIC_TRAINING_EXECUTION_INTERPRETATION_CLOSURE	NOT_ADJUDICATED_IN_THIS_RECORD	SOURCE_VERDICT_REVIEW_NO_SCIENTIFIC_RERUN	OWN_ATTEMPT_SOURCE
AUDIT_20261002/VALIDATION11_GEOMETRY	AUDIT_20261002	${PROJECT_ROOT}/13_completion_20261002	AUTHORITATIVE_WITH_CAVEAT	${PROJECT_ROOT}/13_completion_20261002/00_PREFLIGHT/NEW_VALIDATION11_GEOMETRY_FINDING.json	01f84ddca8b5d7465d891bd85f6899f269e418799bf4b772f711d5495e0e3d36	false	0	0	0	One validation endpoint is rigid-translation-equivalent to Train119 index9; two additional near cases at serialization scale.		Validation11 is not a fully independent holdout.	Exact-to-input-precision endpoint overlap; the other two pairs are near-duplicates, not proven exact.	Do not describe Validation11 as eleven independent held-out geometries; do not change a frozen split silently.	READ_ONLY_INTERPRETATION_REVIEW_BEFORE_AUTOMATIC_PROMPT2_EXECUTION	NEW_GEOMETRIC_LIMITATION_CONFIRMED		1	INDEPENDENT_CFG_GEOMETRY_RECOMPUTATION	NO_OWN_TERMINAL_STATUS	NOT_ADJUDICATED_IN_THIS_RECORD	SOURCE_VERDICT_REVIEW_NO_SCIENTIFIC_RERUN	OWN_ATTEMPT_SOURCE
12_transition_tube/v091ia_validation11_independence_adjudication_v001	12_transition_tube	${PROJECT_ROOT}/12_transition_tube/versions/v091ia_validation11_independence_adjudication_v001/attempt_20261002T062955Z	AUTHORITATIVE_WITH_CAVEAT	${PROJECT_ROOT}/12_transition_tube/versions/v091ia_validation11_independence_adjudication_v001/attempt_20261002T062955Z/STAGE91IA_ADJUDICATION.json	5f58e9b12ddbe494edea542b7a2a7ec25122e7a7fc9b87483fcf7c9034f7f0e6	see source				Validation11 contains one exact training geometry overlap and two serialization-scale near-duplicates; membership and A2 unchanged.		Validation11 NOT independent holdout	Frozen Validation11 diagnostic interpretation boundary	11 independent holdout/generalization pass	Stage91J under unchanged lock	source_status=PASS_STAGE91IA_VALIDATION11_INDEPENDENCE_ADJUDICATION			SOURCE_DOCUMENTS_HASHED_NOT_RERUN	PASS_STAGE91IA_VALIDATION11_INDEPENDENCE_ADJUDICATION	NOT_ADJUDICATED_IN_THIS_RECORD	SOURCE_VERDICT_REVIEW_NO_SCIENTIFIC_RERUN	OWN_ATTEMPT_SOURCE
12_transition_tube/v091j_train119_post_training_validation_and_applicability_execution_v001	12_transition_tube	${PROJECT_ROOT}/12_transition_tube/versions/v091j_train119_post_training_validation_and_applicability_execution_v001/attempt_20261002T063825Z	TECHNICAL_FAIL	${PROJECT_ROOT}/12_transition_tube/versions/v091j_train119_post_training_validation_and_applicability_execution_v001/attempt_20261002T063825Z/STAGE91J_TERMINAL_DECISION.json	f3a166ddd2b810bd11f5853e4fff73494541e81fae7f928d38a184c2c74cf0d7	see source				Formal Validation11 pair-distance serialization guard nonconformance after four successful scientific processes; saved payload complete.		Validation11 not independent; Replay228 development benchmark	Fresh Train119 selector/stop, Replay228 crossings, saved Validation11 A2 diagnostic	Full Stage91J terminal PASS or independent Validation11 pass	Stage91K review	source_status=TECHNICAL_SERIALIZATION_NONCONFORMANCE_AFTER_COMPLETE_VALIDATION11_CALC_EFS			SOURCE_DOCUMENTS_HASHED_NOT_RERUN	TECHNICAL_SERIALIZATION_NONCONFORMANCE_AFTER_COMPLETE_VALIDATION11_CALC_EFS	TRAIN119_STATIC_APPLICABILITY_FAIL; FORMAL_PAIR_SERIALIZATION_FAIL; FORCE_ACCURACY_FAILURE_NOT_ESTABLISHED	SOURCE_VERDICT_REVIEW_NO_SCIENTIFIC_RERUN	OWN_ATTEMPT_SOURCE
12_transition_tube/v091l_stage91j_interpretation_closure_v001	12_transition_tube	${PROJECT_ROOT}/12_transition_tube/versions/v091l_stage91j_interpretation_closure_v001/attempt_20261002T064004Z	SCIENTIFIC_FAIL	${PROJECT_ROOT}/12_transition_tube/versions/v091l_stage91j_interpretation_closure_v001/attempt_20261002T064004Z/STAGE91L_INTERPRETATION.json	d27fb8289b3b4a02fb6f6ba46db339093dd031bf5b97d112509206b9ce63543f	see source				None beyond preserved serialization caveat; primary outcome is static applicability fail.		Replay228 adaptive development benchmark	Train119 STATIC_APPLICABILITY_FAIL; force-accuracy failure not established	Deployment-ready Train119 or Gate1 pass	No further Train119 science in this workflow	source_status=CLOSED_STAGE91J_STATIC_APPLICABILITY_FAIL			SOURCE_DOCUMENTS_HASHED_NOT_RERUN	CLOSED_STAGE91J_STATIC_APPLICABILITY_FAIL	TRAIN119_STATIC_APPLICABILITY_FAIL; FORMAL_PAIR_SERIALIZATION_FAIL; FORCE_ACCURACY_FAILURE_NOT_ESTABLISHED	SOURCE_VERDICT_REVIEW_NO_SCIENTIFIC_RERUN	OWN_ATTEMPT_SOURCE
completion/v028_rng_robustness_v001	13_completion_20261002	${PROJECT_ROOT}/13_completion_20261002/03_SCIENCE_COMPLETION/v028_rng_robustness/v002_execution	AUTHORITATIVE_WITH_CAVEAT	${PROJECT_ROOT}/13_completion_20261002/03_SCIENCE_COMPLETION/v028_rng_robustness/v002_execution/ROBUSTNESS_SUMMARY.json	71a8c1388b8dfc08f1a0461ff973ceac533d7b5c5f61f585d6927afe2be50ed4	see source				Five-seed post-publication robustness audit; small deterministic sample, not original preregistered experiment.		Uses frozen Audit21 with known endpoint overlaps; no new DFT	Original v028 basin-vs-targeted ordering is SEED_SENSITIVE; targeted wins both primary metrics 3/5 pairs	Seed-robust causal superiority of targeted allocation	GitHub correction/documentation	source_status=SEED_SENSITIVE			SOURCE_DOCUMENTS_HASHED_NOT_RERUN	SEED_SENSITIVE	SEED_SENSITIVE; HISTORICAL_INTERLEAVED_ORDER_NONCONFORMING	SOURCE_VERDICT_REVIEW_NO_SCIENTIFIC_RERUN	OWN_ATTEMPT_SOURCE
completion/v028_rng_evaluation_order_repair_execution_v004	13_completion_20261002	${PROJECT_ROOT}/13_completion_20261002/03_SCIENCE_COMPLETION/v028_rng_robustness/v004_evaluation_order_repair_execution	AUTHORITATIVE_WITH_CAVEAT	${PROJECT_ROOT}/13_completion_20261002/03_SCIENCE_COMPLETION/v028_rng_robustness/v004_evaluation_order_repair_execution/REPAIR_SUMMARY.json	b032e9af1ed3a0393dcb84ebdd769c1c61ea7b0306950ef6f2c8cc030d337b50	true	0	0	0	Post-hoc replay cannot retroactively erase historical interleaved evaluation ordering.		Post-hoc evaluation-only repair on fixed saved models	All 10 repair predictions byte-identical; metrics exact; SEED_SENSITIVE remains.	Historical v002 ordering conformance or new training claim.	Read-only independent review.	source_status=PASS_EVALUATION_ORDER_REPAIR_REPLAY			SOURCE_DOCUMENTS_HASHED_NOT_RERUN	PASS_EVALUATION_ORDER_REPAIR_REPLAY	SEED_SENSITIVE; HISTORICAL_INTERLEAVED_ORDER_RETAINED; EVALUATION_ONLY_REPAIR_COMPLETE	SOURCE_VERDICT_REVIEW_NO_SCIENTIFIC_RERUN	OWN_ATTEMPT_SOURCE
completion/v028_rng_evaluation_order_repair_closure_v006	13_completion_20261002	${PROJECT_ROOT}/13_completion_20261002/03_SCIENCE_COMPLETION/v028_rng_robustness/v006_evaluation_order_repair_closure	AUTHORITATIVE_WITH_CAVEAT	${PROJECT_ROOT}/13_completion_20261002/03_SCIENCE_COMPLETION/v028_rng_robustness/v006_evaluation_order_repair_closure/INTERPRETATION_CLOSURE.json	968dc6f8a3abc93808e376bc4bd75b83c4d4fa55a507204d02308810de3c0ff0	false	0	0	0	Historical v002 nonconformance remains part of provenance.		Post-hoc evaluation-only repair on fixed saved models	Repair replay closes train-all-then-evaluate verification; robustness remains SEED_SENSITIVE.	Erase historical nonconformance or claim seed-robust superiority.	Proceed to Prompt 3.	source_status=CLOSED_EVALUATION_ORDER_REPAIR_PASS_WITH_HISTORICAL_NONCONFORMANCE_PRESERVED			SOURCE_DOCUMENTS_HASHED_NOT_RERUN	CLOSED_EVALUATION_ORDER_REPAIR_PASS_WITH_HISTORICAL_NONCONFORMANCE_PRESERVED	SEED_SENSITIVE; HISTORICAL_INTERLEAVED_ORDER_RETAINED; EVALUATION_ONLY_REPAIR_COMPLETE	SOURCE_VERDICT_REVIEW_NO_SCIENTIFIC_RERUN	OWN_ATTEMPT_SOURCE
